{
  "global_step": [
    9933,
    9934,
    9935,
    9936,
    9937,
    9938,
    9939,
    9940,
    9941,
    9942,
    9943,
    9944,
    9945,
    9946,
    9947,
    9948,
    9949,
    9950,
    9951,
    9952,
    9953,
    9954,
    9955,
    9956,
    9957,
    9958,
    9959,
    9960,
    9961,
    9962,
    9963,
    9964,
    9965
  ],
  "experience_step": [
    32,
    32,
    32,
    32,
    32,
    32,
    32,
    32,
    32,
    32,
    32,
    32,
    32,
    32,
    32,
    32,
    32,
    32,
    32,
    32,
    32,
    32,
    32,
    32,
    32,
    32,
    32,
    32,
    32,
    32,
    32,
    32,
    8
  ],
  "rewards": [
    0.4119282066822052,
    0.5070878267288208,
    0.5306603908538818,
    0.5323528051376343,
    0.5332672595977783,
    0.5347203612327576,
    0.5399101376533508,
    0.5436409711837769,
    0.5389132499694824,
    0.5480571389198303,
    0.5386686325073242,
    0.548440158367157,
    0.5452203750610352,
    0.5447598099708557,
    0.542274534702301,
    0.546295702457428,
    0.5440738797187805,
    0.5471139550209045,
    0.5455503463745117,
    0.5388056039810181,
    0.5433441400527954,
    0.537980318069458,
    0.5400465726852417,
    0.5325233936309814,
    0.5324977040290833,
    0.5306264162063599,
    0.5303165316581726,
    0.49784404039382935,
    0.512959897518158,
    0.49078458547592163,
    0.4997590482234955,
    0.504403293132782,
    0.48893898725509644
  ],
  "stockouts": [
    0.027982953935861588,
    0.029545454308390617,
    0.010511363856494427,
    0.008664772845804691,
    0.01150568202137947,
    0.00937500037252903,
    0.0062500000931322575,
    0.0038352273404598236,
    0.004687500186264515,
    0.0038352273404598236,
    0.0038352273404598236,
    0.004545454401522875,
    0.0031250000465661287,
    0.0018465908942744136,
    0.0014204545877873898,
    0.001704545458778739,
    0.0012784090358763933,
    0.0008522727293893695,
    0.0015625000232830644,
    0.000994318164885044,
    0.000994318164885044,
    0.0007102272938936949,
    0.0005681818001903594,
    0.00042613636469468474,
    0.0005681818001903594,
    0.0002840909000951797,
    0.00042613636469468474,
    0.0002840909000951797,
    0.00042613636469468474,
    0.00042613636469468474,
    0.0002840909000951797,
    0.0002840909000951797,
    0.0
  ],
  "waste": [
    0.008848669938743114,
    0.007677074521780014,
    0.007984036579728127,
    0.008000285364687443,
    0.008014329709112644,
    0.008012421429157257,
    0.008158010430634022,
    0.008135438896715641,
    0.008188838139176369,
    0.008148406632244587,
    0.008228215388953686,
    0.00809836108237505,
    0.008279994130134583,
    0.00828578881919384,
    0.008372887969017029,
    0.008358505554497242,
    0.008380109444260597,
    0.008310847915709019,
    0.008464040234684944,
    0.008487431332468987,
    0.008545150980353355,
    0.008570622652769089,
    0.008676400408148766,
    0.008587595075368881,
    0.008650517091155052,
    0.00866741593927145,
    0.008809437975287437,
    0.008992649614810944,
    0.008944937959313393,
    0.009360605850815773,
    0.009198395535349846,
    0.009128705598413944,
    0.00913186278194189
  ],
  "delta": [
    0.30428439378738403,
    0.4051489531993866,
    0.42625150084495544,
    0.4281599223613739,
    0.42844536900520325,
    0.430496484041214,
    0.43519502878189087,
    0.43906915187835693,
    0.4336857497692108,
    0.4434772729873657,
    0.4343918561935425,
    0.4437318742275238,
    0.44016364216804504,
    0.44073721766471863,
    0.4377865195274353,
    0.4408489465713501,
    0.43883654475212097,
    0.4421401619911194,
    0.44057703018188477,
    0.4344478249549866,
    0.43880242109298706,
    0.43212807178497314,
    0.43548908829689026,
    0.4275889992713928,
    0.4276978373527527,
    0.4253818988800049,
    0.42465201020240784,
    0.39247360825538635,
    0.4079475998878479,
    0.38589906692504883,
    0.3951319754123688,
    0.3992011249065399,
    0.3850105404853821
  ],
  "critic_loss": [
    0.06258206069469452,
    0.09076227992773056,
    0.09503617882728577,
    0.0946267619729042,
    0.09569565206766129,
    0.09597564488649368,
    0.09682823717594147,
    0.09801863133907318,
    0.09592275321483612,
    0.09993138909339905,
    0.09605841338634491,
    0.10025084763765335,
    0.09839914739131927,
    0.09816611558198929,
    0.09690317511558533,
    0.09826622158288956,
    0.0972924456000328,
    0.09861892461776733,
    0.0980774462223053,
    0.09537358582019806,
    0.09737999737262726,
    0.0943368598818779,
    0.09561480581760406,
    0.0922374576330185,
    0.0922834649682045,
    0.09118133038282394,
    0.0910211056470871,
    0.07791566103696823,
    0.08437304198741913,
    0.07546340674161911,
    0.0789831280708313,
    0.08068361133337021,
    0.07486528158187866
  ],
  "entropy_adjusted": [
    2.2061378786020214e-06,
    3.0984344903117744e-06,
    2.0766096895386e-06,
    2.7781111384683754e-06,
    2.474514531058958e-06,
    1.7079652252505184e-06,
    2.2500869363284437e-06,
    2.0099023458897136e-06,
    2.4585121991549386e-06,
    1.8151284848499927e-06,
    1.8366380345469224e-06,
    2.319097120562219e-06,
    2.0339446109574055e-06,
    2.5451900000916794e-06,
    2.3481484276999254e-06,
    1.6748533653299091e-06,
    1.779644890120835e-06,
    2.0331710857135477e-06,
    2.1485241177288117e-06,
    2.1978423774271505e-06,
    1.6882349882507697e-06,
    1.8893251763074659e-06,
    2.2547483240487054e-06,
    1.5200749885480036e-06,
    2.0222603325237287e-06,
    1.946277961906162e-06,
    1.753507262947096e-06,
    1.9803412669716636e-06,
    1.5041448477859376e-06,
    1.6180925968001247e-06,
    1.6283307786579826e-06,
    1.079660364666779e-06,
    1.2173595678177662e-06
  ],
  "actor_loss": [
    1.3894599533159635e-06,
    2.898574393839226e-06,
    2.4206560738093685e-06,
    2.3712375423201593e-06,
    2.284131596752559e-06,
    1.2901016361865913e-06,
    2.0121169654885307e-06,
    1.7952546613742015e-06,
    2.3549068828288e-06,
    1.4721056231792318e-06,
    1.7797839291233686e-06,
    2.0825555111514404e-06,
    2.324320803381852e-06,
    2.508512125132256e-06,
    2.767780870271963e-06,
    1.3531149534173892e-06,
    1.7851818938652286e-06,
    1.968448941624956e-06,
    1.813186941035383e-06,
    2.0764280179719208e-06,
    1.7678444237390067e-06,
    1.9642263850983e-06,
    2.1175676465645665e-06,
    1.2742282251565484e-06,
    2.2779918253945652e-06,
    2.413269839962595e-06,
    1.8165026176575338e-06,
    1.5522930425504455e-06,
    1.2180638577774516e-06,
    1.3714891338167945e-06,
    1.2938631925862865e-06,
    7.66552318509639e-07,
    1.2605286201505805e-06
  ]
}