{
  "global_step": [
    7986,
    7987,
    7988,
    7989,
    7990,
    7991,
    7992,
    7993,
    7994,
    7995,
    7996,
    7997,
    7998,
    7999,
    8000,
    8001,
    8002,
    8003,
    8004,
    8005,
    8006,
    8007,
    8008,
    8009,
    8010,
    8011,
    8012,
    8013,
    8014,
    8015,
    8016,
    8017,
    8018
  ],
  "experience_step": [
    32,
    32,
    32,
    32,
    32,
    32,
    32,
    32,
    32,
    32,
    32,
    32,
    32,
    32,
    32,
    32,
    32,
    32,
    32,
    32,
    32,
    32,
    32,
    32,
    32,
    32,
    32,
    32,
    32,
    32,
    32,
    32,
    8
  ],
  "rewards": [
    0.4082179069519043,
    0.5006137490272522,
    0.5296730995178223,
    0.5384518504142761,
    0.5292100310325623,
    0.5258235335350037,
    0.5387505888938904,
    0.5426004528999329,
    0.5311906933784485,
    0.541759192943573,
    0.5352216362953186,
    0.5431939363479614,
    0.5428389310836792,
    0.5391560196876526,
    0.5392348766326904,
    0.5378255844116211,
    0.5427538156509399,
    0.5471596717834473,
    0.5303102731704712,
    0.5417962670326233,
    0.5415785908699036,
    0.5379596948623657,
    0.540530264377594,
    0.5290789008140564,
    0.5383197665214539,
    0.5405755043029785,
    0.5309420228004456,
    0.5197610855102539,
    0.5220376253128052,
    0.5050903558731079,
    0.5135692954063416,
    0.5212693214416504,
    0.5118361115455627
  ],
  "stockouts": [
    0.02755681797862053,
    0.029545454308390617,
    0.011647727340459824,
    0.007102272938936949,
    0.013210227712988853,
    0.009517045691609383,
    0.004687500186264515,
    0.003693181788548827,
    0.006676136516034603,
    0.0038352273404598236,
    0.003977272659540176,
    0.004119317978620529,
    0.002414772752672434,
    0.002698863623663783,
    0.0012784090358763933,
    0.001704545458778739,
    0.0021306818816810846,
    0.0012784090358763933,
    0.001704545458778739,
    0.0012784090358763933,
    0.0014204545877873898,
    0.0008522727293893695,
    0.0007102272938936949,
    0.0007102272938936949,
    0.0002840909000951797,
    0.0002840909000951797,
    0.0002840909000951797,
    0.00042613636469468474,
    0.0002840909000951797,
    0.0002840909000951797,
    0.0,
    0.0002840909000951797,
    0.0
  ],
  "waste": [
    0.008643931709229946,
    0.007714348379522562,
    0.007945453748106956,
    0.007994667626917362,
    0.007942360825836658,
    0.007916538044810295,
    0.008080298081040382,
    0.008084948174655437,
    0.008046776987612247,
    0.008136383257806301,
    0.008202983997762203,
    0.008096425794064999,
    0.00814281776547432,
    0.008275678381323814,
    0.008203181438148022,
    0.008266186341643333,
    0.008404840715229511,
    0.008249660953879356,
    0.008400662802159786,
    0.008268826641142368,
    0.008461322635412216,
    0.00847650971263647,
    0.00848716963082552,
    0.008605862967669964,
    0.008488362655043602,
    0.008573767729103565,
    0.008681990206241608,
    0.008802272379398346,
    0.008762942627072334,
    0.008986658416688442,
    0.008932052180171013,
    0.008668910712003708,
    0.00928523950278759
  ],
  "delta": [
    0.31990668177604675,
    0.41808921098709106,
    0.44480571150779724,
    0.4534135162830353,
    0.4431145489215851,
    0.44034716486930847,
    0.45339474081993103,
    0.4572824537754059,
    0.44601505994796753,
    0.4557403326034546,
    0.44925907254219055,
    0.4580957591533661,
    0.45701196789741516,
    0.45405176281929016,
    0.4536472260951996,
    0.45296114683151245,
    0.45665907859802246,
    0.46120843291282654,
    0.4444156885147095,
    0.4564961791038513,
    0.45608431100845337,
    0.45232611894607544,
    0.45505890250205994,
    0.4430989623069763,
    0.45254650712013245,
    0.4545043110847473,
    0.4454268515110016,
    0.43425101041793823,
    0.43671679496765137,
    0.418977290391922,
    0.42789390683174133,
    0.4352266192436218,
    0.42633694410324097
  ],
  "critic_loss": [
    0.06940742582082748,
    0.09683986008167267,
    0.10328187048435211,
    0.10534803569316864,
    0.10300228744745255,
    0.10055748373270035,
    0.10485144704580307,
    0.10643381625413895,
    0.10207338631153107,
    0.1056918203830719,
    0.10272995382547379,
    0.10690270364284515,
    0.10588951408863068,
    0.10436339676380157,
    0.10396616160869598,
    0.10380528122186661,
    0.10563632100820541,
    0.10740020126104355,
    0.10000069439411163,
    0.10531328618526459,
    0.10507833957672119,
    0.10330535471439362,
    0.1044386774301529,
    0.09917385876178741,
    0.10323992371559143,
    0.10407139360904694,
    0.10001648962497711,
    0.09510712325572968,
    0.09618325531482697,
    0.0887155532836914,
    0.09237237274646759,
    0.09550788998603821,
    0.09157801419496536
  ],
  "entropy_adjusted": [
    3.1956624297890812e-06,
    2.6850373160414165e-06,
    2.038897719103261e-06,
    3.0198614240362076e-06,
    2.4858031792973634e-06,
    3.981091140303761e-06,
    3.015382162629976e-06,
    3.084489662796841e-06,
    3.476256097201258e-06,
    3.225886757718399e-06,
    3.2049954370449996e-06,
    2.7269948077446315e-06,
    3.0025244086573366e-06,
    2.4633272914798e-06,
    3.226219632779248e-06,
    2.9354318940022495e-06,
    2.0651934846682707e-06,
    2.545724782976322e-06,
    3.2024952361098258e-06,
    2.9781347166135674e-06,
    1.7992456378124189e-06,
    1.9459175746305846e-06,
    1.705529825812846e-06,
    2.4590440261818003e-06,
    2.490721954018227e-06,
    2.1448099687404465e-06,
    2.8821018531743903e-06,
    1.6852476392159588e-06,
    1.954224217115552e-06,
    1.2349795497357263e-06,
    1.4867098343529506e-06,
    2.554972070356598e-06,
    7.037935461084999e-07
  ],
  "actor_loss": [
    1.915365146487602e-06,
    1.7096185729315039e-06,
    2.1179332634346792e-06,
    2.978382781293476e-06,
    2.2601982436754042e-06,
    3.3811829780461267e-06,
    2.9770919809379848e-06,
    2.73659725280595e-06,
    3.4349500310781877e-06,
    3.160064352414338e-06,
    3.0656790386274224e-06,
    2.6173345304414397e-06,
    2.1925077362539014e-06,
    2.4113589915941702e-06,
    3.3488972803752404e-06,
    2.6755808448797325e-06,
    1.7459070704717305e-06,
    2.2137687665235717e-06,
    3.81827794626588e-06,
    2.941840421044617e-06,
    1.4545171325153206e-06,
    1.8311045550944982e-06,
    1.4669028587377397e-06,
    2.655312300703372e-06,
    2.370841457377537e-06,
    2.0511881757556694e-06,
    2.9818452276231255e-06,
    1.2718408015643945e-06,
    1.8096141047863057e-06,
    8.513755460626271e-07,
    1.3414775139608537e-06,
    2.986191930176574e-06,
    2.0530535493890056e-07
  ]
}