{
  "global_step": [
    9834,
    9835,
    9836,
    9837,
    9838,
    9839,
    9840,
    9841,
    9842,
    9843,
    9844,
    9845,
    9846,
    9847,
    9848,
    9849,
    9850,
    9851,
    9852,
    9853,
    9854,
    9855,
    9856,
    9857,
    9858,
    9859,
    9860,
    9861,
    9862,
    9863,
    9864,
    9865,
    9866
  ],
  "experience_step": [
    32,
    32,
    32,
    32,
    32,
    32,
    32,
    32,
    32,
    32,
    32,
    32,
    32,
    32,
    32,
    32,
    32,
    32,
    32,
    32,
    32,
    32,
    32,
    32,
    32,
    32,
    32,
    32,
    32,
    32,
    32,
    32,
    8
  ],
  "rewards": [
    0.4340907633304596,
    0.5071045160293579,
    0.5307403802871704,
    0.5414761900901794,
    0.5264372825622559,
    0.5323144793510437,
    0.5386336445808411,
    0.5398505926132202,
    0.5403526425361633,
    0.548606812953949,
    0.5462285280227661,
    0.5430738925933838,
    0.5472708344459534,
    0.5434428453445435,
    0.5459344983100891,
    0.540769100189209,
    0.5418801307678223,
    0.5452621579170227,
    0.5416368246078491,
    0.5308192372322083,
    0.5439519882202148,
    0.5385003685951233,
    0.540396511554718,
    0.5337336659431458,
    0.5350639224052429,
    0.5355026721954346,
    0.5289701223373413,
    0.5215916633605957,
    0.515089750289917,
    0.5168591141700745,
    0.5136245489120483,
    0.49511075019836426,
    0.48861509561538696
  ],
  "stockouts": [
    0.021590908989310265,
    0.027272727340459824,
    0.008238635957241058,
    0.005965908989310265,
    0.00909090880304575,
    0.007102272938936949,
    0.003409090917557478,
    0.0028409091755747795,
    0.004261363763362169,
    0.0025568180717527866,
    0.0028409091755747795,
    0.0032670453656464815,
    0.0014204545877873898,
    0.0022727272007614374,
    0.000994318164885044,
    0.0011363636003807187,
    0.0007102272938936949,
    0.0005681818001903594,
    0.000994318164885044,
    0.0008522727293893695,
    0.0007102272938936949,
    0.0005681818001903594,
    0.00042613636469468474,
    0.0002840909000951797,
    0.0002840909000951797,
    0.0002840909000951797,
    0.0,
    0.00014204545004758984,
    0.00042613636469468474,
    0.0002840909000951797,
    0.00014204545004758984,
    0.00014204545004758984,
    0.0
  ],
  "waste": [
    0.009277083911001682,
    0.0085365641862154,
    0.008830095641314983,
    0.008826952427625656,
    0.008796744048595428,
    0.008849798701703548,
    0.008831491693854332,
    0.00895603932440281,
    0.008838921785354614,
    0.00886776577681303,
    0.008838345296680927,
    0.008718864060938358,
    0.008866946212947369,
    0.008992910385131836,
    0.008876201696693897,
    0.009026458486914635,
    0.009039339609444141,
    0.008985876105725765,
    0.009060755372047424,
    0.009092318825423717,
    0.009093849919736385,
    0.009011817164719105,
    0.009175959043204784,
    0.009204363450407982,
    0.009323300793766975,
    0.009183461777865887,
    0.00936376117169857,
    0.009485138580203056,
    0.009373020380735397,
    0.00964097585529089,
    0.009442688897252083,
    0.009621432982385159,
    0.009745929390192032
  ],
  "delta": [
    0.32677486538887024,
    0.40723246335983276,
    0.4280191659927368,
    0.43874356150627136,
    0.42220404744148254,
    0.42925915122032166,
    0.43523284792900085,
    0.43670979142189026,
    0.436832994222641,
    0.4455786347389221,
    0.4432903230190277,
    0.4402118921279907,
    0.4438222646713257,
    0.4399552047252655,
    0.4420875608921051,
    0.43672865629196167,
    0.43872952461242676,
    0.44202494621276855,
    0.4376126825809479,
    0.4268869459629059,
    0.43974679708480835,
    0.4345366656780243,
    0.43586674332618713,
    0.429717093706131,
    0.4315365254878998,
    0.43127676844596863,
    0.42528900504112244,
    0.4182679057121277,
    0.41130581498146057,
    0.41292956471443176,
    0.4098919928073883,
    0.39009004831314087,
    0.3839058578014374
  ],
  "critic_loss": [
    0.06797577440738678,
    0.09123601764440536,
    0.09505419433116913,
    0.09833056479692459,
    0.0925535261631012,
    0.09489733725786209,
    0.09630047529935837,
    0.09667199850082397,
    0.09728121012449265,
    0.10052527487277985,
    0.09958123415708542,
    0.09829339385032654,
    0.09954517334699631,
    0.09783390164375305,
    0.0985780730843544,
    0.09637971967458725,
    0.09692978113889694,
    0.09846732765436172,
    0.09670156985521317,
    0.09205175191164017,
    0.09748543798923492,
    0.09519141167402267,
    0.09573104232549667,
    0.09303087741136551,
    0.09379146248102188,
    0.09378299862146378,
    0.09119252115488052,
    0.08834511041641235,
    0.0855938270688057,
    0.08611224591732025,
    0.08477603644132614,
    0.07685445994138718,
    0.07444588094949722
  ],
  "entropy_adjusted": [
    1.7511988517071586e-06,
    1.737072352625546e-06,
    2.3224229153129272e-06,
    2.0624875105568208e-06,
    1.8138753148377873e-06,
    2.3515253815276083e-06,
    1.9899514427379472e-06,
    2.7610947199718794e-06,
    2.375415306232753e-06,
    2.948683686554432e-06,
    2.035987108683912e-06,
    2.0977570329705486e-06,
    1.8137099004889023e-06,
    2.1931680294073885e-06,
    1.8987606154041714e-06,
    2.0752545424329583e-06,
    2.0696991214208538e-06,
    1.9498743313306477e-06,
    2.4607963950984413e-06,
    2.5704528070491506e-06,
    2.0019822386529995e-06,
    1.952192633325467e-06,
    1.8764087599265622e-06,
    1.7998193015955621e-06,
    1.354428832200938e-06,
    1.790116584743373e-06,
    1.3795774975733366e-06,
    2.344770791751216e-06,
    1.2559996775962645e-06,
    1.357690166514658e-06,
    1.0324019967811182e-06,
    1.6862670690898085e-06,
    6.607284035453631e-07
  ],
  "actor_loss": [
    1.2505881841207156e-06,
    1.2712084753729869e-06,
    1.8794800098476117e-06,
    2.1131493213033536e-06,
    1.1942925084440503e-06,
    2.4626340291433735e-06,
    1.4898388371875626e-06,
    2.9787570383632556e-06,
    2.4207838578149676e-06,
    2.7901878638658673e-06,
    2.1701152945752256e-06,
    2.050989905910683e-06,
    1.6193273495446192e-06,
    2.199118398493738e-06,
    1.8212673467132845e-06,
    1.4575253999282722e-06,
    1.8164595303460374e-06,
    1.8295886548003182e-06,
    2.2907347556611057e-06,
    2.3900993255665526e-06,
    2.4431860765616875e-06,
    2.078503712255042e-06,
    1.857156121332082e-06,
    1.7476810398875386e-06,
    1.207474383591034e-06,
    1.8337836991122458e-06,
    1.293883428843401e-06,
    2.094381216011243e-06,
    8.129067623485753e-07,
    1.1518424116729875e-06,
    5.659195494445157e-07,
    1.3620497156807687e-06,
    6.269423238336458e-07
  ]
}