{
  "global_step": [
    3861,
    3862,
    3863,
    3864,
    3865,
    3866,
    3867,
    3868,
    3869,
    3870,
    3871,
    3872,
    3873,
    3874,
    3875,
    3876,
    3877,
    3878,
    3879,
    3880,
    3881,
    3882,
    3883,
    3884,
    3885,
    3886,
    3887,
    3888,
    3889,
    3890,
    3891,
    3892,
    3893
  ],
  "experience_step": [
    32,
    32,
    32,
    32,
    32,
    32,
    32,
    32,
    32,
    32,
    32,
    32,
    32,
    32,
    32,
    32,
    32,
    32,
    32,
    32,
    32,
    32,
    32,
    32,
    32,
    32,
    32,
    32,
    32,
    32,
    32,
    32,
    8
  ],
  "rewards": [
    0.39063575863838196,
    0.4675820767879486,
    0.501121461391449,
    0.5053772330284119,
    0.4876628816127777,
    0.4999080002307892,
    0.5129897594451904,
    0.5044691562652588,
    0.49732354283332825,
    0.5115638971328735,
    0.511908769607544,
    0.511157214641571,
    0.5116787552833557,
    0.5271521806716919,
    0.5158430337905884,
    0.5156353712081909,
    0.516653835773468,
    0.511334240436554,
    0.5103355050086975,
    0.4986996352672577,
    0.48552173376083374,
    0.5072633624076843,
    0.5007825493812561,
    0.5071797370910645,
    0.5106585621833801,
    0.490882009267807,
    0.4668404459953308,
    0.48409709334373474,
    0.46893373131752014,
    0.48011234402656555,
    0.4774296283721924,
    0.4675169289112091,
    0.46292445063591003
  ],
  "stockouts": [
    0.026704546064138412,
    0.029403408989310265,
    0.010085226967930794,
    0.008380682207643986,
    0.013636363670229912,
    0.00937500037252903,
    0.004545454401522875,
    0.005255681928247213,
    0.006676136516034603,
    0.0032670453656464815,
    0.004829545505344868,
    0.0049715908244252205,
    0.0021306818816810846,
    0.002698863623663783,
    0.0022727272007614374,
    0.0018465908942744136,
    0.0015625000232830644,
    0.0012784090358763933,
    0.0014204545877873898,
    0.0018465908942744136,
    0.000994318164885044,
    0.0012784090358763933,
    0.0011363636003807187,
    0.0005681818001903594,
    0.0011363636003807187,
    0.0005681818001903594,
    0.0011363636003807187,
    0.0007102272938936949,
    0.00042613636469468474,
    0.0002840909000951797,
    0.00014204545004758984,
    0.0,
    0.0
  ],
  "waste": [
    0.009503900073468685,
    0.008546284399926662,
    0.00882138591259718,
    0.008876023814082146,
    0.008719412609934807,
    0.008842741139233112,
    0.008988025598227978,
    0.009084852412343025,
    0.008847808465361595,
    0.008942016400396824,
    0.00908059161156416,
    0.008973542600870132,
    0.009065101854503155,
    0.00899606104940176,
    0.008960503153502941,
    0.009004781022667885,
    0.009111999534070492,
    0.009299680590629578,
    0.009277256205677986,
    0.00918195117264986,
    0.009465828537940979,
    0.009161588735878468,
    0.0092866076156497,
    0.009346569888293743,
    0.009364677593111992,
    0.009361280128359795,
    0.009635591879487038,
    0.009526615031063557,
    0.009589598514139652,
    0.009777792729437351,
    0.00947085116058588,
    0.009876849129796028,
    0.00993138737976551
  ],
  "delta": [
    0.34525376558303833,
    0.42288902401924133,
    0.45865151286125183,
    0.4620136320590973,
    0.4443415105342865,
    0.45524993538856506,
    0.4692363739013672,
    0.46116116642951965,
    0.45354318618774414,
    0.4682961106300354,
    0.4676373302936554,
    0.46784359216690063,
    0.4677565097808838,
    0.48325228691101074,
    0.4730210602283478,
    0.471684992313385,
    0.4729001522064209,
    0.4674820601940155,
    0.4664846658706665,
    0.45466530323028564,
    0.44179093837738037,
    0.46306997537612915,
    0.45714181661605835,
    0.46276041865348816,
    0.46644502878189087,
    0.44635939598083496,
    0.4220268130302429,
    0.4400026202201843,
    0.4242345690727234,
    0.4362693130970001,
    0.4336884915828705,
    0.4234415888786316,
    0.4198555648326874
  ],
  "critic_loss": [
    0.0813000351190567,
    0.10642514377832413,
    0.11168427765369415,
    0.11151338368654251,
    0.10772807151079178,
    0.11003260314464569,
    0.11316210776567459,
    0.10960900038480759,
    0.10700909048318863,
    0.11204496026039124,
    0.11240427196025848,
    0.11285573244094849,
    0.1111050546169281,
    0.11885372549295425,
    0.11359710991382599,
    0.11289612948894501,
    0.11323807388544083,
    0.11075536906719208,
    0.11029615998268127,
    0.10516367852687836,
    0.09904025495052338,
    0.10861125588417053,
    0.10583171993494034,
    0.1082502081990242,
    0.10998976975679398,
    0.10088027268648148,
    0.09039321541786194,
    0.09803581237792969,
    0.09099593013525009,
    0.09637225419282913,
    0.0950029045343399,
    0.09059817343950272,
    0.08882718533277512
  ],
  "entropy_adjusted": [
    6.667813522653887e-06,
    6.896242211951176e-06,
    7.379883300018264e-06,
    5.989878900436452e-06,
    8.4545908975997e-06,
    7.468260719178943e-06,
    6.056108304619556e-06,
    7.4105219027842395e-06,
    6.5740191530494485e-06,
    7.133731742214877e-06,
    8.064222129178233e-06,
    7.698888111917768e-06,
    6.169082098494982e-06,
    5.492895979841705e-06,
    7.145761628635228e-06,
    6.966687578824349e-06,
    5.1816582526953425e-06,
    6.3269430938817095e-06,
    5.3960661716701e-06,
    6.426143954740837e-06,
    6.023565674695419e-06,
    5.132764272275381e-06,
    5.3712542467110325e-06,
    6.565392141055781e-06,
    4.149717824475374e-06,
    4.606558377417969e-06,
    6.05499690209399e-06,
    4.947527941112639e-06,
    4.588957835949259e-06,
    5.131477792019723e-06,
    4.339939550845884e-06,
    4.225126758683473e-06,
    4.167698079982074e-06
  ],
  "actor_loss": [
    5.8630830608308315e-06,
    5.376254193834029e-06,
    7.272580660355743e-06,
    6.236604349396657e-06,
    8.341421562363394e-06,
    7.293861017387826e-06,
    6.9138063736318145e-06,
    7.447864845744334e-06,
    6.737631338182837e-06,
    7.3470296229061205e-06,
    7.864618964958936e-06,
    8.767789950070437e-06,
    5.9713547670980915e-06,
    6.333769306365866e-06,
    7.5757575359602924e-06,
    8.000422894838266e-06,
    6.012600351823494e-06,
    7.080297109496314e-06,
    5.800250164611498e-06,
    6.590090379177127e-06,
    6.340816526062554e-06,
    5.565240826399531e-06,
    5.660394435835769e-06,
    7.059861218294827e-06,
    4.307150447857566e-06,
    4.134652499487856e-06,
    5.812030849483563e-06,
    4.367647761682747e-06,
    4.0318354876944795e-06,
    4.3963918869849294e-06,
    3.7430600059451535e-06,
    3.5076707263215212e-06,
    3.270612751293811e-06
  ]
}