{
  "global_step": [
    6798,
    6799,
    6800,
    6801,
    6802,
    6803,
    6804,
    6805,
    6806,
    6807,
    6808,
    6809,
    6810,
    6811,
    6812,
    6813,
    6814,
    6815,
    6816,
    6817,
    6818,
    6819,
    6820,
    6821,
    6822,
    6823,
    6824,
    6825,
    6826,
    6827,
    6828,
    6829,
    6830
  ],
  "experience_step": [
    32,
    32,
    32,
    32,
    32,
    32,
    32,
    32,
    32,
    32,
    32,
    32,
    32,
    32,
    32,
    32,
    32,
    32,
    32,
    32,
    32,
    32,
    32,
    32,
    32,
    32,
    32,
    32,
    32,
    32,
    32,
    32,
    8
  ],
  "rewards": [
    0.4186030924320221,
    0.4972972571849823,
    0.5220260620117188,
    0.5261457562446594,
    0.5159514546394348,
    0.5258033871650696,
    0.5314871072769165,
    0.5392425656318665,
    0.5299531817436218,
    0.538529634475708,
    0.5294775366783142,
    0.5369077920913696,
    0.5274975895881653,
    0.5377329587936401,
    0.5274522304534912,
    0.5392520427703857,
    0.5324243307113647,
    0.539337694644928,
    0.5367127656936646,
    0.5290337204933167,
    0.5319051146507263,
    0.5404802560806274,
    0.5246782898902893,
    0.5243028998374939,
    0.532779335975647,
    0.5328998565673828,
    0.5180956721305847,
    0.5043522119522095,
    0.5087069869041443,
    0.5134205222129822,
    0.5084534287452698,
    0.4918577969074249,
    0.4754961133003235
  ],
  "stockouts": [
    0.022159090265631676,
    0.025852272287011147,
    0.008096590638160706,
    0.005965908989310265,
    0.009517045691609383,
    0.006676136516034603,
    0.003693181788548827,
    0.0029829544946551323,
    0.003693181788548827,
    0.0031250000465661287,
    0.0031250000465661287,
    0.0032670453656464815,
    0.001988636329770088,
    0.001704545458778739,
    0.0014204545877873898,
    0.0011363636003807187,
    0.0007102272938936949,
    0.00042613636469468474,
    0.0008522727293893695,
    0.0011363636003807187,
    0.0008522727293893695,
    0.0002840909000951797,
    0.0,
    0.00042613636469468474,
    0.00014204545004758984,
    0.0002840909000951797,
    0.00014204545004758984,
    0.0,
    0.0,
    0.0002840909000951797,
    0.0002840909000951797,
    0.0,
    0.0
  ],
  "waste": [
    0.009479206055402756,
    0.008777454495429993,
    0.009152732789516449,
    0.009058631956577301,
    0.00901933666318655,
    0.009128253906965256,
    0.00926403421908617,
    0.00917526800185442,
    0.00916044507175684,
    0.009039708413183689,
    0.009257407858967781,
    0.009183086454868317,
    0.009319850243628025,
    0.009274432435631752,
    0.009273240342736244,
    0.00930166244506836,
    0.00933112669736147,
    0.009301060810685158,
    0.009363964200019836,
    0.009313602931797504,
    0.009266659617424011,
    0.009298587217926979,
    0.009509779512882233,
    0.009398027323186398,
    0.009326523169875145,
    0.009279150515794754,
    0.009732981212437153,
    0.009614713490009308,
    0.00974123366177082,
    0.009679211303591728,
    0.009754837490618229,
    0.010068021714687347,
    0.010677036829292774
  ],
  "delta": [
    0.34375253319740295,
    0.42608150839805603,
    0.44913482666015625,
    0.45248883962631226,
    0.4419110417366028,
    0.4524032175540924,
    0.457723468542099,
    0.46513456106185913,
    0.4554370641708374,
    0.46504661440849304,
    0.4553302526473999,
    0.46255236864089966,
    0.4536173343658447,
    0.46372902393341064,
    0.4539691209793091,
    0.46579694747924805,
    0.4583963453769684,
    0.46530088782310486,
    0.4631296396255493,
    0.4554206430912018,
    0.4574976861476898,
    0.46661943197250366,
    0.45034095644950867,
    0.44979751110076904,
    0.45852231979370117,
    0.4578750729560852,
    0.44433483481407166,
    0.43005049228668213,
    0.4345146119594574,
    0.4388118386268616,
    0.43484586477279663,
    0.4173325300216675,
    0.4015674889087677
  ],
  "critic_loss": [
    0.07365628331899643,
    0.1002020612359047,
    0.10434804111719131,
    0.10486821085214615,
    0.10196779668331146,
    0.1051214337348938,
    0.10634538531303406,
    0.10981108993291855,
    0.10562308877706528,
    0.10974746942520142,
    0.10536830127239227,
    0.10866300761699677,
    0.10433375835418701,
    0.1087035983800888,
    0.1041816920042038,
    0.10947267711162567,
    0.10600743442773819,
    0.10929162800312042,
    0.10833790153265,
    0.10496392101049423,
    0.10574890673160553,
    0.10991416126489639,
    0.1022828072309494,
    0.10216855257749557,
    0.10598430037498474,
    0.10566261410713196,
    0.09958695620298386,
    0.09348073601722717,
    0.09545350819826126,
    0.09730847924947739,
    0.09554947912693024,
    0.0879693254828453,
    0.08134949207305908
  ],
  "entropy_adjusted": [
    3.4090412555087823e-06,
    3.848460437438916e-06,
    3.844708317046752e-06,
    3.3914518553501694e-06,
    3.2955388178379508e-06,
    3.6265603284846293e-06,
    3.822687176580075e-06,
    3.5335733628016897e-06,
    2.747689677562448e-06,
    3.2992479646054562e-06,
    3.4697532100835815e-06,
    4.410982000990771e-06,
    2.96744792649406e-06,
    2.204712018283317e-06,
    2.810009164022631e-06,
    2.7781939024862368e-06,
    3.5197867873648647e-06,
    2.453406523272861e-06,
    2.671675247256644e-06,
    3.943147021345794e-06,
    3.6743579130416038e-06,
    2.5453084617765853e-06,
    2.175302370233112e-06,
    2.4486253096256405e-06,
    2.391038833593484e-06,
    2.863824420273886e-06,
    2.655726348166354e-06,
    1.4170931308399304e-06,
    2.0410561774042435e-06,
    2.145460712199565e-06,
    1.6463869769722805e-06,
    1.621900651116448e-06,
    2.0488089376158314e-06
  ],
  "actor_loss": [
    2.3079321636032546e-06,
    4.018295385321835e-06,
    3.6992973946325947e-06,
    3.1334359391621547e-06,
    2.9067941795801744e-06,
    4.06264598495909e-06,
    4.149637334194267e-06,
    4.146783794567455e-06,
    1.8626012661115965e-06,
    4.352724317868706e-06,
    3.577502411644673e-06,
    4.43767248725635e-06,
    2.664095745785744e-06,
    1.534923967483337e-06,
    3.3863911994558293e-06,
    2.418234998913249e-06,
    3.999120508524356e-06,
    2.543049049563706e-06,
    2.6495629299461143e-06,
    4.134004484512843e-06,
    4.3717027438106015e-06,
    1.8303725255464087e-06,
    2.1665869098796975e-06,
    2.295988451805897e-06,
    2.536104148020968e-06,
    3.2428552003693767e-06,
    2.7589894671109505e-06,
    1.247633804268844e-06,
    1.7277188817388378e-06,
    2.357564198973705e-06,
    1.5243549569277093e-06,
    1.1514674724821816e-06,
    1.8342003613724955e-06
  ]
}