{
  "global_step": [
    1617,
    1618,
    1619,
    1620,
    1621,
    1622,
    1623,
    1624,
    1625,
    1626,
    1627,
    1628,
    1629,
    1630,
    1631,
    1632,
    1633,
    1634,
    1635,
    1636,
    1637,
    1638,
    1639,
    1640,
    1641,
    1642,
    1643,
    1644,
    1645,
    1646,
    1647,
    1648,
    1649
  ],
  "experience_step": [
    32,
    32,
    32,
    32,
    32,
    32,
    32,
    32,
    32,
    32,
    32,
    32,
    32,
    32,
    32,
    32,
    32,
    32,
    32,
    32,
    32,
    32,
    32,
    32,
    32,
    32,
    32,
    32,
    32,
    32,
    32,
    32,
    8
  ],
  "rewards": [
    0.329569935798645,
    0.38572901487350464,
    0.42281201481819153,
    0.4347267746925354,
    0.41893941164016724,
    0.4367150664329529,
    0.43787020444869995,
    0.4440227150917053,
    0.4336574077606201,
    0.43508380651474,
    0.439808189868927,
    0.43622076511383057,
    0.45555242896080017,
    0.43546223640441895,
    0.4472061097621918,
    0.4481349587440491,
    0.43711328506469727,
    0.45060738921165466,
    0.43835729360580444,
    0.43654465675354004,
    0.4270208179950714,
    0.4291405975818634,
    0.42843204736709595,
    0.4142317473888397,
    0.41638725996017456,
    0.4151986241340637,
    0.4008702337741852,
    0.4015668034553528,
    0.4177178740501404,
    0.39466115832328796,
    0.3981257677078247,
    0.3859042227268219,
    0.36399105191230774
  ],
  "stockouts": [
    0.022159090265631676,
    0.025142045691609383,
    0.009801136329770088,
    0.006676136516034603,
    0.010511363856494427,
    0.0062500000931322575,
    0.004687500186264515,
    0.003693181788548827,
    0.004545454401522875,
    0.004403409082442522,
    0.0029829544946551323,
    0.004119317978620529,
    0.0018465908942744136,
    0.001988636329770088,
    0.0018465908942744136,
    0.0015625000232830644,
    0.0012784090358763933,
    0.000994318164885044,
    0.0012784090358763933,
    0.000994318164885044,
    0.0005681818001903594,
    0.0005681818001903594,
    0.0008522727293893695,
    0.00042613636469468474,
    0.0005681818001903594,
    0.0008522727293893695,
    0.00014204545004758984,
    0.0,
    0.0007102272938936949,
    0.00014204545004758984,
    0.0007102272938936949,
    0.0002840909000951797,
    0.0
  ],
  "waste": [
    0.010897545143961906,
    0.010482377372682095,
    0.01087174378335476,
    0.010859690606594086,
    0.010632812045514584,
    0.01086488924920559,
    0.010824579745531082,
    0.011005192063748837,
    0.011090384796261787,
    0.011166722513735294,
    0.0111154206097126,
    0.011153008788824081,
    0.011267482303082943,
    0.01116858422756195,
    0.011049739085137844,
    0.011278158985078335,
    0.01126471720635891,
    0.011202333495020866,
    0.011354525573551655,
    0.011101020500063896,
    0.011408517137169838,
    0.011272716335952282,
    0.011368656530976295,
    0.011582452803850174,
    0.011397450231015682,
    0.011394348926842213,
    0.011575743556022644,
    0.011421951465308666,
    0.011519811116158962,
    0.011627665720880032,
    0.01153367105871439,
    0.011628787964582443,
    0.01197535078972578
  ],
  "delta": [
    0.3062910735607147,
    0.3716212809085846,
    0.3999941945075989,
    0.41385719180107117,
    0.39711377024650574,
    0.4151686131954193,
    0.41752123832702637,
    0.42251718044281006,
    0.414271742105484,
    0.4143284261226654,
    0.4195457696914673,
    0.4150659739971161,
    0.43165504932403564,
    0.41207221150398254,
    0.4245876371860504,
    0.4268612265586853,
    0.4167270064353943,
    0.42957165837287903,
    0.4157814681529999,
    0.4144679605960846,
    0.404649555683136,
    0.4071583151817322,
    0.40572378039360046,
    0.39375215768814087,
    0.3939921259880066,
    0.39423924684524536,
    0.3784203827381134,
    0.3794479966163635,
    0.3957670032978058,
    0.3729536235332489,
    0.37578490376472473,
    0.36429187655448914,
    0.3406657874584198
  ],
  "critic_loss": [
    0.08436097204685211,
    0.09606283158063889,
    0.09800714254379272,
    0.09937593340873718,
    0.09903573989868164,
    0.09968870133161545,
    0.09847540408372879,
    0.09959147125482559,
    0.097745381295681,
    0.09550120681524277,
    0.09686886519193649,
    0.09665564447641373,
    0.10128191113471985,
    0.09259378165006638,
    0.09796764701604843,
    0.09781519323587418,
    0.09354190528392792,
    0.09825956076383591,
    0.0930531769990921,
    0.09225142747163773,
    0.08766578137874603,
    0.08862581849098206,
    0.08818706125020981,
    0.08280631899833679,
    0.0829741582274437,
    0.08302249014377594,
    0.07637018710374832,
    0.07686139643192291,
    0.08349642902612686,
    0.07413574308156967,
    0.07528925687074661,
    0.07147200405597687,
    0.062184542417526245
  ],
  "entropy_adjusted": [
    1.2074221558577847e-05,
    1.667815558903385e-05,
    1.5115137102839071e-05,
    1.3246355592855252e-05,
    1.4250084859668277e-05,
    1.3823682820657268e-05,
    1.5194333172985353e-05,
    1.479510774515802e-05,
    1.301269276154926e-05,
    1.4025641576154158e-05,
    1.3670000953425188e-05,
    1.4057181033422239e-05,
    1.2737674296658952e-05,
    1.2963955668965355e-05,
    1.0760308214230463e-05,
    1.2010061254841276e-05,
    9.92503009911161e-06,
    1.2627114301722031e-05,
    1.1277247722318862e-05,
    1.1811629519797862e-05,
    1.1176030056958552e-05,
    1.0652336641214788e-05,
    1.0759349606814794e-05,
    1.0640793334459886e-05,
    9.541074177832343e-06,
    8.71291194926016e-06,
    1.058041652868269e-05,
    1.1602447557379492e-05,
    1.0410517461423296e-05,
    9.166262316284701e-06,
    9.128699275606778e-06,
    7.237425506900763e-06,
    8.970069757197052e-06
  ],
  "actor_loss": [
    8.281123882625252e-06,
    1.3680088159162551e-05,
    1.4393274796020705e-05,
    1.2011058061034419e-05,
    1.2449408131942619e-05,
    1.2880933354608715e-05,
    1.2522624274424743e-05,
    1.2294117368583102e-05,
    1.2180619705759455e-05,
    1.0809821105794981e-05,
    1.1908358828804921e-05,
    1.354086725768866e-05,
    1.3664602192875464e-05,
    1.2480513760237955e-05,
    1.1263147825957276e-05,
    1.1730792721209582e-05,
    7.911276952654589e-06,
    1.3277961443236563e-05,
    9.862006663752254e-06,
    1.1688565791700967e-05,
    9.615465387469158e-06,
    1.0031206329585984e-05,
    1.0165405001316685e-05,
    8.31771467346698e-06,
    7.1516819843964186e-06,
    6.906794169481145e-06,
    7.294823717529653e-06,
    8.576722393627279e-06,
    8.834168511384632e-06,
    7.450355496985139e-06,
    6.711540663673077e-06,
    4.992789854441071e-06,
    6.894703801663127e-06
  ]
}