{
  "global_step": [
    2244,
    2245,
    2246,
    2247,
    2248,
    2249,
    2250,
    2251,
    2252,
    2253,
    2254,
    2255,
    2256,
    2257,
    2258,
    2259,
    2260,
    2261,
    2262,
    2263,
    2264,
    2265,
    2266,
    2267,
    2268,
    2269,
    2270,
    2271,
    2272,
    2273,
    2274,
    2275,
    2276
  ],
  "experience_step": [
    32,
    32,
    32,
    32,
    32,
    32,
    32,
    32,
    32,
    32,
    32,
    32,
    32,
    32,
    32,
    32,
    32,
    32,
    32,
    32,
    32,
    32,
    32,
    32,
    32,
    32,
    32,
    32,
    32,
    32,
    32,
    32,
    8
  ],
  "rewards": [
    0.35188743472099304,
    0.4314931035041809,
    0.4562020003795624,
    0.4672907888889313,
    0.44645655155181885,
    0.4551870822906494,
    0.46131736040115356,
    0.46818333864212036,
    0.45783618092536926,
    0.4665100872516632,
    0.4626077711582184,
    0.4757799208164215,
    0.47909650206565857,
    0.4839920103549957,
    0.4638417065143585,
    0.4620068371295929,
    0.4777548909187317,
    0.47210317850112915,
    0.47677910327911377,
    0.44874754548072815,
    0.4609281122684479,
    0.476121723651886,
    0.4464986026287079,
    0.4649721384048462,
    0.4806642234325409,
    0.45309484004974365,
    0.40850991010665894,
    0.4217018783092499,
    0.4290902614593506,
    0.4266681969165802,
    0.4424249827861786,
    0.4163511097431183,
    0.43348655104637146
  ],
  "stockouts": [
    0.02656250074505806,
    0.02911931835114956,
    0.01150568202137947,
    0.008380682207643986,
    0.012926136143505573,
    0.008664772845804691,
    0.005397727247327566,
    0.004403409082442522,
    0.006107954774051905,
    0.004403409082442522,
    0.003977272659540176,
    0.005397727247327566,
    0.0032670453656464815,
    0.0038352273404598236,
    0.0028409091755747795,
    0.0021306818816810846,
    0.001704545458778739,
    0.0014204545877873898,
    0.0025568180717527866,
    0.0014204545877873898,
    0.001704545458778739,
    0.0011363636003807187,
    0.0011363636003807187,
    0.0014204545877873898,
    0.00042613636469468474,
    0.000994318164885044,
    0.0008522727293893695,
    0.0005681818001903594,
    0.0007102272938936949,
    0.0008522727293893695,
    0.00042613636469468474,
    0.0002840909000951797,
    0.0
  ],
  "waste": [
    0.01005434338003397,
    0.009177617728710175,
    0.0094291428104043,
    0.009640887379646301,
    0.009444949217140675,
    0.009501066990196705,
    0.009679445065557957,
    0.009863732382655144,
    0.00975007563829422,
    0.009648691862821579,
    0.009816132485866547,
    0.009587978944182396,
    0.009641801007091999,
    0.009797397069633007,
    0.009848004207015038,
    0.00994329247623682,
    0.009844192303717136,
    0.009907612577080727,
    0.009899210184812546,
    0.010086363181471825,
    0.010036872699856758,
    0.010003692470490932,
    0.01009427011013031,
    0.010271289385855198,
    0.009982561692595482,
    0.010109374299645424,
    0.010447298176586628,
    0.010383347980678082,
    0.01019967533648014,
    0.010349882766604424,
    0.0103070717304945,
    0.01051664911210537,
    0.010818509384989738
  ],
  "delta": [
    0.3260067403316498,
    0.4088338315486908,
    0.4295368492603302,
    0.4404328763484955,
    0.4187145531177521,
    0.4297901391983032,
    0.4354354739189148,
    0.4412306845188141,
    0.42791277170181274,
    0.4401874840259552,
    0.43564072251319885,
    0.45035749673843384,
    0.45205333828926086,
    0.4567692279815674,
    0.4359627068042755,
    0.4348911643028259,
    0.45090505480766296,
    0.4449300467967987,
    0.44874677062034607,
    0.42143431305885315,
    0.43259209394454956,
    0.4484577476978302,
    0.41934889554977417,
    0.43719202280044556,
    0.4532411992549896,
    0.42592814564704895,
    0.38154885172843933,
    0.3958165943622589,
    0.4014430046081543,
    0.3990420699119568,
    0.41441699862480164,
    0.3898284137248993,
    0.40438899397850037
  ],
  "critic_loss": [
    0.08337278664112091,
    0.10406965762376785,
    0.10351108759641647,
    0.10476287454366684,
    0.09951543062925339,
    0.10099289566278458,
    0.10087907314300537,
    0.10285855829715729,
    0.09856203198432922,
    0.1018039733171463,
    0.09897654503583908,
    0.1068357303738594,
    0.10634295642375946,
    0.1082867980003357,
    0.09842965751886368,
    0.09769894182682037,
    0.10449779778718948,
    0.10162845253944397,
    0.10390020161867142,
    0.09151123464107513,
    0.09677514433860779,
    0.10288805514574051,
    0.09058498591184616,
    0.09773794561624527,
    0.1048579141497612,
    0.09269566833972931,
    0.07520537823438644,
    0.08038118481636047,
    0.08297813683748245,
    0.0816492810845375,
    0.08784172683954239,
    0.07782426476478577,
    0.08349353075027466
  ],
  "entropy_adjusted": [
    1.2861790310125798e-05,
    1.221067304868484e-05,
    1.2491944289649837e-05,
    1.3367724932322744e-05,
    1.2636596693482716e-05,
    1.3764126379101072e-05,
    1.3278347068990115e-05,
    1.033719217957696e-05,
    1.1583679224713705e-05,
    1.1013516996172257e-05,
    1.1439600712037645e-05,
    1.36744702103897e-05,
    1.0297380867996253e-05,
    9.947744729288388e-06,
    1.0568144716671668e-05,
    1.0970516086672433e-05,
    1.0292153092450462e-05,
    8.34945331007475e-06,
    8.878085282049142e-06,
    8.895955033949576e-06,
    9.088023944059387e-06,
    8.241065188485663e-06,
    9.111866347666364e-06,
    7.529275080742082e-06,
    7.942648153402843e-06,
    6.322271474346053e-06,
    7.541193099314114e-06,
    7.22249569662381e-06,
    7.429023298755055e-06,
    8.128298759402242e-06,
    7.3444821282464545e-06,
    6.698508059344022e-06,
    8.33073409012286e-06
  ],
  "actor_loss": [
    9.629764463170432e-06,
    1.115994109568419e-05,
    1.130686177930329e-05,
    1.3507709809346125e-05,
    1.03467546068714e-05,
    1.3191483958507888e-05,
    1.1511825505294837e-05,
    9.331799446954392e-06,
    1.0206017577729654e-05,
    9.875194336927962e-06,
    1.0773778740258422e-05,
    1.2766129657393321e-05,
    1.057813915394945e-05,
    1.0191864930675365e-05,
    9.261563718609978e-06,
    1.0190203283855226e-05,
    9.623845471651293e-06,
    8.377613994525746e-06,
    7.572247795906151e-06,
    7.13602094037924e-06,
    9.307978871220257e-06,
    8.401849299843889e-06,
    8.244728633144405e-06,
    6.578533884749049e-06,
    7.359540632023709e-06,
    4.68477492177044e-06,
    5.106289336254122e-06,
    5.7805054893833585e-06,
    5.4606848607363645e-06,
    6.541461971210083e-06,
    5.777688784291968e-06,
    4.353144504420925e-06,
    6.314565325737931e-06
  ]
}