{
  "global_step": [
    10032,
    10033,
    10034,
    10035,
    10036,
    10037,
    10038,
    10039,
    10040,
    10041,
    10042,
    10043,
    10044,
    10045,
    10046,
    10047,
    10048,
    10049,
    10050,
    10051,
    10052,
    10053,
    10054,
    10055,
    10056,
    10057,
    10058,
    10059,
    10060,
    10061,
    10062,
    10063,
    10064
  ],
  "experience_step": [
    32,
    32,
    32,
    32,
    32,
    32,
    32,
    32,
    32,
    32,
    32,
    32,
    32,
    32,
    32,
    32,
    32,
    32,
    32,
    32,
    32,
    32,
    32,
    32,
    32,
    32,
    32,
    32,
    32,
    32,
    32,
    32,
    8
  ],
  "rewards": [
    0.41745948791503906,
    0.509427011013031,
    0.532182514667511,
    0.5359338521957397,
    0.5305762887001038,
    0.5320414304733276,
    0.5411515831947327,
    0.5419353246688843,
    0.5368399620056152,
    0.5430771708488464,
    0.5410628318786621,
    0.5476176142692566,
    0.5444908142089844,
    0.5393775105476379,
    0.548906147480011,
    0.5404109358787537,
    0.550045907497406,
    0.5491735339164734,
    0.5364271402359009,
    0.5446632504463196,
    0.541749894618988,
    0.549862265586853,
    0.5418842434883118,
    0.5417311787605286,
    0.5357666611671448,
    0.537281334400177,
    0.5248240232467651,
    0.5098443627357483,
    0.5253905653953552,
    0.5095745325088501,
    0.5211676359176636,
    0.5147472023963928,
    0.4870443046092987
  ],
  "stockouts": [
    0.02400568127632141,
    0.028409091755747795,
    0.010369318537414074,
    0.007386363577097654,
    0.012500000186264515,
    0.00937500037252903,
    0.005539772566407919,
    0.0038352273404598236,
    0.006676136516034603,
    0.0029829544946551323,
    0.0032670453656464815,
    0.004119317978620529,
    0.0022727272007614374,
    0.0022727272007614374,
    0.001704545458778739,
    0.0008522727293893695,
    0.0015625000232830644,
    0.0007102272938936949,
    0.0012784090358763933,
    0.0011363636003807187,
    0.0012784090358763933,
    0.0005681818001903594,
    0.00014204545004758984,
    0.0007102272938936949,
    0.00014204545004758984,
    0.00042613636469468474,
    0.0002840909000951797,
    0.000994318164885044,
    0.00042613636469468474,
    0.0002840909000951797,
    0.0,
    0.00014204545004758984,
    0.0
  ],
  "waste": [
    0.008905424736440182,
    0.00789386685937643,
    0.008083161897957325,
    0.008148349821567535,
    0.007922280579805374,
    0.008002306334674358,
    0.008230811916291714,
    0.008283453993499279,
    0.008108355104923248,
    0.008182057179510593,
    0.008299341425299644,
    0.008282962255179882,
    0.008304755203425884,
    0.00840142834931612,
    0.008338130079209805,
    0.008476926013827324,
    0.008439984172582626,
    0.008429369889199734,
    0.008396715857088566,
    0.008292954415082932,
    0.008418097160756588,
    0.00835923757404089,
    0.008469156920909882,
    0.008384962566196918,
    0.008486011065542698,
    0.008478140458464622,
    0.008604122325778008,
    0.008666720241308212,
    0.008717389777302742,
    0.008894379250705242,
    0.008727333508431911,
    0.00876347441226244,
    0.008986094035208225
  ],
  "delta": [
    0.3081790804862976,
    0.40705081820487976,
    0.4271845519542694,
    0.4299907386302948,
    0.4243831932544708,
    0.4264197051525116,
    0.43564802408218384,
    0.4368671774864197,
    0.43095898628234863,
    0.43679654598236084,
    0.43540820479393005,
    0.44171929359436035,
    0.438675194978714,
    0.43397876620292664,
    0.44315090775489807,
    0.4350254535675049,
    0.44499272108078003,
    0.4442826807498932,
    0.4308314919471741,
    0.43895792961120605,
    0.4362090826034546,
    0.4443873465061188,
    0.43616583943367004,
    0.4361801743507385,
    0.4303824305534363,
    0.43158575892448425,
    0.4191504418849945,
    0.4047084450721741,
    0.41941627860069275,
    0.40350112318992615,
    0.4150558412075043,
    0.40873441100120544,
    0.3799870014190674
  ],
  "critic_loss": [
    0.06441455334424973,
    0.09099166095256805,
    0.09505405277013779,
    0.09486016631126404,
    0.09458699822425842,
    0.0940680056810379,
    0.09716583043336868,
    0.09720011800527573,
    0.09534910321235657,
    0.09689532220363617,
    0.0963689386844635,
    0.09939723461866379,
    0.09752916544675827,
    0.09540025889873505,
    0.09925621747970581,
    0.09556616097688675,
    0.10014471411705017,
    0.09953494369983673,
    0.09393087774515152,
    0.09726065397262573,
    0.09617143124341965,
    0.09961429983377457,
    0.09592253714799881,
    0.09605947881937027,
    0.09341992437839508,
    0.09390128403902054,
    0.08860094100236893,
    0.08282525092363358,
    0.0887671411037445,
    0.0821673646569252,
    0.08690807223320007,
    0.08417398482561111,
    0.07299487292766571
  ],
  "entropy_adjusted": [
    2.0002376004413236e-06,
    1.4010180393597693e-06,
    1.889121335807431e-06,
    2.3681875518377637e-06,
    2.5898052626871504e-06,
    1.955426114363945e-06,
    2.042363576038042e-06,
    1.723302148093353e-06,
    2.5807057681959122e-06,
    1.9296828668302624e-06,
    2.2168746909301262e-06,
    3.0193468774086796e-06,
    1.7317746596745565e-06,
    2.1237174223642796e-06,
    1.6853346096468158e-06,
    2.492936118869693e-06,
    1.5402372355310945e-06,
    2.0115203369641677e-06,
    2.1542073227465153e-06,
    1.762509214131569e-06,
    2.4243099687737413e-06,
    1.67312884968851e-06,
    1.4302817135103396e-06,
    1.4368739584824652e-06,
    2.1399421257228823e-06,
    1.4597445670005982e-06,
    1.681290314081707e-06,
    1.4028246368980035e-06,
    1.614197344679269e-06,
    1.5987635606506956e-06,
    1.2807909115508664e-06,
    1.5791438272572123e-06,
    2.0679526642197743e-06
  ],
  "actor_loss": [
    1.0079219237013604e-06,
    1.0171524991164915e-06,
    1.462858563172631e-06,
    1.5864000033616321e-06,
    1.7433827679269598e-06,
    1.2846530808019452e-06,
    1.8678647393244319e-06,
    1.761271846589807e-06,
    2.4474059046042385e-06,
    1.55631209963758e-06,
    2.1511582417588215e-06,
    3.410361614442081e-06,
    1.381005063194607e-06,
    2.5770082174858544e-06,
    1.445710609004891e-06,
    2.5329377422167454e-06,
    1.2241304148119525e-06,
    2.20996912503324e-06,
    1.698569803920691e-06,
    1.8254773976877914e-06,
    2.1055693650851026e-06,
    1.4584377368009882e-06,
    9.825080269365571e-07,
    1.1381223430362297e-06,
    2.573744950495893e-06,
    1.53469977703935e-06,
    2.0513600702543044e-06,
    1.1103111319243908e-06,
    1.4724361108164885e-06,
    9.45846466038347e-07,
    8.834527989165508e-07,
    1.8270250166096957e-06,
    2.257368578284513e-06
  ]
}