{
  "global_step": [
    6501,
    6502,
    6503,
    6504,
    6505,
    6506,
    6507,
    6508,
    6509,
    6510,
    6511,
    6512,
    6513,
    6514,
    6515,
    6516,
    6517,
    6518,
    6519,
    6520,
    6521,
    6522,
    6523,
    6524,
    6525,
    6526,
    6527,
    6528,
    6529,
    6530,
    6531,
    6532,
    6533
  ],
  "experience_step": [
    32,
    32,
    32,
    32,
    32,
    32,
    32,
    32,
    32,
    32,
    32,
    32,
    32,
    32,
    32,
    32,
    32,
    32,
    32,
    32,
    32,
    32,
    32,
    32,
    32,
    32,
    32,
    32,
    32,
    32,
    32,
    32,
    8
  ],
  "rewards": [
    0.4000365436077118,
    0.4996713101863861,
    0.518372118473053,
    0.5246365070343018,
    0.5126221776008606,
    0.5261017680168152,
    0.5241239070892334,
    0.5266807675361633,
    0.5273382067680359,
    0.5300339460372925,
    0.5342320799827576,
    0.5247471928596497,
    0.5307097434997559,
    0.5340553522109985,
    0.5327345728874207,
    0.5362745523452759,
    0.5273169875144958,
    0.5336450934410095,
    0.5319198369979858,
    0.5216764211654663,
    0.5204976797103882,
    0.5328835844993591,
    0.5228842496871948,
    0.5124374628067017,
    0.5258370637893677,
    0.527466893196106,
    0.4752471446990967,
    0.4991355836391449,
    0.48865002393722534,
    0.49714046716690063,
    0.49021533131599426,
    0.4805086553096771,
    0.4996710419654846
  ],
  "stockouts": [
    0.020028408616781235,
    0.023153409361839294,
    0.007386363577097654,
    0.0062500000931322575,
    0.008806818164885044,
    0.0049715908244252205,
    0.0038352273404598236,
    0.0032670453656464815,
    0.004403409082442522,
    0.002698863623663783,
    0.002698863623663783,
    0.0031250000465661287,
    0.0014204545877873898,
    0.0011363636003807187,
    0.0011363636003807187,
    0.000994318164885044,
    0.0005681818001903594,
    0.00042613636469468474,
    0.0005681818001903594,
    0.000994318164885044,
    0.0007102272938936949,
    0.0005681818001903594,
    0.00042613636469468474,
    0.0,
    0.00014204545004758984,
    0.0,
    0.0,
    0.00014204545004758984,
    0.00014204545004758984,
    0.0,
    0.00014204545004758984,
    0.0,
    0.0
  ],
  "waste": [
    0.009947984479367733,
    0.009217889048159122,
    0.009465345181524754,
    0.009431111626327038,
    0.009366541169583797,
    0.009487795643508434,
    0.00951192807406187,
    0.009657388553023338,
    0.00957845151424408,
    0.009540840052068233,
    0.009594665840268135,
    0.009699875488877296,
    0.009624573402106762,
    0.009835813194513321,
    0.009797620587050915,
    0.009729260578751564,
    0.009777405299246311,
    0.009826678782701492,
    0.00991073064506054,
    0.009934671223163605,
    0.010032085701823235,
    0.009627549909055233,
    0.00988056045025587,
    0.00998727697879076,
    0.009882913902401924,
    0.009877653792500496,
    0.010258094407618046,
    0.01014568842947483,
    0.010232324711978436,
    0.01039710734039545,
    0.010336351580917835,
    0.01044799666851759,
    0.010730919428169727
  ],
  "delta": [
    0.3285990357398987,
    0.430077463388443,
    0.4475311040878296,
    0.4543539583683014,
    0.44206365942955017,
    0.45579293370246887,
    0.4526385962963104,
    0.45609745383262634,
    0.4562686085700989,
    0.4585156738758087,
    0.46388494968414307,
    0.4547088146209717,
    0.4606015980243683,
    0.4629814922809601,
    0.46179836988449097,
    0.46520620584487915,
    0.4562819004058838,
    0.46324241161346436,
    0.46069973707199097,
    0.45116734504699707,
    0.44932177662849426,
    0.4616623520851135,
    0.45137566328048706,
    0.4413382112979889,
    0.45478907227516174,
    0.4561961889266968,
    0.40518125891685486,
    0.4286796450614929,
    0.41822266578674316,
    0.4257810711860657,
    0.4200049638748169,
    0.40986189246177673,
    0.42830678820610046
  ],
  "critic_loss": [
    0.07000330835580826,
    0.1029515191912651,
    0.10428270697593689,
    0.10614179819822311,
    0.10186732560396194,
    0.10623224079608917,
    0.1044146716594696,
    0.10585059970617294,
    0.1064000129699707,
    0.10683970153331757,
    0.10943637043237686,
    0.10512308776378632,
    0.10730370879173279,
    0.10826903581619263,
    0.10764089971780777,
    0.10932963341474533,
    0.10519227385520935,
    0.10814128071069717,
    0.1070294976234436,
    0.10278578102588654,
    0.1020122691988945,
    0.10748317092657089,
    0.10274321585893631,
    0.09831418842077255,
    0.10423319786787033,
    0.10483748465776443,
    0.08299893140792847,
    0.09276830404996872,
    0.08836615830659866,
    0.09162389487028122,
    0.08916392177343369,
    0.0848080962896347,
    0.09247472137212753
  ],
  "entropy_adjusted": [
    3.1344090984930517e-06,
    3.0556004730897257e-06,
    3.8136936382215936e-06,
    3.7697077459597494e-06,
    3.579409622034291e-06,
    3.246391997890896e-06,
    3.7877880458836444e-06,
    4.087014531251043e-06,
    4.007772986369673e-06,
    3.999659838882508e-06,
    3.6607316360459663e-06,
    4.519341018749401e-06,
    3.5735424717131536e-06,
    2.5907954750437057e-06,
    2.783717491183779e-06,
    4.489189450396225e-06,
    3.818136519839754e-06,
    4.1191074160451535e-06,
    2.5883864509523846e-06,
    2.899626906582853e-06,
    3.046428446396021e-06,
    2.677634711290011e-06,
    2.8779827516700607e-06,
    2.106913598254323e-06,
    2.8476961233536713e-06,
    2.4680552996869665e-06,
    3.273933771197335e-06,
    2.97899282486469e-06,
    2.4483540528308367e-06,
    1.6963729194685584e-06,
    2.1221947008598363e-06,
    1.4300096609076718e-06,
    1.125438302551629e-06
  ],
  "actor_loss": [
    2.071299149974948e-06,
    2.169931349271792e-06,
    3.4121849239454605e-06,
    3.9142314562923275e-06,
    3.734608753802604e-06,
    3.1955778467818163e-06,
    3.99833243136527e-06,
    4.080754933966091e-06,
    4.420203822519397e-06,
    4.06275876230211e-06,
    4.131272362428717e-06,
    4.240864200255601e-06,
    4.006595645478228e-06,
    2.440442358420114e-06,
    2.8231788746779785e-06,
    4.655913016904378e-06,
    4.777871254191268e-06,
    5.091806087875739e-06,
    2.4587645839346806e-06,
    3.119768962278613e-06,
    2.9472362257365603e-06,
    2.7817754926218186e-06,
    2.4841335743985837e-06,
    1.516630504738714e-06,
    2.740214313234901e-06,
    2.694173417694401e-06,
    3.0770966077398043e-06,
    3.008313797181472e-06,
    2.389440396655118e-06,
    9.92140599009872e-07,
    1.8677753814699827e-06,
    1.0684289009077474e-06,
    6.240832703952037e-07
  ]
}