{
  "global_step": [
    726,
    727,
    728,
    729,
    730,
    731,
    732,
    733,
    734,
    735,
    736,
    737,
    738,
    739,
    740,
    741,
    742,
    743,
    744,
    745,
    746,
    747,
    748,
    749,
    750,
    751,
    752,
    753,
    754,
    755,
    756,
    757,
    758
  ],
  "experience_step": [
    32,
    32,
    32,
    32,
    32,
    32,
    32,
    32,
    32,
    32,
    32,
    32,
    32,
    32,
    32,
    32,
    32,
    32,
    32,
    32,
    32,
    32,
    32,
    32,
    32,
    32,
    32,
    32,
    32,
    32,
    32,
    32,
    8
  ],
  "rewards": [
    0.30537906289100647,
    0.3541450798511505,
    0.37423771619796753,
    0.4044543504714966,
    0.3871084153652191,
    0.3798387050628662,
    0.4053235352039337,
    0.3936910331249237,
    0.39260077476501465,
    0.395900160074234,
    0.3989245891571045,
    0.4089311361312866,
    0.38765808939933777,
    0.40747687220573425,
    0.3941664397716522,
    0.3943125903606415,
    0.375587522983551,
    0.3924570381641388,
    0.37139350175857544,
    0.38912877440452576,
    0.3999769687652588,
    0.3853084146976471,
    0.37878525257110596,
    0.3799826204776764,
    0.35968950390815735,
    0.35270366072654724,
    0.33798494935035706,
    0.32096919417381287,
    0.3318689465522766,
    0.327828973531723,
    0.35558655858039856,
    0.31144773960113525,
    0.31709614396095276
  ],
  "stockouts": [
    0.020454544574022293,
    0.027272727340459824,
    0.008948863483965397,
    0.005681818351149559,
    0.010369318537414074,
    0.0072443182580173016,
    0.003693181788548827,
    0.003977272659540176,
    0.005681818351149559,
    0.003409090917557478,
    0.003409090917557478,
    0.004119317978620529,
    0.0021306818816810846,
    0.001988636329770088,
    0.0018465908942744136,
    0.0011363636003807187,
    0.0002840909000951797,
    0.0014204545877873898,
    0.0011363636003807187,
    0.000994318164885044,
    0.0015625000232830644,
    0.0005681818001903594,
    0.00042613636469468474,
    0.0008522727293893695,
    0.0002840909000951797,
    0.00042613636469468474,
    0.0007102272938936949,
    0.0002840909000951797,
    0.0,
    0.0002840909000951797,
    0.00042613636469468474,
    0.0,
    0.0
  ],
  "waste": [
    0.010987348854541779,
    0.010682561434805393,
    0.011354101821780205,
    0.011241457425057888,
    0.011094648391008377,
    0.01124999113380909,
    0.011598172597587109,
    0.011573360301554203,
    0.011426698416471481,
    0.011549287475645542,
    0.011431592516601086,
    0.0115104541182518,
    0.011855301447212696,
    0.011739793233573437,
    0.0117951026186347,
    0.01210783515125513,
    0.012136491946876049,
    0.012075920589268208,
    0.01214099396020174,
    0.011943986639380455,
    0.012063396163284779,
    0.01189772691577673,
    0.012123900465667248,
    0.01242205873131752,
    0.01239211205393076,
    0.01222097035497427,
    0.01236511766910553,
    0.012622052803635597,
    0.013003687374293804,
    0.012855484150350094,
    0.012413250282406807,
    0.012880786322057247,
    0.013169915415346622
  ],
  "delta": [
    0.27850332856178284,
    0.33129411935806274,
    0.34905144572257996,
    0.38275957107543945,
    0.36574679613113403,
    0.37059929966926575,
    0.38686448335647583,
    0.3640909790992737,
    0.374404639005661,
    0.38106274604797363,
    0.37524014711380005,
    0.3835219740867615,
    0.36029428243637085,
    0.3799654245376587,
    0.3701651692390442,
    0.3710241913795471,
    0.348152220249176,
    0.37074440717697144,
    0.3447219133377075,
    0.3626251816749573,
    0.3813275396823883,
    0.3691413998603821,
    0.35316002368927,
    0.36272120475769043,
    0.33413439989089966,
    0.3226863741874695,
    0.3145568072795868,
    0.30080172419548035,
    0.3181166648864746,
    0.3072699010372162,
    0.3298998177051544,
    0.29181134700775146,
    0.2935168147087097
  ],
  "critic_loss": [
    0.20169872045516968,
    0.18531399965286255,
    0.17281237244606018,
    0.17984901368618011,
    0.1913524866104126,
    0.17555518448352814,
    0.17493005096912384,
    0.1649346947669983,
    0.17335332930088043,
    0.16515295207500458,
    0.16463901102542877,
    0.16867831349372864,
    0.1558012217283249,
    0.16215622425079346,
    0.1553286463022232,
    0.1567758023738861,
    0.1475362926721573,
    0.1507737636566162,
    0.1404949128627777,
    0.14599797129631042,
    0.1567724198102951,
    0.1483159214258194,
    0.143716961145401,
    0.14506782591342926,
    0.13367387652397156,
    0.13051685690879822,
    0.1258825808763504,
    0.11973196268081665,
    0.13093803822994232,
    0.12647362053394318,
    0.1276610791683197,
    0.11965528875589371,
    0.11874455213546753
  ],
  "entropy_adjusted": [
    1.9904127839254215e-05,
    2.0073239284101874e-05,
    1.8482258383301087e-05,
    2.013252924371045e-05,
    1.9229828467359766e-05,
    1.801273538148962e-05,
    1.6475505617563613e-05,
    1.9134682588628493e-05,
    1.8460634237271734e-05,
    1.8885370081989095e-05,
    1.8168389942729846e-05,
    1.8840803022612818e-05,
    1.7015752746374346e-05,
    1.9000439351657405e-05,
    1.745573536027223e-05,
    1.730832264001947e-05,
    1.5680197975598276e-05,
    1.5984327546902932e-05,
    1.7524049326311797e-05,
    1.514743416919373e-05,
    1.5075547707965598e-05,
    1.3464960829878692e-05,
    1.8345264834351838e-05,
    1.4772257600270677e-05,
    1.5023867490526754e-05,
    1.463492662878707e-05,
    1.3007686902710702e-05,
    1.551252898934763e-05,
    1.1827216439996846e-05,
    1.3906504136684816e-05,
    1.4669864867755678e-05,
    1.3185555872041732e-05,
    1.2000705282844137e-05
  ],
  "actor_loss": [
    4.33715722465422e-05,
    3.319712413940579e-05,
    3.073910920647904e-05,
    2.9779555916320533e-05,
    3.664162431959994e-05,
    2.5287157768616453e-05,
    2.24688646994764e-05,
    2.5258530513383448e-05,
    3.104332790826447e-05,
    2.5583778551663272e-05,
    2.74323010671651e-05,
    2.6799416446010582e-05,
    2.6953079213853925e-05,
    2.6711779355537146e-05,
    2.9157114113331772e-05,
    2.3515907741966657e-05,
    2.150489490304608e-05,
    2.0882072931271978e-05,
    2.0634513930417597e-05,
    1.9798671928583644e-05,
    1.7751624909578823e-05,
    1.5251148397510406e-05,
    2.316535756108351e-05,
    1.7853322788141668e-05,
    2.1293073587003164e-05,
    1.8096345229423605e-05,
    1.4152806215861347e-05,
    1.9759083443204872e-05,
    1.3669819054484833e-05,
    1.575952410348691e-05,
    1.600582072569523e-05,
    1.081465779861901e-05,
    1.8447188267600723e-05
  ]
}