{
  "global_step": [
    5973,
    5974,
    5975,
    5976,
    5977,
    5978,
    5979,
    5980,
    5981,
    5982,
    5983,
    5984,
    5985,
    5986,
    5987,
    5988,
    5989,
    5990,
    5991,
    5992,
    5993,
    5994,
    5995,
    5996,
    5997,
    5998,
    5999,
    6000,
    6001,
    6002,
    6003,
    6004,
    6005
  ],
  "experience_step": [
    32,
    32,
    32,
    32,
    32,
    32,
    32,
    32,
    32,
    32,
    32,
    32,
    32,
    32,
    32,
    32,
    32,
    32,
    32,
    32,
    32,
    32,
    32,
    32,
    32,
    32,
    32,
    32,
    32,
    32,
    32,
    32,
    8
  ],
  "rewards": [
    0.40976595878601074,
    0.49841585755348206,
    0.513440728187561,
    0.5225967168807983,
    0.5150700807571411,
    0.5193286538124084,
    0.5287704467773438,
    0.529151439666748,
    0.5279399752616882,
    0.5291386842727661,
    0.5293159484863281,
    0.5268197655677795,
    0.533891499042511,
    0.5272581577301025,
    0.526850700378418,
    0.526590883731842,
    0.5273750424385071,
    0.5331260561943054,
    0.521553099155426,
    0.5159525871276855,
    0.5179222226142883,
    0.5352425575256348,
    0.5258137583732605,
    0.5154644846916199,
    0.5313632488250732,
    0.506929874420166,
    0.5017382502555847,
    0.497349351644516,
    0.504815399646759,
    0.488974004983902,
    0.4958484172821045,
    0.47548916935920715,
    0.4574129581451416
  ],
  "stockouts": [
    0.021448863670229912,
    0.024715909734368324,
    0.0078125,
    0.006107954774051905,
    0.009232954122126102,
    0.0062500000931322575,
    0.0038352273404598236,
    0.002414772752672434,
    0.004687500186264515,
    0.002414772752672434,
    0.0029829544946551323,
    0.0031250000465661287,
    0.001704545458778739,
    0.0015625000232830644,
    0.0012784090358763933,
    0.0014204545877873898,
    0.000994318164885044,
    0.0007102272938936949,
    0.0008522727293893695,
    0.0007102272938936949,
    0.00042613636469468474,
    0.0002840909000951797,
    0.00042613636469468474,
    0.0002840909000951797,
    0.00014204545004758984,
    0.00014204545004758984,
    0.0,
    0.0002840909000951797,
    0.0,
    0.00014204545004758984,
    0.0005681818001903594,
    0.0,
    0.0
  ],
  "waste": [
    0.009874185547232628,
    0.008765089325606823,
    0.009211891330778599,
    0.009075728245079517,
    0.009116965346038342,
    0.009214842692017555,
    0.009134650230407715,
    0.009286893531680107,
    0.009188937954604626,
    0.009101766161620617,
    0.009255746379494667,
    0.009223436936736107,
    0.009314530529081821,
    0.009391848929226398,
    0.00939664151519537,
    0.009518826380372047,
    0.009286397136747837,
    0.009347904473543167,
    0.009457172825932503,
    0.009369141422212124,
    0.009672303684055805,
    0.009298686869442463,
    0.009401416406035423,
    0.009434659965336323,
    0.00941718090325594,
    0.009567107073962688,
    0.009717804379761219,
    0.009670131839811802,
    0.009703709743916988,
    0.009788901545107365,
    0.009685576893389225,
    0.00977749191224575,
    0.010092947632074356
  ],
  "delta": [
    0.3424495458602905,
    0.434127539396286,
    0.4482821524143219,
    0.4587191641330719,
    0.4489711821079254,
    0.45425769686698914,
    0.46315449476242065,
    0.46366116404533386,
    0.4624847173690796,
    0.4641093313694,
    0.46409010887145996,
    0.4616818428039551,
    0.4679165184497833,
    0.46097949147224426,
    0.4614076018333435,
    0.4607822000980377,
    0.46119460463523865,
    0.46674710512161255,
    0.4565950334072113,
    0.4506306052207947,
    0.4522984027862549,
    0.4689711034297943,
    0.4603711664676666,
    0.4496175944805145,
    0.46524345874786377,
    0.4409022927284241,
    0.43652045726776123,
    0.43135473132133484,
    0.43984612822532654,
    0.42335155606269836,
    0.43067339062690735,
    0.40947142243385315,
    0.3907337486743927
  ],
  "critic_loss": [
    0.07648206502199173,
    0.106393001973629,
    0.10516806691884995,
    0.10845371335744858,
    0.10564783960580826,
    0.10657647997140884,
    0.10918277502059937,
    0.10913807153701782,
    0.11011427640914917,
    0.10936218500137329,
    0.10944227874279022,
    0.10848092287778854,
    0.11102095246315002,
    0.10756266862154007,
    0.10760164260864258,
    0.10744570940732956,
    0.10749383270740509,
    0.11008460074663162,
    0.10532018542289734,
    0.10272384434938431,
    0.1035274863243103,
    0.11102490872144699,
    0.10704094171524048,
    0.10202503204345703,
    0.10922237485647202,
    0.09819298982620239,
    0.09610209614038467,
    0.0940537229180336,
    0.09763241559267044,
    0.09054777026176453,
    0.09387756884098053,
    0.08461792767047882,
    0.0772872194647789
  ],
  "entropy_adjusted": [
    4.311986685934244e-06,
    3.883580575347878e-06,
    3.798386160269729e-06,
    5.1230767894594464e-06,
    3.654110741990735e-06,
    3.112091008006246e-06,
    3.929393187718233e-06,
    4.357650595920859e-06,
    4.0723252823227085e-06,
    3.95258393837139e-06,
    4.476064987102291e-06,
    4.4144157982373144e-06,
    3.3291646559518995e-06,
    3.4700553896982456e-06,
    3.5951059089711634e-06,
    4.440444627107354e-06,
    4.23881192546105e-06,
    3.4046347536786925e-06,
    4.112092028663028e-06,
    3.4121146654797485e-06,
    3.3655155675660353e-06,
    3.8163616409292445e-06,
    3.359996753715677e-06,
    2.9823966087860754e-06,
    3.560963705240283e-06,
    2.9073451059957733e-06,
    2.8196295716043096e-06,
    3.1483957627642667e-06,
    2.3602715373272076e-06,
    2.339459797440213e-06,
    3.115146910204203e-06,
    2.979481678266893e-06,
    3.11520193463366e-06
  ],
  "actor_loss": [
    3.436399765632814e-06,
    4.565292783809127e-06,
    3.5518141885404475e-06,
    5.851306468684925e-06,
    3.023802946700016e-06,
    2.668943125172518e-06,
    3.54125563717389e-06,
    4.2973201743734535e-06,
    3.5045529784838436e-06,
    3.62241576112865e-06,
    3.8040166145947296e-06,
    4.462233846425079e-06,
    3.828210537903942e-06,
    3.57592080035829e-06,
    3.681116595544154e-06,
    5.0265684876649175e-06,
    4.7224807531165425e-06,
    3.485906972855446e-06,
    4.555056420940673e-06,
    3.084684067289345e-06,
    3.465683903414174e-06,
    4.91659511681064e-06,
    3.5869704788638046e-06,
    2.6668642476579407e-06,
    3.866342467517825e-06,
    3.2608354558760766e-06,
    2.6473053367226385e-06,
    2.464847284500138e-06,
    2.327998572582146e-06,
    2.113913751600194e-06,
    3.052031843253644e-06,
    2.417497398710111e-06,
    1.9958990833401913e-06
  ]
}