{
  "global_step": [
    9273,
    9274,
    9275,
    9276,
    9277,
    9278,
    9279,
    9280,
    9281,
    9282,
    9283,
    9284,
    9285,
    9286,
    9287,
    9288,
    9289,
    9290,
    9291,
    9292,
    9293,
    9294,
    9295,
    9296,
    9297,
    9298,
    9299,
    9300,
    9301,
    9302,
    9303,
    9304,
    9305
  ],
  "experience_step": [
    32,
    32,
    32,
    32,
    32,
    32,
    32,
    32,
    32,
    32,
    32,
    32,
    32,
    32,
    32,
    32,
    32,
    32,
    32,
    32,
    32,
    32,
    32,
    32,
    32,
    32,
    32,
    32,
    32,
    32,
    32,
    32,
    8
  ],
  "rewards": [
    0.4218381643295288,
    0.5089403986930847,
    0.5282615423202515,
    0.5314943194389343,
    0.5147984623908997,
    0.5297331213951111,
    0.5421256422996521,
    0.5350607633590698,
    0.5283055901527405,
    0.5397424101829529,
    0.5332934260368347,
    0.5406647324562073,
    0.5305770635604858,
    0.541022539138794,
    0.5328513979911804,
    0.543868899345398,
    0.5370967984199524,
    0.543978214263916,
    0.5399529337882996,
    0.5341007709503174,
    0.5242376327514648,
    0.5427504181861877,
    0.5384075045585632,
    0.5214197635650635,
    0.5378685593605042,
    0.527407169342041,
    0.49798139929771423,
    0.5115360021591187,
    0.5183552503585815,
    0.5165446400642395,
    0.5033296942710876,
    0.5026688575744629,
    0.4968287944793701
  ],
  "stockouts": [
    0.019176136702299118,
    0.022017044946551323,
    0.00639204541221261,
    0.004545454401522875,
    0.007670454680919647,
    0.005113636143505573,
    0.0025568180717527866,
    0.0022727272007614374,
    0.003693181788548827,
    0.001988636329770088,
    0.002698863623663783,
    0.002698863623663783,
    0.0012784090358763933,
    0.0011363636003807187,
    0.0011363636003807187,
    0.0008522727293893695,
    0.0002840909000951797,
    0.0002840909000951797,
    0.0007102272938936949,
    0.00042613636469468474,
    0.0002840909000951797,
    0.0002840909000951797,
    0.00042613636469468474,
    0.0,
    0.0,
    0.0,
    0.0,
    0.0,
    0.0,
    0.00014204545004758984,
    0.0,
    0.0,
    0.0
  ],
  "waste": [
    0.01033313199877739,
    0.00967156421393156,
    0.009959454648196697,
    0.010092802345752716,
    0.009839053265750408,
    0.009999743662774563,
    0.010057787410914898,
    0.010073051787912846,
    0.010150790214538574,
    0.01004899013787508,
    0.010214469395577908,
    0.010171446017920971,
    0.010252398438751698,
    0.010167484171688557,
    0.01043731439858675,
    0.010276801884174347,
    0.010342416353523731,
    0.010354772210121155,
    0.010264026001095772,
    0.010323353111743927,
    0.010517601855099201,
    0.010172918438911438,
    0.010324076749384403,
    0.010441446676850319,
    0.010465037077665329,
    0.01045259553939104,
    0.010721358470618725,
    0.010690651834011078,
    0.010709093883633614,
    0.010646594688296318,
    0.010784429498016834,
    0.010753464885056019,
    0.010804194957017899
  ],
  "delta": [
    0.3209467828273773,
    0.41331738233566284,
    0.4300696551799774,
    0.43387624621391296,
    0.4173234701156616,
    0.43245425820350647,
    0.4444688856601715,
    0.4370555579662323,
    0.43113458156585693,
    0.44181394577026367,
    0.4356152415275574,
    0.4436545670032501,
    0.4319722354412079,
    0.44296881556510925,
    0.4346298575401306,
    0.4458996057510376,
    0.43875038623809814,
    0.44577935338020325,
    0.4414184093475342,
    0.4362592101097107,
    0.4256111979484558,
    0.44431111216545105,
    0.44042733311653137,
    0.42285263538360596,
    0.43971484899520874,
    0.42925670742988586,
    0.3998536169528961,
    0.41300007700920105,
    0.42038223147392273,
    0.41844791173934937,
    0.4052731692790985,
    0.40423789620399475,
    0.3997984826564789
  ],
  "critic_loss": [
    0.06458716839551926,
    0.09284879267215729,
    0.09536410123109818,
    0.096146360039711,
    0.09037808328866959,
    0.09563115984201431,
    0.10015419870615005,
    0.0967337116599083,
    0.09454923123121262,
    0.09884040057659149,
    0.0963241383433342,
    0.09974082559347153,
    0.09427206218242645,
    0.09908633679151535,
    0.09534898400306702,
    0.10029178857803345,
    0.09696053713560104,
    0.10004092007875443,
    0.09828677028417587,
    0.0959450826048851,
    0.09136731922626495,
    0.09941626340150833,
    0.0977272242307663,
    0.09014040231704712,
    0.09732966870069504,
    0.0928376317024231,
    0.0807032361626625,
    0.08600568771362305,
    0.0892600491642952,
    0.08823055028915405,
    0.08284981548786163,
    0.0823436826467514,
    0.08063147962093353
  ],
  "entropy_adjusted": [
    2.406531166343484e-06,
    2.6447100935911294e-06,
    2.0934812710038386e-06,
    3.351624627612182e-06,
    3.2512020879948977e-06,
    3.365120846865466e-06,
    2.460028781570145e-06,
    2.8261576971999602e-06,
    1.8490189859221573e-06,
    2.270576487717335e-06,
    2.8809840841859113e-06,
    2.322120735698263e-06,
    2.2948950118006906e-06,
    2.6433754101162776e-06,
    1.868982394626073e-06,
    1.919264377647778e-06,
    1.6602568848611554e-06,
    1.6295292653012439e-06,
    1.6120258123919484e-06,
    2.3312884422921343e-06,
    2.0532540929707466e-06,
    1.654517632232455e-06,
    1.766172431416635e-06,
    1.831596705414995e-06,
    1.0687807616704958e-06,
    1.4845884379610652e-06,
    1.420148009856348e-06,
    1.5540822460025083e-06,
    1.4897060509611038e-06,
    9.298221357312286e-07,
    1.349363628833089e-06,
    1.292627985094441e-06,
    1.147053126260289e-06
  ],
  "actor_loss": [
    1.2671595186475315e-06,
    2.6558677745924797e-06,
    1.8803377770382212e-06,
    3.3841670301626436e-06,
    2.482609716025763e-06,
    3.0523597160936333e-06,
    2.253241518701543e-06,
    2.3833524664951256e-06,
    1.283006554331223e-06,
    1.9951173726440175e-06,
    2.848770691343816e-06,
    2.1861683308088686e-06,
    2.1229955109447474e-06,
    2.6803829769050935e-06,
    1.7216777905559866e-06,
    1.9798626453848556e-06,
    1.6768011619205936e-06,
    1.5692475017203833e-06,
    1.6803334119686042e-06,
    2.3263776256499114e-06,
    1.512491962785134e-06,
    1.3588831961897085e-06,
    1.5922098555165576e-06,
    1.5465242313439376e-06,
    8.973294143288513e-07,
    1.2486535752032069e-06,
    1.3557321381085785e-06,
    1.2621508176380303e-06,
    1.1136202147099539e-06,
    9.581946187608992e-07,
    1.0002956969401566e-06,
    1.0214345138592762e-06,
    3.8134331248329545e-07
  ]
}