{
  "global_step": [
    14553,
    14554,
    14555,
    14556,
    14557,
    14558,
    14559,
    14560,
    14561,
    14562,
    14563,
    14564,
    14565,
    14566,
    14567,
    14568,
    14569,
    14570,
    14571,
    14572,
    14573,
    14574,
    14575,
    14576,
    14577,
    14578,
    14579,
    14580,
    14581,
    14582,
    14583,
    14584,
    14585
  ],
  "experience_step": [
    32,
    32,
    32,
    32,
    32,
    32,
    32,
    32,
    32,
    32,
    32,
    32,
    32,
    32,
    32,
    32,
    32,
    32,
    32,
    32,
    32,
    32,
    32,
    32,
    32,
    32,
    32,
    32,
    32,
    32,
    32,
    32,
    8
  ],
  "rewards": [
    0.43273672461509705,
    0.5186572074890137,
    0.5323298573493958,
    0.5449116230010986,
    0.5311436057090759,
    0.5324224829673767,
    0.5446634888648987,
    0.5447787642478943,
    0.5473132729530334,
    0.5532702207565308,
    0.5476138591766357,
    0.5449232459068298,
    0.5471996068954468,
    0.548673152923584,
    0.5472614169120789,
    0.5459619760513306,
    0.5501987934112549,
    0.548250138759613,
    0.5501769185066223,
    0.5358738899230957,
    0.5519635081291199,
    0.5530906915664673,
    0.5414000153541565,
    0.5336236953735352,
    0.5438383221626282,
    0.5435012578964233,
    0.5268246531486511,
    0.524824857711792,
    0.5281350612640381,
    0.521578848361969,
    0.5197744369506836,
    0.5107269287109375,
    0.5123985409736633
  ],
  "stockouts": [
    0.020738637074828148,
    0.02457386441528797,
    0.0072443182580173016,
    0.005539772566407919,
    0.008806818164885044,
    0.0072443182580173016,
    0.0028409091755747795,
    0.0028409091755747795,
    0.003693181788548827,
    0.0025568180717527866,
    0.002698863623663783,
    0.0032670453656464815,
    0.0014204545877873898,
    0.0022727272007614374,
    0.000994318164885044,
    0.0007102272938936949,
    0.0005681818001903594,
    0.0007102272938936949,
    0.0011363636003807187,
    0.0007102272938936949,
    0.0008522727293893695,
    0.0002840909000951797,
    0.00014204545004758984,
    0.0002840909000951797,
    0.0,
    0.0,
    0.0,
    0.0,
    0.0002840909000951797,
    0.00014204545004758984,
    0.00014204545004758984,
    0.00014204545004758984,
    0.0
  ],
  "waste": [
    0.00964555237442255,
    0.008831593208014965,
    0.009139619767665863,
    0.009123498573899269,
    0.008900299668312073,
    0.009108280763030052,
    0.00915576796978712,
    0.009172013029456139,
    0.009111316874623299,
    0.00921123567968607,
    0.009212842211127281,
    0.009219026193022728,
    0.009282217361032963,
    0.009336153976619244,
    0.009336126036942005,
    0.0093380743637681,
    0.009538629092276096,
    0.00937493797391653,
    0.009486288763582706,
    0.009580942802131176,
    0.009470603428781033,
    0.00953291729092598,
    0.009501107968389988,
    0.009615462273359299,
    0.009706241078674793,
    0.00947710033506155,
    0.009848072193562984,
    0.009928544983267784,
    0.009956673718988895,
    0.009939111769199371,
    0.00998828187584877,
    0.010162726044654846,
    0.010259182192385197
  ],
  "delta": [
    0.2787885367870331,
    0.37290284037590027,
    0.3838673532009125,
    0.39538899064064026,
    0.38055551052093506,
    0.38404718041419983,
    0.39483413100242615,
    0.39504098892211914,
    0.39802220463752747,
    0.4034523069858551,
    0.39832237362861633,
    0.3960007131099701,
    0.3976779580116272,
    0.3993729054927826,
    0.3975953459739685,
    0.39650997519493103,
    0.4008486568927765,
    0.397754043340683,
    0.4007472097873688,
    0.3864975869655609,
    0.4017147421836853,
    0.40322598814964294,
    0.3921222388744354,
    0.38371551036834717,
    0.3944282531738281,
    0.3937934935092926,
    0.37706732749938965,
    0.37462759017944336,
    0.3782774806022644,
    0.37192222476005554,
    0.3698289692401886,
    0.3610675036907196,
    0.3619229197502136
  ],
  "critic_loss": [
    0.05169452354311943,
    0.07621049880981445,
    0.07627828419208527,
    0.0799059271812439,
    0.07557672262191772,
    0.07583193480968475,
    0.0790586993098259,
    0.0793532282114029,
    0.08060438930988312,
    0.082551971077919,
    0.08057849109172821,
    0.07964445650577545,
    0.08001767843961716,
    0.08059550821781158,
    0.07979529350996017,
    0.07933875173330307,
    0.08097411692142487,
    0.07979252189397812,
    0.0810149684548378,
    0.07545328140258789,
    0.08147836476564407,
    0.08189503103494644,
    0.07752444595098495,
    0.07426109164953232,
    0.07842595875263214,
    0.07810387760400772,
    0.07169193029403687,
    0.07083854079246521,
    0.07234252244234085,
    0.06989556550979614,
    0.06911580264568329,
    0.06584114581346512,
    0.0661364495754242
  ],
  "entropy_adjusted": [
    1.2735466725644073e-06,
    1.1627842013695044e-06,
    1.6395106285926886e-06,
    1.4875827218929771e-06,
    1.5955399703670992e-06,
    1.8154011058868491e-06,
    1.766374566614104e-06,
    1.8300416968486388e-06,
    1.4155066310195252e-06,
    1.4095031701799599e-06,
    1.9176634395989822e-06,
    1.5323262232413981e-06,
    1.4489517070614966e-06,
    1.4711603171235765e-06,
    1.4282785514296847e-06,
    8.12489531654137e-07,
    1.5198554592643632e-06,
    1.0016359510700568e-06,
    1.3460999070957769e-06,
    1.7542797650094144e-06,
    7.498725267396367e-07,
    1.1548588645382551e-06,
    1.2480296618377906e-06,
    1.3121790516379406e-06,
    1.387076849823643e-06,
    1.8718874343903735e-06,
    1.2143281082899193e-06,
    6.857023322481837e-07,
    1.228240193995589e-06,
    8.963756386037858e-07,
    7.88010311225662e-07,
    6.546605959556473e-07,
    3.666505961064104e-07
  ],
  "actor_loss": [
    4.0993899119712296e-07,
    7.419083658533054e-07,
    1.4750061154700234e-06,
    1.2197471050967579e-06,
    1.4144936812954256e-06,
    1.2735836207866669e-06,
    1.6587111986154923e-06,
    1.5562799262625049e-06,
    9.384987720295612e-07,
    1.2040649153277627e-06,
    1.4055758583708666e-06,
    1.0392717513241223e-06,
    1.5284908840840217e-06,
    1.5286755115084816e-06,
    1.3878320714866277e-06,
    3.4096896683877276e-07,
    1.3412263797363266e-06,
    7.188193649199093e-07,
    9.223667234437016e-07,
    1.3175581443647388e-06,
    5.30834995515761e-07,
    7.922959639472538e-07,
    8.51461777529039e-07,
    9.479211371399288e-07,
    1.1629974778770702e-06,
    1.7809644532462698e-06,
    7.726851549705316e-07,
    2.852169700418017e-07,
    9.519620220999059e-07,
    5.924085257902334e-07,
    5.092566084385908e-07,
    4.13304860558128e-07,
    3.4538805948614026e-07
  ]
}