{
  "global_step": [
    12177,
    12178,
    12179,
    12180,
    12181,
    12182,
    12183,
    12184,
    12185,
    12186,
    12187,
    12188,
    12189,
    12190,
    12191,
    12192,
    12193,
    12194,
    12195,
    12196,
    12197,
    12198,
    12199,
    12200,
    12201,
    12202,
    12203,
    12204,
    12205,
    12206,
    12207,
    12208,
    12209
  ],
  "experience_step": [
    32,
    32,
    32,
    32,
    32,
    32,
    32,
    32,
    32,
    32,
    32,
    32,
    32,
    32,
    32,
    32,
    32,
    32,
    32,
    32,
    32,
    32,
    32,
    32,
    32,
    32,
    32,
    32,
    32,
    32,
    32,
    32,
    8
  ],
  "rewards": [
    0.43558329343795776,
    0.5101369619369507,
    0.5333218574523926,
    0.5398351550102234,
    0.5233910083770752,
    0.539391815662384,
    0.5452913045883179,
    0.5509629845619202,
    0.5346965193748474,
    0.5499981045722961,
    0.5415691137313843,
    0.5458410978317261,
    0.5396541357040405,
    0.5493367314338684,
    0.5443082451820374,
    0.5452641844749451,
    0.5386137962341309,
    0.5489034652709961,
    0.5453912615776062,
    0.5424706935882568,
    0.5348943471908569,
    0.5522803068161011,
    0.544148862361908,
    0.5407134890556335,
    0.541695773601532,
    0.5321452617645264,
    0.49984246492385864,
    0.5242889523506165,
    0.511538028717041,
    0.5130187273025513,
    0.5208218097686768,
    0.5141685009002686,
    0.5019508600234985
  ],
  "stockouts": [
    0.02031249925494194,
    0.022727273404598236,
    0.0072443182580173016,
    0.005397727247327566,
    0.007954545319080353,
    0.005681818351149559,
    0.0032670453656464815,
    0.0021306818816810846,
    0.004261363763362169,
    0.0022727272007614374,
    0.0022727272007614374,
    0.002698863623663783,
    0.0011363636003807187,
    0.0014204545877873898,
    0.0011363636003807187,
    0.0007102272938936949,
    0.0002840909000951797,
    0.0005681818001903594,
    0.0007102272938936949,
    0.0005681818001903594,
    0.0011363636003807187,
    0.0002840909000951797,
    0.0002840909000951797,
    0.00014204545004758984,
    0.00014204545004758984,
    0.00014204545004758984,
    0.00014204545004758984,
    0.00014204545004758984,
    0.0,
    0.0,
    0.00014204545004758984,
    0.0,
    0.0
  ],
  "waste": [
    0.010110302828252316,
    0.009483998641371727,
    0.00967490766197443,
    0.009675154462456703,
    0.009533113799989223,
    0.009702220559120178,
    0.009711111895740032,
    0.009733296930789948,
    0.009646705351769924,
    0.009765172377228737,
    0.009778819046914577,
    0.009876223281025887,
    0.009919623844325542,
    0.0098318075761199,
    0.009925930760800838,
    0.009951570071280003,
    0.009945054538547993,
    0.01007127296179533,
    0.009868394583463669,
    0.00998702459037304,
    0.009942633099853992,
    0.009732705540955067,
    0.01002445723861456,
    0.010073826648294926,
    0.010025487281382084,
    0.010100296698510647,
    0.010511741042137146,
    0.010324562899768353,
    0.010560729540884495,
    0.010495536960661411,
    0.010307676158845425,
    0.010486704297363758,
    0.010644086636602879
  ],
  "delta": [
    0.3065480887889862,
    0.3871212899684906,
    0.40722164511680603,
    0.4129045009613037,
    0.3962336778640747,
    0.41302454471588135,
    0.4191226065158844,
    0.4246750473976135,
    0.4070887863636017,
    0.4226445257663727,
    0.4146386981010437,
    0.41970130801200867,
    0.4122586250305176,
    0.42353954911231995,
    0.4182918071746826,
    0.4187465310096741,
    0.4120236039161682,
    0.42245906591415405,
    0.4187987446784973,
    0.4167238175868988,
    0.4081966280937195,
    0.4256047308444977,
    0.41786450147628784,
    0.41400638222694397,
    0.4151310324668884,
    0.4058559536933899,
    0.37325990200042725,
    0.3975712060928345,
    0.38473787903785706,
    0.3869207799434662,
    0.39427945017814636,
    0.38774392008781433,
    0.3745822310447693
  ],
  "critic_loss": [
    0.05904628708958626,
    0.0818614810705185,
    0.08631595224142075,
    0.08730879426002502,
    0.0817989856004715,
    0.08724834024906158,
    0.0892975926399231,
    0.09132333099842072,
    0.08498616516590118,
    0.09062318503856659,
    0.08718166500329971,
    0.0894254520535469,
    0.08591802418231964,
    0.09070470929145813,
    0.08838385343551636,
    0.08837345242500305,
    0.08557408303022385,
    0.08996212482452393,
    0.08853062987327576,
    0.08757733553647995,
    0.0842486172914505,
    0.09119898825883865,
    0.08794471621513367,
    0.08638934791088104,
    0.08683829009532928,
    0.08298483490943909,
    0.07038072496652603,
    0.07963134348392487,
    0.07485637068748474,
    0.07556020468473434,
    0.0783674493432045,
    0.07588361948728561,
    0.07090508937835693
  ],
  "entropy_adjusted": [
    1.6260405573120806e-06,
    1.7233770677194116e-06,
    1.518600129202241e-06,
    2.060776296275435e-06,
    1.6854107798280893e-06,
    1.5499749679293018e-06,
    1.9978849650215125e-06,
    1.584126152920362e-06,
    2.314861376362387e-06,
    1.8974856175191235e-06,
    2.1064956854388583e-06,
    2.459167490087566e-06,
    2.3834611511119874e-06,
    1.4956117411202285e-06,
    1.598878952790983e-06,
    1.6565647911193082e-06,
    1.1962821417910163e-06,
    1.1545885172381531e-06,
    1.794561057977262e-06,
    1.7496366808700259e-06,
    1.7669923408902832e-06,
    1.6992065638987697e-06,
    1.5900275229796534e-06,
    1.3771962130704196e-06,
    1.312549670728913e-06,
    1.4996404615885695e-06,
    1.253931031897082e-06,
    1.2601242360688047e-06,
    1.0454789389768848e-06,
    1.712915377538593e-06,
    1.000037855192204e-06,
    7.401551442853815e-07,
    7.828937782505818e-07
  ],
  "actor_loss": [
    1.0131756198461517e-06,
    1.231574970006477e-06,
    1.0564605190666043e-06,
    1.6842881223055883e-06,
    1.1371114396752091e-06,
    1.502178292867029e-06,
    1.7964373455470195e-06,
    1.2877839026259608e-06,
    1.875949010354816e-06,
    1.5846972019062378e-06,
    2.3012155452306615e-06,
    2.32677189160313e-06,
    2.392226406300324e-06,
    1.3990492107041064e-06,
    1.2228836112626595e-06,
    1.0373346412961837e-06,
    1.1679106819428853e-06,
    8.151397992151033e-07,
    1.813029712138814e-06,
    1.92092738870997e-06,
    1.8387326008451055e-06,
    1.9840294953610282e-06,
    1.4141123756417073e-06,
    1.1316731161059579e-06,
    1.1296363027213374e-06,
    1.2436364613677142e-06,
    8.896975600691803e-07,
    1.1344695849402342e-06,
    9.470330155636475e-07,
    1.345841383226798e-06,
    7.073800816215225e-07,
    4.89367948830477e-07,
    6.932525025149516e-07
  ]
}