{
  "global_step": [
    5280,
    5281,
    5282,
    5283,
    5284,
    5285,
    5286,
    5287,
    5288,
    5289,
    5290,
    5291,
    5292,
    5293,
    5294,
    5295,
    5296,
    5297,
    5298,
    5299,
    5300,
    5301,
    5302,
    5303,
    5304,
    5305,
    5306,
    5307,
    5308,
    5309,
    5310,
    5311,
    5312
  ],
  "experience_step": [
    32,
    32,
    32,
    32,
    32,
    32,
    32,
    32,
    32,
    32,
    32,
    32,
    32,
    32,
    32,
    32,
    32,
    32,
    32,
    32,
    32,
    32,
    32,
    32,
    32,
    32,
    32,
    32,
    32,
    32,
    32,
    32,
    8
  ],
  "rewards": [
    0.41590285301208496,
    0.48695316910743713,
    0.5119973421096802,
    0.517441987991333,
    0.5001999735832214,
    0.5299265384674072,
    0.5236355066299438,
    0.5252995491027832,
    0.5140505433082581,
    0.5234053730964661,
    0.523126482963562,
    0.5238221883773804,
    0.5200008749961853,
    0.5291708707809448,
    0.5170480012893677,
    0.5132993459701538,
    0.5184100866317749,
    0.525459885597229,
    0.5167705416679382,
    0.5274765491485596,
    0.5211542844772339,
    0.5168444514274597,
    0.5029988288879395,
    0.5082748532295227,
    0.5165266990661621,
    0.5079643726348877,
    0.4897075891494751,
    0.4874282777309418,
    0.47891783714294434,
    0.47516974806785583,
    0.5009265542030334,
    0.4899177849292755,
    0.45425206422805786
  ],
  "stockouts": [
    0.017045455053448677,
    0.021590908989310265,
    0.00639204541221261,
    0.005113636143505573,
    0.007954545319080353,
    0.004687500186264515,
    0.0032670453656464815,
    0.0018465908942744136,
    0.0031250000465661287,
    0.001704545458778739,
    0.001988636329770088,
    0.0029829544946551323,
    0.0011363636003807187,
    0.0011363636003807187,
    0.0007102272938936949,
    0.00042613636469468474,
    0.00014204545004758984,
    0.0005681818001903594,
    0.0005681818001903594,
    0.00042613636469468474,
    0.0002840909000951797,
    0.0002840909000951797,
    0.00014204545004758984,
    0.00014204545004758984,
    0.00014204545004758984,
    0.0002840909000951797,
    0.0,
    0.0,
    0.0,
    0.0,
    0.00014204545004758984,
    0.0,
    0.0
  ],
  "waste": [
    0.010756252333521843,
    0.010119237005710602,
    0.010387030430138111,
    0.010291335172951221,
    0.010339513421058655,
    0.010318318381905556,
    0.010566625744104385,
    0.010594915598630905,
    0.010498788207769394,
    0.01052932534366846,
    0.010633990168571472,
    0.010667869821190834,
    0.010686501860618591,
    0.01084704790264368,
    0.010911795310676098,
    0.011006061919033527,
    0.010761470533907413,
    0.010842839255928993,
    0.011028623208403587,
    0.011028439737856388,
    0.010836699046194553,
    0.01101696491241455,
    0.011009827256202698,
    0.011223179288208485,
    0.010876727290451527,
    0.010959924198687077,
    0.011305410414934158,
    0.01106476690620184,
    0.011232668533921242,
    0.011310900561511517,
    0.011047805659472942,
    0.011156764812767506,
    0.011361190117895603
  ],
  "delta": [
    0.35726258158683777,
    0.4292781352996826,
    0.45267796516418457,
    0.45965710282325745,
    0.44094571471214294,
    0.471437007188797,
    0.46452635526657104,
    0.46715885400772095,
    0.45592305064201355,
    0.46475329995155334,
    0.46414175629615784,
    0.4655299186706543,
    0.46165966987609863,
    0.47048914432525635,
    0.4589579403400421,
    0.4552106559276581,
    0.45969292521476746,
    0.46707266569137573,
    0.45827698707580566,
    0.4686705470085144,
    0.4621252715587616,
    0.45833510160446167,
    0.44418153166770935,
    0.4502108693122864,
    0.45747676491737366,
    0.4505734145641327,
    0.43088290095329285,
    0.42930349707603455,
    0.4197295308113098,
    0.416805624961853,
    0.44228091835975647,
    0.43095189332962036,
    0.3959723114967346
  ],
  "critic_loss": [
    0.07850021123886108,
    0.10360146313905716,
    0.10702801495790482,
    0.1086752638220787,
    0.10231947153806686,
    0.11418472975492477,
    0.1099180206656456,
    0.11062686145305634,
    0.10614035278558731,
    0.10951017588376999,
    0.10934732109308243,
    0.11039052158594131,
    0.10787460952997208,
    0.11184971034526825,
    0.10634353756904602,
    0.104682557284832,
    0.10651180893182755,
    0.11006593704223633,
    0.1060871034860611,
    0.11082154512405396,
    0.10777472704648972,
    0.10594917088747025,
    0.09953436255455017,
    0.10217513889074326,
    0.10554324090480804,
    0.1023639589548111,
    0.09370636194944382,
    0.09307485073804855,
    0.08909325301647186,
    0.08773354440927505,
    0.0986752063035965,
    0.09388241171836853,
    0.0790247991681099
  ],
  "entropy_adjusted": [
    4.184931185591267e-06,
    3.494852535368409e-06,
    4.8407737267552875e-06,
    4.87176976093906e-06,
    4.6145451051415876e-06,
    4.103503670194186e-06,
    4.006290510005783e-06,
    3.922179530491121e-06,
    4.85604141431395e-06,
    4.852340225625085e-06,
    4.0875816011975985e-06,
    5.37771666131448e-06,
    5.463004526973236e-06,
    3.839602413790999e-06,
    3.4912327464553528e-06,
    5.468566541821929e-06,
    3.362026063769008e-06,
    3.9282381294469815e-06,
    3.891626420227112e-06,
    3.8206594581424724e-06,
    3.985453531640815e-06,
    3.32699755745125e-06,
    3.996243322035298e-06,
    3.6807984997722087e-06,
    3.2949442356766667e-06,
    3.5256095998192905e-06,
    3.821628979494562e-06,
    3.3099936445069034e-06,
    2.730440201048623e-06,
    3.6016722333442885e-06,
    4.016174443677301e-06,
    2.6965656161337392e-06,
    3.1124093311518664e-06
  ],
  "actor_loss": [
    2.7023429538530763e-06,
    2.6280097245034995e-06,
    5.434299964690581e-06,
    4.902512500848388e-06,
    4.561666628433159e-06,
    4.3515278775885236e-06,
    4.739321866509272e-06,
    3.4862966913351556e-06,
    4.733844889415195e-06,
    5.166215032659238e-06,
    5.02343027619645e-06,
    6.399420726665994e-06,
    6.260048849071609e-06,
    4.513986823440064e-06,
    2.957400511149899e-06,
    5.538387085834984e-06,
    3.2761890906840563e-06,
    4.562986759992782e-06,
    4.144754711887799e-06,
    4.084378815605305e-06,
    4.1449739001109265e-06,
    3.080210262851324e-06,
    4.642512976715807e-06,
    3.7394670471257996e-06,
    3.102838263657759e-06,
    3.5007640235562576e-06,
    3.2066509447759017e-06,
    2.388050688750809e-06,
    2.0611196305253543e-06,
    3.3873443499032874e-06,
    4.292095127311768e-06,
    2.343162577744806e-06,
    3.333230779389851e-06
  ]
}