{
  "global_step": [
    6039,
    6040,
    6041,
    6042,
    6043,
    6044,
    6045,
    6046,
    6047,
    6048,
    6049,
    6050,
    6051,
    6052,
    6053,
    6054,
    6055,
    6056,
    6057,
    6058,
    6059,
    6060,
    6061,
    6062,
    6063,
    6064,
    6065,
    6066,
    6067,
    6068,
    6069,
    6070,
    6071
  ],
  "experience_step": [
    32,
    32,
    32,
    32,
    32,
    32,
    32,
    32,
    32,
    32,
    32,
    32,
    32,
    32,
    32,
    32,
    32,
    32,
    32,
    32,
    32,
    32,
    32,
    32,
    32,
    32,
    32,
    32,
    32,
    32,
    32,
    32,
    8
  ],
  "rewards": [
    0.3930644690990448,
    0.49298346042633057,
    0.5161863565444946,
    0.5265809297561646,
    0.5092610716819763,
    0.520222008228302,
    0.5209610462188721,
    0.5278535485267639,
    0.5208646059036255,
    0.5286387801170349,
    0.5366500020027161,
    0.5282322764396667,
    0.5278764963150024,
    0.5254260897636414,
    0.5273487567901611,
    0.527229905128479,
    0.5260589718818665,
    0.5267773866653442,
    0.5136548280715942,
    0.5264055728912354,
    0.5198646783828735,
    0.5160261392593384,
    0.5244916677474976,
    0.5129058361053467,
    0.5269187092781067,
    0.5290956497192383,
    0.48988136649131775,
    0.4898437559604645,
    0.4925321340560913,
    0.4953470826148987,
    0.4892813563346863,
    0.4900404214859009,
    0.4513062834739685
  ],
  "stockouts": [
    0.021732954308390617,
    0.024147726595401764,
    0.007954545319080353,
    0.005397727247327566,
    0.009232954122126102,
    0.00639204541221261,
    0.003977272659540176,
    0.0031250000465661287,
    0.005113636143505573,
    0.0021306818816810846,
    0.0029829544946551323,
    0.0035511364694684744,
    0.0018465908942744136,
    0.0021306818816810846,
    0.0015625000232830644,
    0.000994318164885044,
    0.0007102272938936949,
    0.0005681818001903594,
    0.0005681818001903594,
    0.0008522727293893695,
    0.000994318164885044,
    0.0011363636003807187,
    0.00042613636469468474,
    0.00014204545004758984,
    0.0002840909000951797,
    0.00014204545004758984,
    0.0,
    0.00014204545004758984,
    0.0,
    0.0,
    0.00014204545004758984,
    0.0,
    0.0
  ],
  "waste": [
    0.009984802454710007,
    0.00897151604294777,
    0.009235496632754803,
    0.009131238795816898,
    0.009257524274289608,
    0.009247399866580963,
    0.009307198226451874,
    0.009353934787213802,
    0.009233667515218258,
    0.009335177950561047,
    0.009294549003243446,
    0.009352313354611397,
    0.009353348053991795,
    0.00934805627912283,
    0.009473160840570927,
    0.009375037625432014,
    0.009404721669852734,
    0.009319927543401718,
    0.00952859316021204,
    0.009422396309673786,
    0.009446967393159866,
    0.009341065771877766,
    0.009552961215376854,
    0.009580978192389011,
    0.009581384249031544,
    0.009506093338131905,
    0.009833036921918392,
    0.009795941412448883,
    0.00997413694858551,
    0.009861912578344345,
    0.009838812984526157,
    0.009903736412525177,
    0.010181722231209278
  ],
  "delta": [
    0.3258109986782074,
    0.4277953803539276,
    0.45017433166503906,
    0.46073612570762634,
    0.4423005282878876,
    0.45397838950157166,
    0.4557736814022064,
    0.46263587474823,
    0.4544263780117035,
    0.46235331892967224,
    0.47026804089546204,
    0.4619004726409912,
    0.46204128861427307,
    0.46014127135276794,
    0.4611690938472748,
    0.46217915415763855,
    0.459616094827652,
    0.4599706828594208,
    0.44727519154548645,
    0.4601699113845825,
    0.45380550622940063,
    0.4493061304092407,
    0.45858219265937805,
    0.446180135011673,
    0.4603818356990814,
    0.46290650963783264,
    0.4238370358943939,
    0.42339640855789185,
    0.42542439699172974,
    0.42849016189575195,
    0.4218197762966156,
    0.42368945479393005,
    0.3843183219432831
  ],
  "critic_loss": [
    0.07158495485782623,
    0.10328810662031174,
    0.10603668540716171,
    0.10916005820035934,
    0.10289765149354935,
    0.10633039474487305,
    0.10595688968896866,
    0.10899149626493454,
    0.10663176327943802,
    0.10834279656410217,
    0.11219555884599686,
    0.10877785831689835,
    0.1081780418753624,
    0.10741198807954788,
    0.10757695883512497,
    0.10797711461782455,
    0.10669899731874466,
    0.10686200112104416,
    0.10092364251613617,
    0.1069563776254654,
    0.10411369800567627,
    0.10211730748414993,
    0.1060870960354805,
    0.10035091638565063,
    0.10691658407449722,
    0.10792145878076553,
    0.09059986472129822,
    0.09041165560483932,
    0.09147261083126068,
    0.09256977587938309,
    0.08980291336774826,
    0.09065650403499603,
    0.0747872069478035
  ],
  "entropy_adjusted": [
    3.3538603929628152e-06,
    3.9373699110001326e-06,
    3.8000607673893683e-06,
    4.65152788819978e-06,
    4.2081537685589865e-06,
    4.542688202491263e-06,
    4.580835593515076e-06,
    3.932430445274804e-06,
    4.623776476364583e-06,
    4.954078121954808e-06,
    4.025421731057577e-06,
    3.7277836781868245e-06,
    3.243186711188173e-06,
    4.400840680318652e-06,
    3.118410631941515e-06,
    4.005405116913607e-06,
    3.545226718415506e-06,
    3.6830222143180436e-06,
    3.813567673205398e-06,
    3.50141158378392e-06,
    3.111677187916939e-06,
    3.2634920898999553e-06,
    4.076317509316141e-06,
    2.955809122795472e-06,
    2.0595371097442694e-06,
    2.800358288368443e-06,
    2.345979282836197e-06,
    3.55143833985494e-06,
    2.4082344225462293e-06,
    3.0251846965256846e-06,
    3.217601260985248e-06,
    1.7247068626602413e-06,
    3.1733193281979766e-06
  ],
  "actor_loss": [
    2.13359271583613e-06,
    3.856468538288027e-06,
    3.836760242847959e-06,
    4.449206244316883e-06,
    4.01872375732637e-06,
    4.621145308192354e-06,
    4.232753781252541e-06,
    4.388833076518495e-06,
    5.064163815404754e-06,
    5.074931323179044e-06,
    3.565812903616461e-06,
    4.080888174939901e-06,
    3.285505954409018e-06,
    5.2583964134100825e-06,
    3.194981673004804e-06,
    4.342941792856436e-06,
    4.267010353942169e-06,
    3.4258437153766863e-06,
    3.842327259917511e-06,
    3.889312665705802e-06,
    3.0883629733580165e-06,
    3.2693401408323552e-06,
    4.914666533295531e-06,
    2.9027078198851086e-06,
    2.2763340439269086e-06,
    3.324433009765926e-06,
    1.7343428453386878e-06,
    3.037168880837271e-06,
    1.8539594748290256e-06,
    3.048301778107998e-06,
    2.727538912949967e-06,
    1.3924811810284154e-06,
    2.7742546535591828e-06
  ]
}