{
  "global_step": [
    12375,
    12376,
    12377,
    12378,
    12379,
    12380,
    12381,
    12382,
    12383,
    12384,
    12385,
    12386,
    12387,
    12388,
    12389,
    12390,
    12391,
    12392,
    12393,
    12394,
    12395,
    12396,
    12397,
    12398,
    12399,
    12400,
    12401,
    12402,
    12403,
    12404,
    12405,
    12406,
    12407
  ],
  "experience_step": [
    32,
    32,
    32,
    32,
    32,
    32,
    32,
    32,
    32,
    32,
    32,
    32,
    32,
    32,
    32,
    32,
    32,
    32,
    32,
    32,
    32,
    32,
    32,
    32,
    32,
    32,
    32,
    32,
    32,
    32,
    32,
    32,
    8
  ],
  "rewards": [
    0.43018215894699097,
    0.5107197165489197,
    0.5334914326667786,
    0.5452913045883179,
    0.5290477275848389,
    0.5405815243721008,
    0.5428728461265564,
    0.5446127653121948,
    0.5467215180397034,
    0.550921618938446,
    0.5463176965713501,
    0.5451275706291199,
    0.5479312539100647,
    0.5465035438537598,
    0.5402638912200928,
    0.5443337559700012,
    0.5455223321914673,
    0.5513043999671936,
    0.5454493165016174,
    0.5421052575111389,
    0.5397577881813049,
    0.5516479015350342,
    0.5452212691307068,
    0.5364715456962585,
    0.5489625334739685,
    0.5366443991661072,
    0.5118756890296936,
    0.5077369213104248,
    0.5208567976951599,
    0.5201508402824402,
    0.5211780667304993,
    0.5044687390327454,
    0.47524091601371765
  ],
  "stockouts": [
    0.021590908989310265,
    0.024715909734368324,
    0.0078125,
    0.005113636143505573,
    0.008522727526724339,
    0.0072443182580173016,
    0.0031250000465661287,
    0.0022727272007614374,
    0.003977272659540176,
    0.002698863623663783,
    0.0022727272007614374,
    0.0029829544946551323,
    0.0012784090358763933,
    0.001988636329770088,
    0.0011363636003807187,
    0.0008522727293893695,
    0.00042613636469468474,
    0.00042613636469468474,
    0.00042613636469468474,
    0.0005681818001903594,
    0.0005681818001903594,
    0.00042613636469468474,
    0.00042613636469468474,
    0.00014204545004758984,
    0.0,
    0.00014204545004758984,
    0.0,
    0.0,
    0.00014204545004758984,
    0.00014204545004758984,
    0.0,
    0.0,
    0.0
  ],
  "waste": [
    0.009648752398788929,
    0.008897235617041588,
    0.009262289851903915,
    0.00908032339066267,
    0.009001185186207294,
    0.009183838963508606,
    0.009283282794058323,
    0.00935984868556261,
    0.009203962981700897,
    0.00928797572851181,
    0.009436902590095997,
    0.009335344657301903,
    0.009474298916757107,
    0.0096460385248065,
    0.009677940979599953,
    0.009694388136267662,
    0.009642290882766247,
    0.009836714714765549,
    0.009791889227926731,
    0.009968657977879047,
    0.009976426139473915,
    0.009707626886665821,
    0.010029274970293045,
    0.010176273062825203,
    0.010103084146976471,
    0.010210947133600712,
    0.010635046288371086,
    0.010442547500133514,
    0.010546484030783176,
    0.010641148313879967,
    0.010462198406457901,
    0.010767490603029728,
    0.011233847588300705
  ],
  "delta": [
    0.2985991835594177,
    0.38542240858078003,
    0.4051002562046051,
    0.41797441244125366,
    0.39974483847618103,
    0.413473516702652,
    0.4144991934299469,
    0.41642117500305176,
    0.41750630736351013,
    0.4214057922363281,
    0.41863828897476196,
    0.4162841737270355,
    0.41970130801200867,
    0.4178374409675598,
    0.4119379222393036,
    0.41628238558769226,
    0.41625556349754333,
    0.42301833629608154,
    0.4168368875980377,
    0.41380947828292847,
    0.4111667275428772,
    0.42285817861557007,
    0.41689273715019226,
    0.40775686502456665,
    0.42092379927635193,
    0.4075850546360016,
    0.38362932205200195,
    0.37845689058303833,
    0.3911912441253662,
    0.391501784324646,
    0.3921075165271759,
    0.37598294019699097,
    0.34666603803634644
  ],
  "critic_loss": [
    0.05826321616768837,
    0.08161196112632751,
    0.08495679497718811,
    0.08911503851413727,
    0.08314363658428192,
    0.08779480308294296,
    0.08719777315855026,
    0.08785782009363174,
    0.08874203264713287,
    0.09002474695444107,
    0.08884336799383163,
    0.08799149096012115,
    0.08899539709091187,
    0.08833584934473038,
    0.08569127321243286,
    0.08740203827619553,
    0.08732462674379349,
    0.09017226845026016,
    0.08770021051168442,
    0.08638740330934525,
    0.08524338155984879,
    0.09010006487369537,
    0.08759476244449615,
    0.08380158245563507,
    0.08918514102697372,
    0.08369691669940948,
    0.07455270737409592,
    0.07237615436315536,
    0.07736410945653915,
    0.0774509608745575,
    0.07753469794988632,
    0.07133961468935013,
    0.060658831149339676
  ],
  "entropy_adjusted": [
    1.8310402083443478e-06,
    1.966356876437203e-06,
    1.7923266568686813e-06,
    2.4057285372691695e-06,
    1.902947929011134e-06,
    2.2449912648880854e-06,
    1.9522212824085727e-06,
    1.687804797256831e-06,
    1.2802187256966135e-06,
    1.1255633580731228e-06,
    1.5948149894029484e-06,
    1.7742631825967692e-06,
    1.8113171336153755e-06,
    1.496717459303909e-06,
    1.4540624988512718e-06,
    1.2244344134160201e-06,
    1.7873977640192606e-06,
    1.1335882845742162e-06,
    1.3570022474596044e-06,
    1.5491571048187325e-06,
    1.1195787692486192e-06,
    1.4691662499899394e-06,
    1.469620542593475e-06,
    1.9466654066491174e-06,
    1.406915203006065e-06,
    1.4023333960722084e-06,
    1.1419881502661156e-06,
    1.8096126268574153e-06,
    1.0923672562057618e-06,
    1.1040808658435708e-06,
    8.188123388208624e-07,
    1.3616356682177866e-06,
    1.3673383136847406e-06
  ],
  "actor_loss": [
    9.273035743717628e-07,
    1.5716552752564894e-06,
    1.4033767001819797e-06,
    2.2213266674953047e-06,
    1.5272587461367948e-06,
    2.4509959075658116e-06,
    1.8110847577190725e-06,
    1.8216214812127873e-06,
    1.0505760883461335e-06,
    6.508443561870081e-07,
    9.471081625633815e-07,
    1.5343345012297505e-06,
    1.7902285662785289e-06,
    1.2224703596075415e-06,
    1.6763641497163917e-06,
    1.2462658105505398e-06,
    1.6955622186287655e-06,
    1.1468310958662187e-06,
    1.0795359912663116e-06,
    1.5383841400762321e-06,
    6.73814213314472e-07,
    1.3156828799765208e-06,
    1.6765483223935007e-06,
    1.908424792418373e-06,
    1.3770153373116045e-06,
    1.2160974165453808e-06,
    9.385620387547533e-07,
    1.5246108659994206e-06,
    8.253781516032177e-07,
    6.568887442881532e-07,
    5.495991217685514e-07,
    1.0125630751645076e-06,
    1.123363290389534e-06
  ]
}