{
  "global_step": [
    15114,
    15115,
    15116,
    15117,
    15118,
    15119,
    15120,
    15121,
    15122,
    15123,
    15124,
    15125,
    15126,
    15127,
    15128,
    15129,
    15130,
    15131,
    15132,
    15133,
    15134,
    15135,
    15136,
    15137,
    15138,
    15139,
    15140,
    15141,
    15142,
    15143,
    15144,
    15145,
    15146
  ],
  "experience_step": [
    32,
    32,
    32,
    32,
    32,
    32,
    32,
    32,
    32,
    32,
    32,
    32,
    32,
    32,
    32,
    32,
    32,
    32,
    32,
    32,
    32,
    32,
    32,
    32,
    32,
    32,
    32,
    32,
    32,
    32,
    32,
    32,
    8
  ],
  "rewards": [
    0.4371209442615509,
    0.5179752707481384,
    0.5353114604949951,
    0.538812518119812,
    0.5292862057685852,
    0.5385080575942993,
    0.5484950542449951,
    0.5475049614906311,
    0.5416356921195984,
    0.5494930148124695,
    0.5486741662025452,
    0.5458944439888,
    0.5449260473251343,
    0.5473731756210327,
    0.5435793995857239,
    0.5459421277046204,
    0.5400964617729187,
    0.548719584941864,
    0.5414649248123169,
    0.5457243919372559,
    0.5400946140289307,
    0.5540454983711243,
    0.5459265112876892,
    0.5414940118789673,
    0.549374520778656,
    0.5387945175170898,
    0.5204381346702576,
    0.5205426216125488,
    0.5227801203727722,
    0.5294254422187805,
    0.5178757309913635,
    0.517523467540741,
    0.5045598149299622
  ],
  "stockouts": [
    0.020170453935861588,
    0.02301136404275894,
    0.0072443182580173016,
    0.005823863670229912,
    0.008096590638160706,
    0.00639204541221261,
    0.003409090917557478,
    0.0025568180717527866,
    0.004829545505344868,
    0.0031250000465661287,
    0.002414772752672434,
    0.002698863623663783,
    0.0015625000232830644,
    0.0014204545877873898,
    0.000994318164885044,
    0.0008522727293893695,
    0.00042613636469468474,
    0.00042613636469468474,
    0.000994318164885044,
    0.0007102272938936949,
    0.0005681818001903594,
    0.0002840909000951797,
    0.00014204545004758984,
    0.00014204545004758984,
    0.0,
    0.00014204545004758984,
    0.00014204545004758984,
    0.0,
    0.0,
    0.00014204545004758984,
    0.0,
    0.0,
    0.0
  ],
  "waste": [
    0.010103743523359299,
    0.009324003010988235,
    0.00958994496613741,
    0.009624747559428215,
    0.009420791640877724,
    0.00960056483745575,
    0.00965151097625494,
    0.00966639630496502,
    0.009608175605535507,
    0.009581521153450012,
    0.009684190154075623,
    0.009678787551820278,
    0.009843272157013416,
    0.009875604882836342,
    0.009949012659490108,
    0.009941736236214638,
    0.010033595375716686,
    0.010014865547418594,
    0.00998046062886715,
    0.010091204196214676,
    0.00999986007809639,
    0.009872143156826496,
    0.010164638049900532,
    0.01021142303943634,
    0.01009626779705286,
    0.010199458338320255,
    0.010459852404892445,
    0.010399054735898972,
    0.010568826459348202,
    0.010599065572023392,
    0.01042973157018423,
    0.010558640584349632,
    0.010734505951404572
  ],
  "delta": [
    0.27894145250320435,
    0.36602601408958435,
    0.38021329045295715,
    0.3842783272266388,
    0.37466341257095337,
    0.3834346830844879,
    0.39374205470085144,
    0.39267241954803467,
    0.386044442653656,
    0.3944950997829437,
    0.39393705129623413,
    0.3911910951137543,
    0.38970017433166504,
    0.3926256597042084,
    0.38827624917030334,
    0.391011506319046,
    0.3855056166648865,
    0.3934548795223236,
    0.3860560655593872,
    0.3903067111968994,
    0.3848196268081665,
    0.3984968662261963,
    0.3902086317539215,
    0.3864648938179016,
    0.3939974308013916,
    0.3821656405925751,
    0.3649112284183502,
    0.3644569516181946,
    0.3675132691860199,
    0.37417471408843994,
    0.3622724413871765,
    0.36225759983062744,
    0.3491328954696655
  ],
  "critic_loss": [
    0.05018839240074158,
    0.07336185872554779,
    0.07541390508413315,
    0.07574896514415741,
    0.0730350986123085,
    0.07550283521413803,
    0.07877745479345322,
    0.07810557633638382,
    0.07622887194156647,
    0.07906585931777954,
    0.07874907553195953,
    0.07767236977815628,
    0.0767672210931778,
    0.07792995870113373,
    0.07607419043779373,
    0.07713254541158676,
    0.0750061571598053,
    0.07798127084970474,
    0.0752912312746048,
    0.07680261135101318,
    0.07473964989185333,
    0.07997709512710571,
    0.07669902592897415,
    0.07528486847877502,
    0.07821972668170929,
    0.07363619655370712,
    0.06729624420404434,
    0.06720855087041855,
    0.06838925182819366,
    0.07075631618499756,
    0.06641221791505814,
    0.06632402539253235,
    0.061584968119859695
  ],
  "entropy_adjusted": [
    1.5004706028776127e-06,
    1.455449705645151e-06,
    1.306285525970452e-06,
    1.4574080751117435e-06,
    1.3446218645185581e-06,
    1.7856739304988878e-06,
    1.45993658406951e-06,
    1.2661326991292299e-06,
    1.8320390609005699e-06,
    1.3250280517240753e-06,
    1.911815161292907e-06,
    1.5540385902568232e-06,
    1.3709739050682401e-06,
    1.7291406493313843e-06,
    1.1617994459811598e-06,
    1.1456085076133604e-06,
    1.3031652770223445e-06,
    1.0559990641922923e-06,
    1.1363068779246532e-06,
    8.701937304067542e-07,
    1.1857981689900043e-06,
    1.3770120403933106e-06,
    1.1183448123119888e-06,
    9.448818332202791e-07,
    1.1581939816096565e-06,
    1.0738917808339465e-06,
    9.849956086327438e-07,
    6.653526156696898e-07,
    1.0756625670182984e-06,
    1.0920317663476453e-06,
    1.2428081390680745e-06,
    1.2805858204956166e-06,
    7.665080374863464e-07
  ],
  "actor_loss": [
    8.660011872052564e-07,
    1.0683480695661274e-06,
    1.169919642052264e-06,
    7.52889093291742e-07,
    8.38472374198318e-07,
    1.0225373898720136e-06,
    1.206554316013353e-06,
    8.815494538794155e-07,
    1.6429000879725209e-06,
    1.2242870752743329e-06,
    1.6276027281492134e-06,
    1.0854337233467959e-06,
    1.1374266932762112e-06,
    1.6070504216258996e-06,
    6.832079861851525e-07,
    9.350501386506949e-07,
    1.0108200285685598e-06,
    8.107373332677525e-07,
    9.389309525431599e-07,
    6.695925094390986e-07,
    8.274974447886052e-07,
    9.965619938157033e-07,
    7.977096174727194e-07,
    5.979405841571861e-07,
    1.162864009529585e-06,
    8.424917155025469e-07,
    5.917447651881957e-07,
    3.382712634447671e-07,
    8.564541644773271e-07,
    1.094067670237564e-06,
    7.831346238162951e-07,
    1.0073456451209495e-06,
    6.47650040264125e-07
  ]
}