{
  "global_step": [
    11154,
    11155,
    11156,
    11157,
    11158,
    11159,
    11160,
    11161,
    11162,
    11163,
    11164,
    11165,
    11166,
    11167,
    11168,
    11169,
    11170,
    11171,
    11172,
    11173,
    11174,
    11175,
    11176,
    11177,
    11178,
    11179,
    11180,
    11181,
    11182,
    11183,
    11184,
    11185,
    11186
  ],
  "experience_step": [
    32,
    32,
    32,
    32,
    32,
    32,
    32,
    32,
    32,
    32,
    32,
    32,
    32,
    32,
    32,
    32,
    32,
    32,
    32,
    32,
    32,
    32,
    32,
    32,
    32,
    32,
    32,
    32,
    32,
    32,
    32,
    32,
    8
  ],
  "rewards": [
    0.4058159291744232,
    0.5123053789138794,
    0.5315097570419312,
    0.5383999347686768,
    0.5285066366195679,
    0.5338440537452698,
    0.5407039523124695,
    0.5486364364624023,
    0.5434851050376892,
    0.5518802404403687,
    0.54510897397995,
    0.5404706597328186,
    0.5484591126441956,
    0.5487468838691711,
    0.5346183180809021,
    0.5475320219993591,
    0.5458356738090515,
    0.5395323038101196,
    0.5453296899795532,
    0.5384337902069092,
    0.5389533042907715,
    0.5464414358139038,
    0.5476929545402527,
    0.5427101254463196,
    0.5471059679985046,
    0.5361301898956299,
    0.5060468316078186,
    0.5160996317863464,
    0.528085470199585,
    0.5208830833435059,
    0.5160130858421326,
    0.5182684063911438,
    0.4969605505466461
  ],
  "stockouts": [
    0.02244318090379238,
    0.024715909734368324,
    0.007386363577097654,
    0.005255681928247213,
    0.008522727526724339,
    0.0062500000931322575,
    0.0035511364694684744,
    0.0028409091755747795,
    0.004687500186264515,
    0.0022727272007614374,
    0.0029829544946551323,
    0.002698863623663783,
    0.0014204545877873898,
    0.0015625000232830644,
    0.0012784090358763933,
    0.000994318164885044,
    0.0008522727293893695,
    0.00042613636469468474,
    0.0008522727293893695,
    0.0005681818001903594,
    0.0008522727293893695,
    0.00042613636469468474,
    0.0002840909000951797,
    0.00014204545004758984,
    0.0,
    0.0002840909000951797,
    0.0,
    0.0,
    0.0,
    0.0,
    0.0,
    0.00014204545004758984,
    0.0
  ],
  "waste": [
    0.00993946474045515,
    0.008881600573658943,
    0.009385110810399055,
    0.009272356517612934,
    0.009139692410826683,
    0.009313919581472874,
    0.009416586719453335,
    0.009431394748389721,
    0.009355968795716763,
    0.009294729679822922,
    0.009375308640301228,
    0.009335359558463097,
    0.00948403961956501,
    0.009536528959870338,
    0.009488268755376339,
    0.009477587416768074,
    0.00967629998922348,
    0.009530769661068916,
    0.009515892714262009,
    0.009602919220924377,
    0.009560924954712391,
    0.009526783600449562,
    0.009624834172427654,
    0.009532484225928783,
    0.009660367853939533,
    0.009569087997078896,
    0.009903728030622005,
    0.009783628396689892,
    0.009714859537780285,
    0.009968872182071209,
    0.009764643386006355,
    0.009757962077856064,
    0.010073461569845676
  ],
  "delta": [
    0.2852504253387451,
    0.39947420358657837,
    0.4153997600078583,
    0.4215998649597168,
    0.4107147455215454,
    0.41777631640434265,
    0.4248906970024109,
    0.43257227540016174,
    0.4263107180595398,
    0.43472737073898315,
    0.4280712604522705,
    0.4232567548751831,
    0.4320674538612366,
    0.4325219690799713,
    0.41834837198257446,
    0.4311080276966095,
    0.4290776550769806,
    0.4229564368724823,
    0.42867761850357056,
    0.4219248294830322,
    0.42264264822006226,
    0.42969733476638794,
    0.43165332078933716,
    0.4254927635192871,
    0.43088299036026,
    0.41948533058166504,
    0.38942575454711914,
    0.3998396694660187,
    0.4113381505012512,
    0.40431830286979675,
    0.39872506260871887,
    0.4021379351615906,
    0.37979915738105774
  ],
  "critic_loss": [
    0.05642817169427872,
    0.08676490932703018,
    0.08936548978090286,
    0.09087777882814407,
    0.0876358151435852,
    0.08938872814178467,
    0.09169290214776993,
    0.09494517743587494,
    0.09287340939044952,
    0.09571926295757294,
    0.09299691766500473,
    0.09089241921901703,
    0.09438896924257278,
    0.09457586705684662,
    0.08839824050664902,
    0.09372362494468689,
    0.09289848804473877,
    0.09018848836421967,
    0.09275607764720917,
    0.08982069045305252,
    0.09016641229391098,
    0.09302723407745361,
    0.09386133402585983,
    0.09117593616247177,
    0.09346544742584229,
    0.08875729143619537,
    0.07659590989351273,
    0.0807114839553833,
    0.08549100905656815,
    0.08236944675445557,
    0.08028657734394073,
    0.08152526617050171,
    0.07290250808000565
  ],
  "entropy_adjusted": [
    2.3323975710809464e-06,
    1.5300196309908642e-06,
    1.6796889212855604e-06,
    2.0647651126637356e-06,
    1.952603042809642e-06,
    1.60561035045248e-06,
    2.1540392936003627e-06,
    1.812302798498422e-06,
    1.6269873412966263e-06,
    1.211341327689297e-06,
    1.9500503185554408e-06,
    2.122993237207993e-06,
    1.8280459244124359e-06,
    1.6107106830531848e-06,
    1.8033185824606335e-06,
    1.6851035979925655e-06,
    1.998194647967466e-06,
    1.5729411870779586e-06,
    1.8160466197514324e-06,
    1.4342552958623855e-06,
    1.3846124602423515e-06,
    1.958951315828017e-06,
    1.520955265732482e-06,
    1.6534123687961255e-06,
    1.3333733477338683e-06,
    1.5509200466112816e-06,
    1.6682610066709458e-06,
    1.7381858015141916e-06,
    1.5960825976435444e-06,
    1.055939947036677e-06,
    1.366675746794499e-06,
    1.67774840065249e-06,
    1.7290030882577412e-06
  ],
  "actor_loss": [
    1.8222111748400494e-06,
    1.2966947906534187e-06,
    1.4638450238635414e-06,
    1.8314431144972332e-06,
    1.870048322416551e-06,
    1.2454780744519667e-06,
    2.029434199357638e-06,
    1.8447008187649772e-06,
    1.1590966551011661e-06,
    9.371970577376487e-07,
    1.633458282412903e-06,
    1.5677401279390324e-06,
    1.8620058881424484e-06,
    1.5482413573408849e-06,
    1.152000663751096e-06,
    1.8081900634570047e-06,
    1.727088260849996e-06,
    1.6093777048808988e-06,
    1.9488215912133455e-06,
    1.095740799428313e-06,
    1.4108859431871679e-06,
    1.9947844975831686e-06,
    1.13702208182076e-06,
    1.540571929581347e-06,
    1.2576533663377631e-06,
    1.5678781437600264e-06,
    1.3654752137881587e-06,
    1.3408269978754106e-06,
    1.5193738818197744e-06,
    7.729970548098208e-07,
    8.576330401410814e-07,
    1.3782919268123806e-06,
    1.5759118241476244e-06
  ]
}