{
  "global_step": [
    2673,
    2674,
    2675,
    2676,
    2677,
    2678,
    2679,
    2680,
    2681,
    2682,
    2683,
    2684,
    2685,
    2686,
    2687,
    2688,
    2689,
    2690,
    2691,
    2692,
    2693,
    2694,
    2695,
    2696,
    2697,
    2698,
    2699,
    2700,
    2701,
    2702,
    2703,
    2704,
    2705
  ],
  "experience_step": [
    32,
    32,
    32,
    32,
    32,
    32,
    32,
    32,
    32,
    32,
    32,
    32,
    32,
    32,
    32,
    32,
    32,
    32,
    32,
    32,
    32,
    32,
    32,
    32,
    32,
    32,
    32,
    32,
    32,
    32,
    32,
    32,
    8
  ],
  "rewards": [
    0.3752535283565521,
    0.44044968485832214,
    0.47319647669792175,
    0.4732701778411865,
    0.4575050473213196,
    0.48416152596473694,
    0.47501033544540405,
    0.47703737020492554,
    0.467673659324646,
    0.4860716462135315,
    0.4729275107383728,
    0.4827956259250641,
    0.4768827259540558,
    0.48918378353118896,
    0.4700007140636444,
    0.47355708479881287,
    0.46870648860931396,
    0.4786922335624695,
    0.4848225712776184,
    0.4706486463546753,
    0.4624381959438324,
    0.4799274504184723,
    0.4658969044685364,
    0.46331489086151123,
    0.4750894606113434,
    0.4545866549015045,
    0.4314141571521759,
    0.4563412666320801,
    0.46032342314720154,
    0.446235716342926,
    0.43999993801116943,
    0.41004395484924316,
    0.3952436149120331
  ],
  "stockouts": [
    0.021448863670229912,
    0.024857955053448677,
    0.007954545319080353,
    0.0072443182580173016,
    0.00937500037252903,
    0.007670454680919647,
    0.0038352273404598236,
    0.0031250000465661287,
    0.005113636143505573,
    0.003409090917557478,
    0.0038352273404598236,
    0.004403409082442522,
    0.0022727272007614374,
    0.0015625000232830644,
    0.002414772752672434,
    0.0015625000232830644,
    0.0007102272938936949,
    0.0008522727293893695,
    0.0005681818001903594,
    0.0014204545877873898,
    0.0014204545877873898,
    0.00042613636469468474,
    0.0008522727293893695,
    0.0007102272938936949,
    0.000994318164885044,
    0.0002840909000951797,
    0.00014204545004758984,
    0.00014204545004758984,
    0.0002840909000951797,
    0.00014204545004758984,
    0.0002840909000951797,
    0.0002840909000951797,
    0.0
  ],
  "waste": [
    0.010128404945135117,
    0.009598725475370884,
    0.01012884359806776,
    0.010074692778289318,
    0.01011290866881609,
    0.010025210678577423,
    0.010079832747578621,
    0.010191061533987522,
    0.010137208737432957,
    0.010200848802924156,
    0.010190842673182487,
    0.010108237154781818,
    0.010319200344383717,
    0.010175928473472595,
    0.010186424478888512,
    0.0104103684425354,
    0.010562057606875896,
    0.010228639468550682,
    0.010417237877845764,
    0.010384158231317997,
    0.010339139960706234,
    0.010191895999014378,
    0.010378610342741013,
    0.010395660065114498,
    0.0103458808735013,
    0.010716304183006287,
    0.010707320645451546,
    0.010456259362399578,
    0.010355960577726364,
    0.01076603401452303,
    0.010655620135366917,
    0.010800526477396488,
    0.011195999570190907
  ],
  "delta": [
    0.3433976471424103,
    0.41092175245285034,
    0.4428336024284363,
    0.441450834274292,
    0.4265154004096985,
    0.45244133472442627,
    0.44360676407814026,
    0.4440203607082367,
    0.43648695945739746,
    0.4550274908542633,
    0.4422639310359955,
    0.4513595700263977,
    0.44558650255203247,
    0.45716482400894165,
    0.43899133801460266,
    0.44242143630981445,
    0.4372273087501526,
    0.44715800881385803,
    0.45333293080329895,
    0.44050174951553345,
    0.4311067759990692,
    0.4485713243484497,
    0.43504834175109863,
    0.4325985610485077,
    0.4431740641593933,
    0.42333129048347473,
    0.3999074101448059,
    0.4250657558441162,
    0.4275628924369812,
    0.41412919759750366,
    0.40794822573661804,
    0.3786112070083618,
    0.36325496435165405
  ],
  "critic_loss": [
    0.08299734443426132,
    0.10147840529680252,
    0.10601196438074112,
    0.10333000868558884,
    0.10055235028266907,
    0.10898461937904358,
    0.10256476700305939,
    0.10220057517290115,
    0.10038337856531143,
    0.10707352310419083,
    0.10148648172616959,
    0.10632558166980743,
    0.10208155959844589,
    0.10681633651256561,
    0.09887850284576416,
    0.10005131363868713,
    0.09723509103059769,
    0.10173828154802322,
    0.10435324907302856,
    0.09895932674407959,
    0.09498854726552963,
    0.10208415985107422,
    0.09618845582008362,
    0.09513869136571884,
    0.0999789610505104,
    0.09120152145624161,
    0.08140797913074493,
    0.09170053899288177,
    0.09287343174219131,
    0.0870954841375351,
    0.08463620394468307,
    0.07307994365692139,
    0.06708662211894989
  ],
  "entropy_adjusted": [
    9.602079444448464e-06,
    1.041247924149502e-05,
    9.531862815492786e-06,
    9.638641131459735e-06,
    8.96806250239024e-06,
    9.608022082829848e-06,
    1.0603708687995095e-05,
    1.0526625374041032e-05,
    8.808824532025028e-06,
    9.61573823587969e-06,
    9.378400136483833e-06,
    1.0612130608933512e-05,
    1.0043312613561284e-05,
    9.427046279597562e-06,
    8.497116141370498e-06,
    7.822003681212664e-06,
    9.586516171111725e-06,
    7.669535079912748e-06,
    8.034638085518964e-06,
    7.540963906649267e-06,
    7.947558515297715e-06,
    6.8497374741127715e-06,
    7.28785607861937e-06,
    7.732498488621786e-06,
    7.560228368674871e-06,
    7.546777396783e-06,
    7.573024049634114e-06,
    6.411809863493545e-06,
    5.779362709290581e-06,
    6.585195023944834e-06,
    6.555104391736677e-06,
    6.373838914441876e-06,
    4.897062353848014e-06
  ],
  "actor_loss": [
    7.039771389827365e-06,
    9.22293656913098e-06,
    9.683766620582901e-06,
    8.224508746934589e-06,
    7.6080318649474066e-06,
    9.483630492468365e-06,
    1.061289913195651e-05,
    1.0120379556610715e-05,
    8.325811904796865e-06,
    9.95381924440153e-06,
    8.39905897009885e-06,
    1.2296130989852827e-05,
    9.587556633050554e-06,
    1.0037670108431485e-05,
    8.093564247246832e-06,
    6.824321644671727e-06,
    9.648245395510457e-06,
    7.370084858848713e-06,
    8.308068572659977e-06,
    7.734077371424064e-06,
    6.8305439526739065e-06,
    6.817974281148054e-06,
    6.880255568830762e-06,
    7.393955002044095e-06,
    7.014086804701947e-06,
    8.012212674657349e-06,
    5.888012765353778e-06,
    5.269592293188907e-06,
    4.288672244001646e-06,
    5.317441264196532e-06,
    4.786108092957875e-06,
    5.293551566865062e-06,
    2.5802830805332633e-06
  ]
}