{
  "global_step": [
    1584,
    1585,
    1586,
    1587,
    1588,
    1589,
    1590,
    1591,
    1592,
    1593,
    1594,
    1595,
    1596,
    1597,
    1598,
    1599,
    1600,
    1601,
    1602,
    1603,
    1604,
    1605,
    1606,
    1607,
    1608,
    1609,
    1610,
    1611,
    1612,
    1613,
    1614,
    1615,
    1616
  ],
  "experience_step": [
    32,
    32,
    32,
    32,
    32,
    32,
    32,
    32,
    32,
    32,
    32,
    32,
    32,
    32,
    32,
    32,
    32,
    32,
    32,
    32,
    32,
    32,
    32,
    32,
    32,
    32,
    32,
    32,
    32,
    32,
    32,
    32,
    8
  ],
  "rewards": [
    0.34877803921699524,
    0.39173904061317444,
    0.4301455318927765,
    0.43188902735710144,
    0.42469513416290283,
    0.4276398718357086,
    0.43179965019226074,
    0.4384441375732422,
    0.4291960895061493,
    0.4468425512313843,
    0.4274713099002838,
    0.43697094917297363,
    0.44240161776542664,
    0.4340881407260895,
    0.42935654520988464,
    0.43290746212005615,
    0.42775246500968933,
    0.4272313117980957,
    0.43216946721076965,
    0.4215725064277649,
    0.4280102252960205,
    0.44080615043640137,
    0.4163721203804016,
    0.41697314381599426,
    0.428104966878891,
    0.4178470969200134,
    0.3833688199520111,
    0.38863733410835266,
    0.38115644454956055,
    0.4077296257019043,
    0.4003221392631531,
    0.39396193623542786,
    0.3709838092327118
  ],
  "stockouts": [
    0.019886363297700882,
    0.023295454680919647,
    0.008664772845804691,
    0.00639204541221261,
    0.009517045691609383,
    0.004687500186264515,
    0.004545454401522875,
    0.003693181788548827,
    0.004261363763362169,
    0.0035511364694684744,
    0.0029829544946551323,
    0.004261363763362169,
    0.002414772752672434,
    0.0022727272007614374,
    0.0015625000232830644,
    0.0012784090358763933,
    0.000994318164885044,
    0.0012784090358763933,
    0.0011363636003807187,
    0.00042613636469468474,
    0.0005681818001903594,
    0.0014204545877873898,
    0.00042613636469468474,
    0.0002840909000951797,
    0.00014204545004758984,
    0.0005681818001903594,
    0.00014204545004758984,
    0.0007102272938936949,
    0.0005681818001903594,
    0.0002840909000951797,
    0.0005681818001903594,
    0.0,
    0.0
  ],
  "waste": [
    0.01104558352380991,
    0.01060858741402626,
    0.011043903417885303,
    0.011049502529203892,
    0.010794595815241337,
    0.011111631989479065,
    0.011194687336683273,
    0.011172015219926834,
    0.011222762055695057,
    0.01124649029225111,
    0.0112991351634264,
    0.011192088015377522,
    0.011360147036612034,
    0.011258556507527828,
    0.011371203698217869,
    0.011395043693482876,
    0.011378134600818157,
    0.01142202690243721,
    0.01146299485117197,
    0.011340389028191566,
    0.01154798362404108,
    0.011232438497245312,
    0.011568107642233372,
    0.01164898183196783,
    0.011474818922579288,
    0.011550589464604855,
    0.011724787764251232,
    0.01188258919864893,
    0.011725321412086487,
    0.01166489440947771,
    0.011484852060675621,
    0.011910512112081051,
    0.012235423550009727
  ],
  "delta": [
    0.32909414172172546,
    0.373141884803772,
    0.40974849462509155,
    0.4107368588447571,
    0.4024028480052948,
    0.4074309170246124,
    0.4110197126865387,
    0.4165779948234558,
    0.4063878357410431,
    0.42562630772590637,
    0.40665268898010254,
    0.41707590222358704,
    0.4217675030231476,
    0.41475218534469604,
    0.4080694615840912,
    0.4120556116104126,
    0.4059082865715027,
    0.4061277210712433,
    0.411149799823761,
    0.39952680468559265,
    0.4054681360721588,
    0.4184529483318329,
    0.39480963349342346,
    0.3958244025707245,
    0.4060061275959015,
    0.3964017927646637,
    0.3617662191390991,
    0.3655448853969574,
    0.35993680357933044,
    0.3857123851776123,
    0.38061854243278503,
    0.3726947009563446,
    0.35080698132514954
  ],
  "critic_loss": [
    0.0921635553240776,
    0.09746070951223373,
    0.10057172179222107,
    0.09840897470712662,
    0.10065142065286636,
    0.09548648446798325,
    0.09600166231393814,
    0.09754154831171036,
    0.09528891742229462,
    0.10018714517354965,
    0.09204646944999695,
    0.09773185104131699,
    0.0981721356511116,
    0.09410296380519867,
    0.09085273742675781,
    0.0919787809252739,
    0.08923663944005966,
    0.08955414593219757,
    0.09109216183423996,
    0.08619974553585052,
    0.08857014030218124,
    0.0942436009645462,
    0.08353646099567413,
    0.08404456079006195,
    0.08792240917682648,
    0.08347837626934052,
    0.07081921398639679,
    0.07260990887880325,
    0.0700894296169281,
    0.07968872785568237,
    0.07753262668848038,
    0.07426072657108307,
    0.06585734337568283
  ],
  "entropy_adjusted": [
    1.2481999874580652e-05,
    1.545644954603631e-05,
    1.4310898222902324e-05,
    1.5013326446933206e-05,
    1.5692059605498798e-05,
    1.3971068256068975e-05,
    1.4465709682554007e-05,
    1.4399349311133847e-05,
    1.4588124031433836e-05,
    1.336263903795043e-05,
    1.3288533409649972e-05,
    1.3466174095810857e-05,
    1.2594399777299259e-05,
    1.3241959095466882e-05,
    1.107569823943777e-05,
    1.2835032975999638e-05,
    1.1141742106701713e-05,
    1.3212138583185151e-05,
    1.0556790584814735e-05,
    1.2554010936582927e-05,
    1.1937134331674315e-05,
    9.620272066968028e-06,
    1.0587038559606299e-05,
    1.0081203072331846e-05,
    9.228118869941682e-06,
    9.312399924965575e-06,
    9.932789907907136e-06,
    9.211898031935561e-06,
    1.1003943654941395e-05,
    7.933754204714205e-06,
    9.296591088059358e-06,
    8.409454494540114e-06,
    8.777826224104501e-06
  ],
  "actor_loss": [
    1.0762149031506851e-05,
    1.2303565199545119e-05,
    1.39221419885871e-05,
    1.2693375538219698e-05,
    1.275895738217514e-05,
    1.2459479876270052e-05,
    1.3892989954911172e-05,
    1.4045135685591958e-05,
    1.2854696251451969e-05,
    1.2790957043762319e-05,
    1.0849722457351163e-05,
    1.1818450730061159e-05,
    1.261672605323838e-05,
    1.1664625162666198e-05,
    1.0359750376665033e-05,
    1.0997145182045642e-05,
    1.0529139217396732e-05,
    1.1779476153606083e-05,
    9.324050552095287e-06,
    9.46083582675783e-06,
    1.0711686627473682e-05,
    9.022708582051564e-06,
    8.122350664052647e-06,
    7.963183634274174e-06,
    7.306301995413378e-06,
    7.167526746343356e-06,
    6.8667759478557855e-06,
    7.078986072883708e-06,
    8.669238013681024e-06,
    5.9930116549367085e-06,
    6.998856861173408e-06,
    6.1809651015209965e-06,
    5.287664862407837e-06
  ]
}