{
  "global_step": [
    3135,
    3136,
    3137,
    3138,
    3139,
    3140,
    3141,
    3142,
    3143,
    3144,
    3145,
    3146,
    3147,
    3148,
    3149,
    3150,
    3151,
    3152,
    3153,
    3154,
    3155,
    3156,
    3157,
    3158,
    3159,
    3160,
    3161,
    3162,
    3163,
    3164,
    3165,
    3166,
    3167
  ],
  "experience_step": [
    32,
    32,
    32,
    32,
    32,
    32,
    32,
    32,
    32,
    32,
    32,
    32,
    32,
    32,
    32,
    32,
    32,
    32,
    32,
    32,
    32,
    32,
    32,
    32,
    32,
    32,
    32,
    32,
    32,
    32,
    32,
    32,
    8
  ],
  "rewards": [
    0.3726244270801544,
    0.46116718649864197,
    0.4830135107040405,
    0.4878877103328705,
    0.48242586851119995,
    0.480929970741272,
    0.4906909465789795,
    0.47512075304985046,
    0.48277586698532104,
    0.48903629183769226,
    0.490898072719574,
    0.5000275373458862,
    0.5002515316009521,
    0.499749094247818,
    0.49876800179481506,
    0.49169474840164185,
    0.49221503734588623,
    0.4972630441188812,
    0.49682220816612244,
    0.4863418638706207,
    0.49327462911605835,
    0.4916320741176605,
    0.48859453201293945,
    0.4958479404449463,
    0.47768232226371765,
    0.49783581495285034,
    0.46630963683128357,
    0.46843552589416504,
    0.4592749774456024,
    0.4424354135990143,
    0.42939016222953796,
    0.44889742136001587,
    0.4463859498500824
  ],
  "stockouts": [
    0.025142045691609383,
    0.0259943176060915,
    0.008806818164885044,
    0.007954545319080353,
    0.01122159045189619,
    0.0078125,
    0.0049715908244252205,
    0.0049715908244252205,
    0.0049715908244252205,
    0.003409090917557478,
    0.004119317978620529,
    0.0049715908244252205,
    0.0031250000465661287,
    0.002414772752672434,
    0.0014204545877873898,
    0.001988636329770088,
    0.0015625000232830644,
    0.0014204545877873898,
    0.0021306818816810846,
    0.0015625000232830644,
    0.0012784090358763933,
    0.0012784090358763933,
    0.0008522727293893695,
    0.0005681818001903594,
    0.00042613636469468474,
    0.0002840909000951797,
    0.0007102272938936949,
    0.0007102272938936949,
    0.0005681818001903594,
    0.0002840909000951797,
    0.0002840909000951797,
    0.00014204545004758984,
    0.0
  ],
  "waste": [
    0.009912983514368534,
    0.008911865763366222,
    0.009368130937218666,
    0.00924334954470396,
    0.00930418074131012,
    0.009501715190708637,
    0.00940830260515213,
    0.009517241269350052,
    0.009506510570645332,
    0.00959775410592556,
    0.009494643658399582,
    0.009449196048080921,
    0.009559077210724354,
    0.00950055755674839,
    0.009473714046180248,
    0.009647738188505173,
    0.009718974120914936,
    0.009393959306180477,
    0.009646027348935604,
    0.009702636860311031,
    0.009759732522070408,
    0.009598305448889732,
    0.009774639271199703,
    0.00970911793410778,
    0.00988918449729681,
    0.009947185404598713,
    0.010021131485700607,
    0.010023318231105804,
    0.01010106597095728,
    0.010255268774926662,
    0.010274183005094528,
    0.010394267737865448,
    0.010381544940173626
  ],
  "delta": [
    0.3363978862762451,
    0.42553988099098206,
    0.44695809483528137,
    0.45301562547683716,
    0.4455699026584625,
    0.4451807141304016,
    0.4533618688583374,
    0.4396466910839081,
    0.4455512762069702,
    0.4520808756351471,
    0.45413804054260254,
    0.4639500081539154,
    0.46367427706718445,
    0.4638330936431885,
    0.46232855319976807,
    0.45517197251319885,
    0.4551781415939331,
    0.46037161350250244,
    0.4605112373828888,
    0.45073622465133667,
    0.45638343691825867,
    0.4558018147945404,
    0.45220595598220825,
    0.45922476053237915,
    0.4406976103782654,
    0.4609223008155823,
    0.4305441975593567,
    0.43098339438438416,
    0.4230605363845825,
    0.40592727065086365,
    0.3925161063671112,
    0.4127156734466553,
    0.40992680191993713
  ],
  "critic_loss": [
    0.07994960248470306,
    0.10606710612773895,
    0.10649726539850235,
    0.1081678718328476,
    0.1077255979180336,
    0.10412193834781647,
    0.10636788606643677,
    0.10026572644710541,
    0.10359290987253189,
    0.10501700639724731,
    0.10618362575769424,
    0.11191792786121368,
    0.11025041341781616,
    0.10972026735544205,
    0.10857640951871872,
    0.10554637759923935,
    0.1053588017821312,
    0.10761826485395432,
    0.10803746432065964,
    0.10326763242483139,
    0.1057807058095932,
    0.10556794703006744,
    0.10353818535804749,
    0.10658872872591019,
    0.09836041182279587,
    0.1074523776769638,
    0.09380733221769333,
    0.09407228976488113,
    0.09087277203798294,
    0.08383333683013916,
    0.07822931557893753,
    0.08634509891271591,
    0.0849372074007988
  ],
  "entropy_adjusted": [
    9.726290954858996e-06,
    9.322588994109537e-06,
    8.014503691811115e-06,
    9.509371011517942e-06,
    8.844990588841029e-06,
    8.042680747166742e-06,
    1.0131957424164284e-05,
    8.721487574803177e-06,
    9.08863057702547e-06,
    7.92664650361985e-06,
    8.736357813177165e-06,
    7.652236490685027e-06,
    8.318672371387947e-06,
    6.990615020185942e-06,
    6.936409590707626e-06,
    8.000803973118309e-06,
    6.558259883604478e-06,
    7.31751197236008e-06,
    8.048914423852693e-06,
    8.29937016533222e-06,
    7.289191216841573e-06,
    7.781930435157847e-06,
    6.672191830148222e-06,
    7.496510988858063e-06,
    6.212990228959825e-06,
    5.805316959595075e-06,
    5.39673828825471e-06,
    5.19848299518344e-06,
    5.799417522212025e-06,
    4.9036934797186404e-06,
    4.931228886562167e-06,
    5.7626498346508015e-06,
    6.813555955886841e-06
  ],
  "actor_loss": [
    8.924642315832898e-06,
    9.938403309206478e-06,
    8.502931450493634e-06,
    8.558805348002352e-06,
    8.895876817405224e-06,
    7.77633067627903e-06,
    9.75578495854279e-06,
    7.602407549711643e-06,
    8.212322427425534e-06,
    8.29518921818817e-06,
    8.017754225875251e-06,
    7.232576535898261e-06,
    8.787903425400145e-06,
    7.536135854024906e-06,
    7.056756658130325e-06,
    8.038045962166507e-06,
    6.269158802751917e-06,
    6.574524832103634e-06,
    8.341309694515076e-06,
    8.535445886082016e-06,
    7.016503786871908e-06,
    8.316431376442779e-06,
    6.735731858498184e-06,
    8.734051334613468e-06,
    5.888522082386771e-06,
    6.018960903020343e-06,
    4.995131803298136e-06,
    4.628162969311234e-06,
    4.82630366605008e-06,
    4.633140179066686e-06,
    3.2726459266996244e-06,
    4.799062935489928e-06,
    4.8841634452401195e-06
  ]
}