{
  "global_step": [
    19734,
    19735,
    19736,
    19737,
    19738,
    19739,
    19740,
    19741,
    19742,
    19743,
    19744,
    19745,
    19746,
    19747,
    19748,
    19749,
    19750,
    19751,
    19752,
    19753,
    19754,
    19755,
    19756,
    19757,
    19758,
    19759,
    19760,
    19761,
    19762,
    19763,
    19764,
    19765,
    19766
  ],
  "experience_step": [
    32,
    32,
    32,
    32,
    32,
    32,
    32,
    32,
    32,
    32,
    32,
    32,
    32,
    32,
    32,
    32,
    32,
    32,
    32,
    32,
    32,
    32,
    32,
    32,
    32,
    32,
    32,
    32,
    32,
    32,
    32,
    32,
    8
  ],
  "rewards": [
    0.4229293763637543,
    0.5116294026374817,
    0.5332123637199402,
    0.544647216796875,
    0.5353613495826721,
    0.5363662242889404,
    0.5451731085777283,
    0.5492129921913147,
    0.5430631041526794,
    0.5493249297142029,
    0.5468250513076782,
    0.5533673167228699,
    0.5484709143638611,
    0.5478025674819946,
    0.5528026223182678,
    0.5434902906417847,
    0.5549483299255371,
    0.548879086971283,
    0.5407298803329468,
    0.546412467956543,
    0.5455067753791809,
    0.5444135665893555,
    0.5477569699287415,
    0.539868175983429,
    0.5469673871994019,
    0.5445597171783447,
    0.5280573964118958,
    0.515559196472168,
    0.5139297246932983,
    0.49839335680007935,
    0.5044573545455933,
    0.5151452422142029,
    0.5040120482444763
  ],
  "stockouts": [
    0.0259943176060915,
    0.0286931823939085,
    0.010795454494655132,
    0.007102272938936949,
    0.010795454494655132,
    0.00937500037252903,
    0.004403409082442522,
    0.0035511364694684744,
    0.005255681928247213,
    0.0031250000465661287,
    0.0032670453656464815,
    0.004261363763362169,
    0.0021306818816810846,
    0.002414772752672434,
    0.0012784090358763933,
    0.0014204545877873898,
    0.0011363636003807187,
    0.0007102272938936949,
    0.000994318164885044,
    0.0008522727293893695,
    0.0008522727293893695,
    0.0005681818001903594,
    0.0002840909000951797,
    0.00042613636469468474,
    0.00014204545004758984,
    0.0002840909000951797,
    0.0,
    0.0002840909000951797,
    0.00042613636469468474,
    0.00014204545004758984,
    0.0002840909000951797,
    0.00014204545004758984,
    0.0
  ],
  "waste": [
    0.008757084608078003,
    0.007698433008044958,
    0.008037129417061806,
    0.008036823943257332,
    0.007944048382341862,
    0.007911809720098972,
    0.008008399046957493,
    0.008091934025287628,
    0.008019977249205112,
    0.008082629181444645,
    0.008037456311285496,
    0.00801836233586073,
    0.008121815510094166,
    0.008192498236894608,
    0.008232168853282928,
    0.008318263106048107,
    0.008376060985028744,
    0.008316249586641788,
    0.008438406512141228,
    0.008280236274003983,
    0.008440231904387474,
    0.008430546149611473,
    0.008479190059006214,
    0.008417138829827309,
    0.008372441865503788,
    0.00852956622838974,
    0.008701486513018608,
    0.008838818408548832,
    0.00895229633897543,
    0.009041264653205872,
    0.009029773063957691,
    0.008855855092406273,
    0.008952957578003407
  ],
  "delta": [
    0.22086606919765472,
    0.31466737389564514,
    0.3343012034893036,
    0.3454597592353821,
    0.33592718839645386,
    0.3371574282646179,
    0.34583380818367004,
    0.3492925465106964,
    0.3431640565395355,
    0.3500174880027771,
    0.34679171442985535,
    0.3541123867034912,
    0.34849292039871216,
    0.3484330475330353,
    0.35280850529670715,
    0.34374725818634033,
    0.35505273938179016,
    0.34927529096603394,
    0.34105241298675537,
    0.34674662351608276,
    0.34505385160446167,
    0.3444008231163025,
    0.34799090027809143,
    0.33931949734687805,
    0.34702619910240173,
    0.34389516711235046,
    0.3279457092285156,
    0.31640926003456116,
    0.31406643986701965,
    0.2981278598308563,
    0.304647833108902,
    0.315491646528244,
    0.3039860129356384
  ],
  "critic_loss": [
    0.04012729600071907,
    0.057268403470516205,
    0.05912841856479645,
    0.06173625588417053,
    0.05962645635008812,
    0.05925409123301506,
    0.06116180121898651,
    0.06225786358118057,
    0.06047716736793518,
    0.06240035966038704,
    0.061492931097745895,
    0.0642191469669342,
    0.06161866709589958,
    0.06157075613737106,
    0.06290990114212036,
    0.05979161709547043,
    0.06358332186937332,
    0.06156972050666809,
    0.05880824103951454,
    0.06073405593633652,
    0.060216374695301056,
    0.05992933735251427,
    0.061007678508758545,
    0.05818457901477814,
    0.060680583119392395,
    0.0596640482544899,
    0.05426986888051033,
    0.05075537785887718,
    0.05028926208615303,
    0.04522622004151344,
    0.047129251062870026,
    0.05034136027097702,
    0.046661827713251114
  ],
  "entropy_adjusted": [
    1.2243289120306144e-06,
    1.8541080635259277e-06,
    9.180825486510003e-07,
    1.105955220737087e-06,
    1.350481397821568e-06,
    6.34232662832801e-07,
    1.158037321147276e-06,
    4.497994439134345e-07,
    1.4738928939550533e-06,
    1.496700292591413e-06,
    9.77988975137123e-07,
    8.573732088734687e-07,
    1.2148594805694302e-06,
    9.305584853791515e-07,
    1.2639036413020222e-06,
    1.2391906238917727e-06,
    7.602697564834671e-07,
    6.253653168641904e-07,
    4.14038510143655e-07,
    1.1403402595533407e-06,
    6.860649364170968e-07,
    1.0697689276639721e-06,
    9.336944799542835e-07,
    1.168886001323699e-06,
    6.654834692199074e-07,
    1.6670201148372144e-06,
    9.385684620610846e-07,
    6.38800429442199e-07,
    5.263823368295562e-07,
    7.608875307596463e-07,
    9.63946376941749e-07,
    8.473221555505006e-07,
    8.054026920945034e-07
  ],
  "actor_loss": [
    5.355789767236274e-07,
    1.2407401754899183e-06,
    5.083314249532123e-07,
    8.766978112362267e-07,
    8.838036933411786e-07,
    2.5877403686536127e-07,
    7.403170343422971e-07,
    2.206325859788194e-07,
    8.864046208145737e-07,
    1.1628631000348832e-06,
    6.360914426295494e-07,
    4.503895922880474e-07,
    9.470023769608815e-07,
    6.267088110689656e-07,
    1.0039666449301876e-06,
    7.049332566566591e-07,
    5.764289880971774e-07,
    3.1051135351845005e-07,
    1.1358746832001998e-07,
    7.451773740285716e-07,
    5.2849333087579e-07,
    7.077456416482164e-07,
    5.192843559598259e-07,
    6.305489250735263e-07,
    3.49868713556134e-07,
    1.1165766409249045e-06,
    5.934568889642833e-07,
    3.0601634648519394e-07,
    1.7646888750277867e-07,
    4.0052535155155056e-07,
    5.016743784835853e-07,
    5.206425157666672e-07,
    3.053725947665953e-07
  ]
}