{
  "global_step": [
    17985,
    17986,
    17987,
    17988,
    17989,
    17990,
    17991,
    17992,
    17993,
    17994,
    17995,
    17996,
    17997,
    17998,
    17999,
    18000,
    18001,
    18002,
    18003,
    18004,
    18005,
    18006,
    18007,
    18008,
    18009,
    18010,
    18011,
    18012,
    18013,
    18014,
    18015,
    18016,
    18017
  ],
  "experience_step": [
    32,
    32,
    32,
    32,
    32,
    32,
    32,
    32,
    32,
    32,
    32,
    32,
    32,
    32,
    32,
    32,
    32,
    32,
    32,
    32,
    32,
    32,
    32,
    32,
    32,
    32,
    32,
    32,
    32,
    32,
    32,
    32,
    8
  ],
  "rewards": [
    0.42244723439216614,
    0.5076770186424255,
    0.5319501161575317,
    0.5369468927383423,
    0.5354629755020142,
    0.5347720384597778,
    0.5406782627105713,
    0.5473150610923767,
    0.5435251593589783,
    0.5445298552513123,
    0.5448690056800842,
    0.5501469969749451,
    0.5436261296272278,
    0.5438094139099121,
    0.5462397336959839,
    0.5481160879135132,
    0.5510094165802002,
    0.5528854131698608,
    0.5440649390220642,
    0.5425202250480652,
    0.5501735210418701,
    0.545845091342926,
    0.548720121383667,
    0.5366775393486023,
    0.5324048399925232,
    0.5450822114944458,
    0.5353816747665405,
    0.5155086517333984,
    0.5300840139389038,
    0.5158388018608093,
    0.5189244747161865,
    0.5242717266082764,
    0.5045496821403503
  ],
  "stockouts": [
    0.023153409361839294,
    0.02713068202137947,
    0.009659091010689735,
    0.007102272938936949,
    0.010369318537414074,
    0.008238635957241058,
    0.004403409082442522,
    0.0032670453656464815,
    0.004687500186264515,
    0.0031250000465661287,
    0.002698863623663783,
    0.0038352273404598236,
    0.0022727272007614374,
    0.001988636329770088,
    0.000994318164885044,
    0.0007102272938936949,
    0.0011363636003807187,
    0.000994318164885044,
    0.0011363636003807187,
    0.0008522727293893695,
    0.000994318164885044,
    0.00014204545004758984,
    0.00014204545004758984,
    0.00042613636469468474,
    0.0002840909000951797,
    0.0002840909000951797,
    0.0,
    0.0,
    0.00042613636469468474,
    0.0002840909000951797,
    0.0,
    0.0,
    0.0
  ],
  "waste": [
    0.009097624570131302,
    0.00819444376975298,
    0.008404579013586044,
    0.008453365415334702,
    0.008271491155028343,
    0.008541584014892578,
    0.008565275929868221,
    0.00860525295138359,
    0.008570851758122444,
    0.008656668476760387,
    0.008661405183374882,
    0.008546778932213783,
    0.0087928781285882,
    0.008772900328040123,
    0.008866272866725922,
    0.0089619942009449,
    0.008985161781311035,
    0.008919304236769676,
    0.009063197299838066,
    0.008913332596421242,
    0.009009377099573612,
    0.00911386776715517,
    0.009184179827570915,
    0.009220873937010765,
    0.009419454261660576,
    0.009263454005122185,
    0.009416687302291393,
    0.009732332080602646,
    0.00967773050069809,
    0.009788735769689083,
    0.00968935526907444,
    0.00977904349565506,
    0.009955941699445248
  ],
  "delta": [
    0.2374514490365982,
    0.32848796248435974,
    0.3488670289516449,
    0.3548278212547302,
    0.35144707560539246,
    0.3524259626865387,
    0.3581339418888092,
    0.364924818277359,
    0.36045876145362854,
    0.3615349233150482,
    0.3617900609970093,
    0.36733895540237427,
    0.3606969714164734,
    0.36159244179725647,
    0.3635266423225403,
    0.36560842394828796,
    0.3682484030723572,
    0.3702625036239624,
    0.3612040877342224,
    0.35970446467399597,
    0.36715787649154663,
    0.3628005385398865,
    0.36564818024635315,
    0.35370588302612305,
    0.3490045368671417,
    0.3621116578578949,
    0.3519890308380127,
    0.33272334933280945,
    0.3467855155467987,
    0.33281511068344116,
    0.3358510434627533,
    0.3411710560321808,
    0.3222430944442749
  ],
  "critic_loss": [
    0.04192010685801506,
    0.06086277961730957,
    0.06410974264144897,
    0.06495792418718338,
    0.06525791436433792,
    0.0644289180636406,
    0.06571042537689209,
    0.06769321858882904,
    0.06659656763076782,
    0.06677891314029694,
    0.06661110371351242,
    0.0688740611076355,
    0.06617050617933273,
    0.06626860052347183,
    0.06681998074054718,
    0.06746349483728409,
    0.06850799173116684,
    0.06922867149114609,
    0.06597677618265152,
    0.06535278260707855,
    0.06813319027423859,
    0.06632862985134125,
    0.06738173216581345,
    0.06322364509105682,
    0.06146806478500366,
    0.06608657538890839,
    0.062434595078229904,
    0.05590915307402611,
    0.06075828894972801,
    0.05599519610404968,
    0.05696459114551544,
    0.058717284351587296,
    0.052507225424051285
  ],
  "entropy_adjusted": [
    1.6455461491204915e-06,
    1.20750053156371e-06,
    1.481132358094328e-06,
    1.1198820857316605e-06,
    1.3649431593876216e-06,
    1.68973440395348e-06,
    1.8012175360127003e-06,
    1.0974973747579497e-06,
    1.3164258234610315e-06,
    1.3339910083232098e-06,
    1.2736492180920322e-06,
    1.1607340866248705e-06,
    1.40382826430141e-06,
    1.516043312221882e-06,
    1.3262515494716354e-06,
    1.051905996973801e-06,
    1.1606564385147067e-06,
    8.935892310546478e-07,
    1.0356066013628151e-06,
    1.4352394828165416e-06,
    5.034960963712365e-07,
    1.3535126299757394e-06,
    7.797630132699851e-07,
    9.159702472061326e-07,
    1.1456297670520144e-06,
    7.615184927090013e-07,
    9.589209639671026e-07,
    1.1374066843927721e-06,
    5.029093017583364e-07,
    6.7414663362797e-07,
    1.140518634201726e-06,
    8.00481871010561e-07,
    3.661583605207852e-07
  ],
  "actor_loss": [
    6.671552341686038e-07,
    5.65825928333652e-07,
    7.473043410755054e-07,
    7.823711598575755e-07,
    6.950394890736789e-07,
    9.481969982516603e-07,
    1.2825946669181576e-06,
    7.101401706677279e-07,
    8.465399901069759e-07,
    7.777145469844982e-07,
    7.98057328665891e-07,
    6.892769306432456e-07,
    9.668208349467022e-07,
    9.478039260102378e-07,
    9.231011972588021e-07,
    8.906935136110405e-07,
    7.77474497226649e-07,
    4.908029040961992e-07,
    7.331165647883608e-07,
    9.420797368875355e-07,
    2.3390883541196672e-07,
    1.0205026228504721e-06,
    3.8347130271176866e-07,
    6.347853513943846e-07,
    6.409345587599091e-07,
    5.411087045104068e-07,
    6.231032330106245e-07,
    7.00809039244632e-07,
    2.762260749022971e-07,
    4.1658933014332433e-07,
    7.584687864437001e-07,
    4.148963910211023e-07,
    3.97440409471983e-08
  ]
}