{
  "global_step": [
    13233,
    13234,
    13235,
    13236,
    13237,
    13238,
    13239,
    13240,
    13241,
    13242,
    13243,
    13244,
    13245,
    13246,
    13247,
    13248,
    13249,
    13250,
    13251,
    13252,
    13253,
    13254,
    13255,
    13256,
    13257,
    13258,
    13259,
    13260,
    13261,
    13262,
    13263,
    13264,
    13265
  ],
  "experience_step": [
    32,
    32,
    32,
    32,
    32,
    32,
    32,
    32,
    32,
    32,
    32,
    32,
    32,
    32,
    32,
    32,
    32,
    32,
    32,
    32,
    32,
    32,
    32,
    32,
    32,
    32,
    32,
    32,
    32,
    32,
    32,
    32,
    8
  ],
  "rewards": [
    0.42641764879226685,
    0.5135133266448975,
    0.536891520023346,
    0.5403355956077576,
    0.5278640985488892,
    0.5392917990684509,
    0.5432662963867188,
    0.5488905906677246,
    0.5412339568138123,
    0.5529294013977051,
    0.5488466024398804,
    0.5459027290344238,
    0.5488356947898865,
    0.5464819073677063,
    0.5430095195770264,
    0.5493530035018921,
    0.5437684655189514,
    0.5505203008651733,
    0.5475943684577942,
    0.5423576831817627,
    0.5475039482116699,
    0.5491143465042114,
    0.5396016836166382,
    0.5357519388198853,
    0.5423281192779541,
    0.5318806767463684,
    0.5287765264511108,
    0.5269109606742859,
    0.5196746587753296,
    0.5106547474861145,
    0.5305712819099426,
    0.5143861770629883,
    0.4993814527988434
  ],
  "stockouts": [
    0.021164773032069206,
    0.025284091010689735,
    0.006676136516034603,
    0.005539772566407919,
    0.008522727526724339,
    0.006818181835114956,
    0.0029829544946551323,
    0.0032670453656464815,
    0.0049715908244252205,
    0.002414772752672434,
    0.002414772752672434,
    0.0029829544946551323,
    0.0014204545877873898,
    0.001704545458778739,
    0.0012784090358763933,
    0.0007102272938936949,
    0.0005681818001903594,
    0.0005681818001903594,
    0.0012784090358763933,
    0.0007102272938936949,
    0.0007102272938936949,
    0.0005681818001903594,
    0.0005681818001903594,
    0.0005681818001903594,
    0.00014204545004758984,
    0.0002840909000951797,
    0.0,
    0.0,
    0.0,
    0.00014204545004758984,
    0.0,
    0.00014204545004758984,
    0.0
  ],
  "waste": [
    0.009853173047304153,
    0.008994920179247856,
    0.009192035533487797,
    0.009221602231264114,
    0.009100278839468956,
    0.009195319376885891,
    0.009219559840857983,
    0.0091851269826293,
    0.009082851931452751,
    0.009073829278349876,
    0.009130338206887245,
    0.009142851456999779,
    0.009225143119692802,
    0.009311100468039513,
    0.009259349666535854,
    0.009321960620582104,
    0.009301749989390373,
    0.009170915000140667,
    0.009281447157263756,
    0.009267875924706459,
    0.009300190024077892,
    0.009190360084176064,
    0.009495140984654427,
    0.009426985867321491,
    0.009431413374841213,
    0.00955074094235897,
    0.009658819995820522,
    0.00960939284414053,
    0.009704307653009892,
    0.010036622174084187,
    0.009670252911746502,
    0.00971298199146986,
    0.010199135169386864
  ],
  "delta": [
    0.28468844294548035,
    0.3802853524684906,
    0.40076279640197754,
    0.40357157588005066,
    0.39029431343078613,
    0.40301403403282166,
    0.4067562520503998,
    0.4120122790336609,
    0.4047938883304596,
    0.41649845242500305,
    0.41223233938217163,
    0.409652441740036,
    0.41111838817596436,
    0.4096112549304962,
    0.40647804737091064,
    0.4128928482532501,
    0.40630868077278137,
    0.4140213429927826,
    0.41126126050949097,
    0.40620678663253784,
    0.40992632508277893,
    0.4117153286933899,
    0.4031102955341339,
    0.3991643786430359,
    0.40548670291900635,
    0.3946053683757782,
    0.3924405574798584,
    0.39000314474105835,
    0.38280367851257324,
    0.3731033205986023,
    0.39329367876052856,
    0.3766602873802185,
    0.3637501001358032
  ],
  "critic_loss": [
    0.05440252646803856,
    0.07964618504047394,
    0.08302386850118637,
    0.0832490399479866,
    0.07908958196640015,
    0.08329664915800095,
    0.08394672721624374,
    0.08629929274320602,
    0.08380759507417679,
    0.08790484070777893,
    0.08617227524518967,
    0.08528949320316315,
    0.08548040688037872,
    0.08480895310640335,
    0.08350005000829697,
    0.08596965670585632,
    0.0832042545080185,
    0.08632023632526398,
    0.08556981384754181,
    0.08320751041173935,
    0.08480950444936752,
    0.08543167263269424,
    0.08195856213569641,
    0.08036447316408157,
    0.08278608322143555,
    0.07859011739492416,
    0.07764279097318649,
    0.07672228664159775,
    0.07415442913770676,
    0.07028477638959885,
    0.07795951515436172,
    0.07197324931621552,
    0.06680078059434891
  ],
  "entropy_adjusted": [
    1.4812731023994274e-06,
    1.818865030145389e-06,
    1.3781076404484338e-06,
    1.7055717762559652e-06,
    2.1890086827625055e-06,
    1.4235884009394795e-06,
    1.222305968440196e-06,
    1.3197903854234028e-06,
    1.909601223815116e-06,
    1.484143012930872e-06,
    1.595935714249208e-06,
    1.7949740822587046e-06,
    1.1237123089813394e-06,
    1.3991431160320644e-06,
    1.341518213848758e-06,
    1.5925685374895693e-06,
    1.5687328414060175e-06,
    1.012299890135182e-06,
    1.10798691821401e-06,
    1.7442230273445603e-06,
    1.1316013797113555e-06,
    1.052056632033782e-06,
    1.017534145830723e-06,
    9.933506817105808e-07,
    7.625359330631909e-07,
    1.469813696530764e-06,
    8.53319477300829e-07,
    7.726678745711979e-07,
    1.7604188542463817e-06,
    1.196629000332905e-06,
    1.645432803343283e-06,
    1.26611223549844e-06,
    1.1747424650820903e-06
  ],
  "actor_loss": [
    7.587601658087806e-07,
    1.272821918973932e-06,
    1.022383685267414e-06,
    1.2094361636627582e-06,
    2.001581378863193e-06,
    9.720972684590379e-07,
    8.832920457280125e-07,
    9.379497782902035e-07,
    2.310407126060454e-06,
    1.3945377759227995e-06,
    1.1200181688764133e-06,
    1.5136804449866759e-06,
    8.768365091782471e-07,
    1.0704850410547806e-06,
    1.1940619515371509e-06,
    1.2481608564485214e-06,
    1.3498784028342925e-06,
    9.514745897831745e-07,
    7.370605885625992e-07,
    1.351367131974257e-06,
    1.190145894724992e-06,
    6.263965701691632e-07,
    7.856598926991865e-07,
    6.589900749531807e-07,
    6.584676839338499e-07,
    1.3310361737239873e-06,
    5.147720685272361e-07,
    3.956273246785713e-07,
    1.6726788771848078e-06,
    9.174129331768199e-07,
    1.3707070820601075e-06,
    7.319939641092787e-07,
    4.882598432232044e-07
  ]
}