{
  "global_step": [
    330,
    331,
    332,
    333,
    334,
    335,
    336,
    337,
    338,
    339,
    340,
    341,
    342,
    343,
    344,
    345,
    346,
    347,
    348,
    349,
    350,
    351,
    352,
    353,
    354,
    355,
    356,
    357,
    358,
    359,
    360,
    361,
    362
  ],
  "experience_step": [
    32,
    32,
    32,
    32,
    32,
    32,
    32,
    32,
    32,
    32,
    32,
    32,
    32,
    32,
    32,
    32,
    32,
    32,
    32,
    32,
    32,
    32,
    32,
    32,
    32,
    32,
    32,
    32,
    32,
    32,
    32,
    32,
    8
  ],
  "rewards": [
    0.29564526677131653,
    0.35185936093330383,
    0.377915620803833,
    0.378465473651886,
    0.37967410683631897,
    0.38358160853385925,
    0.38011205196380615,
    0.390362024307251,
    0.3783074915409088,
    0.3851695656776428,
    0.3900429606437683,
    0.3898545205593109,
    0.3863716721534729,
    0.37443774938583374,
    0.37825727462768555,
    0.39036792516708374,
    0.40123847126960754,
    0.4008735716342926,
    0.40211790800094604,
    0.39025431871414185,
    0.3886887729167938,
    0.382075697183609,
    0.3751150071620941,
    0.36831068992614746,
    0.37325772643089294,
    0.37985000014305115,
    0.36725279688835144,
    0.34362709522247314,
    0.329402357339859,
    0.32506680488586426,
    0.34689703583717346,
    0.36549967527389526,
    0.3529451787471771
  ],
  "stockouts": [
    0.052272725850343704,
    0.05156249925494194,
    0.025284091010689735,
    0.022727273404598236,
    0.031534090638160706,
    0.02400568127632141,
    0.019886363297700882,
    0.016335226595401764,
    0.02031249925494194,
    0.01605113595724106,
    0.017329545691609383,
    0.01676136441528797,
    0.015909090638160706,
    0.013210227712988853,
    0.01221590954810381,
    0.011079545132815838,
    0.008096590638160706,
    0.007102272938936949,
    0.00909090880304575,
    0.008948863483965397,
    0.008664772845804691,
    0.006676136516034603,
    0.008380682207643986,
    0.0072443182580173016,
    0.006960227154195309,
    0.006107954774051905,
    0.005823863670229912,
    0.007102272938936949,
    0.005539772566407919,
    0.0032670453656464815,
    0.0062500000931322575,
    0.003409090917557478,
    0.0062500000931322575
  ],
  "waste": [
    0.008675177581608295,
    0.007986592128872871,
    0.008444391191005707,
    0.008442053571343422,
    0.008268283680081367,
    0.008435866795480251,
    0.00854760967195034,
    0.008732477203011513,
    0.008604142814874649,
    0.008634545840322971,
    0.008700362406671047,
    0.008631763979792595,
    0.008834205567836761,
    0.00904103834182024,
    0.008887842297554016,
    0.008830731734633446,
    0.008985067717730999,
    0.008953352458775043,
    0.008846420794725418,
    0.00895591638982296,
    0.009051266126334667,
    0.008934873156249523,
    0.00898194033652544,
    0.009234854951500893,
    0.009074348025023937,
    0.009187146089971066,
    0.009253397583961487,
    0.009470050223171711,
    0.009625469334423542,
    0.009591623209416866,
    0.009264026768505573,
    0.009342709556221962,
    0.009722791612148285
  ],
  "delta": [
    0.2528524100780487,
    0.3357117474079132,
    0.3406565189361572,
    0.3319767117500305,
    0.35491350293159485,
    0.3582525849342346,
    0.34005919098854065,
    0.3590952455997467,
    0.3343125879764557,
    0.3599771559238434,
    0.3571232259273529,
    0.3633071780204773,
    0.35592013597488403,
    0.3467259407043457,
    0.34086841344833374,
    0.3461645543575287,
    0.3438540995121002,
    0.3702700436115265,
    0.3717624247074127,
    0.35436198115348816,
    0.36677420139312744,
    0.335378497838974,
    0.3454890549182892,
    0.3294907510280609,
    0.3284815847873688,
    0.34537309408187866,
    0.3367628753185272,
    0.33253318071365356,
    0.28410011529922485,
    0.27770107984542847,
    0.32989633083343506,
    0.3516927659511566,
    0.32456162571907043
  ],
  "critic_loss": [
    0.6440988183021545,
    0.5541411638259888,
    0.5285972356796265,
    0.5128400921821594,
    0.5631178021430969,
    0.5020636320114136,
    0.4865300953388214,
    0.48581379652023315,
    0.4784930348396301,
    0.4733665883541107,
    0.464398056268692,
    0.46879076957702637,
    0.46287980675697327,
    0.4336687922477722,
    0.42528071999549866,
    0.4279872477054596,
    0.41655853390693665,
    0.4284236431121826,
    0.4344930052757263,
    0.4188445210456848,
    0.4178856611251831,
    0.40547600388526917,
    0.4049045145511627,
    0.3947867751121521,
    0.3910102844238281,
    0.40033337473869324,
    0.3815811276435852,
    0.38869816064834595,
    0.373244047164917,
    0.36673611402511597,
    0.3736245930194855,
    0.3761826157569885,
    0.3949851393699646
  ],
  "entropy_adjusted": [
    2.898434831877239e-05,
    2.8196967832627706e-05,
    2.753705848590471e-05,
    2.9621818612213247e-05,
    3.1098563340492547e-05,
    2.9535902285715565e-05,
    2.578128442110028e-05,
    2.9687142159673385e-05,
    2.6355404770583846e-05,
    2.5727858883328736e-05,
    2.750056955846958e-05,
    2.613899778225459e-05,
    2.7060046704718843e-05,
    2.3093978597898968e-05,
    2.440278149151709e-05,
    2.6562431230559014e-05,
    2.2751715732738376e-05,
    2.3594460799358785e-05,
    2.2981017536949366e-05,
    2.006875365623273e-05,
    2.261046574858483e-05,
    2.334027158212848e-05,
    2.484797551005613e-05,
    2.177705209760461e-05,
    2.2093128791311756e-05,
    2.155576294171624e-05,
    2.053611933661159e-05,
    1.9459872419247404e-05,
    1.9948407498304732e-05,
    1.8958928194479086e-05,
    2.0167572074569762e-05,
    1.867344690253958e-05,
    1.9913275536964647e-05
  ],
  "actor_loss": [
    0.00012595167208928615,
    0.00012401482672430575,
    0.00011749447730835527,
    0.0001289207284571603,
    0.00013229581236373633,
    0.00013672186469193548,
    8.246092329500243e-05,
    0.00010578561341390014,
    8.09889825177379e-05,
    8.618902938906103e-05,
    0.00012818969844374806,
    7.516350888181478e-05,
    7.983555406099185e-05,
    7.664655277039856e-05,
    7.932546577649191e-05,
    8.620909648016095e-05,
    7.907659892225638e-05,
    7.04375488567166e-05,
    7.794159319018945e-05,
    6.077555372030474e-05,
    6.488686631200835e-05,
    7.569886656710878e-05,
    8.137058466672897e-05,
    8.500837429892272e-05,
    6.503635813714936e-05,
    7.515696779591963e-05,
    5.330575368134305e-05,
    6.487607606686652e-05,
    6.377877434715629e-05,
    5.7889334129868075e-05,
    6.295884668361396e-05,
    5.107804827275686e-05,
    4.204627111903392e-05
  ]
}