{
  "global_step": [
    8580,
    8581,
    8582,
    8583,
    8584,
    8585,
    8586,
    8587,
    8588,
    8589,
    8590,
    8591,
    8592,
    8593,
    8594,
    8595,
    8596,
    8597,
    8598,
    8599,
    8600,
    8601,
    8602,
    8603,
    8604,
    8605,
    8606,
    8607,
    8608,
    8609,
    8610,
    8611,
    8612
  ],
  "experience_step": [
    32,
    32,
    32,
    32,
    32,
    32,
    32,
    32,
    32,
    32,
    32,
    32,
    32,
    32,
    32,
    32,
    32,
    32,
    32,
    32,
    32,
    32,
    32,
    32,
    32,
    32,
    32,
    32,
    32,
    32,
    32,
    32,
    8
  ],
  "rewards": [
    0.42102694511413574,
    0.5122735500335693,
    0.526154100894928,
    0.5410650372505188,
    0.5236679911613464,
    0.5320039391517639,
    0.5378679633140564,
    0.544775664806366,
    0.5381354093551636,
    0.5455161929130554,
    0.5361701846122742,
    0.5429055094718933,
    0.5417723655700684,
    0.5449134707450867,
    0.5389152765274048,
    0.5448485016822815,
    0.5466467142105103,
    0.5473142266273499,
    0.5424806475639343,
    0.5375428199768066,
    0.5346179008483887,
    0.5471323728561401,
    0.5363654494285583,
    0.5312467813491821,
    0.5351257920265198,
    0.5249963998794556,
    0.5158601403236389,
    0.5048010945320129,
    0.49579665064811707,
    0.5116610527038574,
    0.5042700171470642,
    0.48393580317497253,
    0.48561331629753113
  ],
  "stockouts": [
    0.021164773032069206,
    0.0234375,
    0.008096590638160706,
    0.005539772566407919,
    0.008806818164885044,
    0.0072443182580173016,
    0.0031250000465661287,
    0.0025568180717527866,
    0.003693181788548827,
    0.001988636329770088,
    0.0025568180717527866,
    0.002698863623663783,
    0.0018465908942744136,
    0.0015625000232830644,
    0.0007102272938936949,
    0.0008522727293893695,
    0.0005681818001903594,
    0.0002840909000951797,
    0.0008522727293893695,
    0.0008522727293893695,
    0.000994318164885044,
    0.00042613636469468474,
    0.00014204545004758984,
    0.00014204545004758984,
    0.0,
    0.0002840909000951797,
    0.00014204545004758984,
    0.0,
    0.00014204545004758984,
    0.0,
    0.00014204545004758984,
    0.0,
    0.0
  ],
  "waste": [
    0.009617322124540806,
    0.008782044053077698,
    0.008960501290857792,
    0.008983413688838482,
    0.0089104063808918,
    0.00907981675118208,
    0.00927379634231329,
    0.00918336771428585,
    0.009116219356656075,
    0.009242684580385685,
    0.009379703551530838,
    0.00934910774230957,
    0.009393014013767242,
    0.009413524530827999,
    0.009385633282363415,
    0.009423481300473213,
    0.009377134963870049,
    0.00946763250976801,
    0.00956034380942583,
    0.009424959309399128,
    0.0094600236043334,
    0.00934998132288456,
    0.009658441878855228,
    0.009732842445373535,
    0.009631169028580189,
    0.009817098267376423,
    0.009841110557317734,
    0.009836344979703426,
    0.01011771522462368,
    0.01002469565719366,
    0.009929046034812927,
    0.010126703418791294,
    0.010275180451571941
  ],
  "delta": [
    0.3265976011753082,
    0.4235781729221344,
    0.4353368878364563,
    0.44972482323646545,
    0.43196722865104675,
    0.4411550462245941,
    0.44684091210365295,
    0.4532296657562256,
    0.4461614787578583,
    0.45350465178489685,
    0.4439510703086853,
    0.45135563611984253,
    0.4498511850833893,
    0.45415523648262024,
    0.44778740406036377,
    0.4529792070388794,
    0.45493897795677185,
    0.45502352714538574,
    0.4508080780506134,
    0.4453432261943817,
    0.44205087423324585,
    0.4554905891418457,
    0.44448310136795044,
    0.44009116291999817,
    0.4436931312084198,
    0.43323445320129395,
    0.4233744442462921,
    0.4127550423145294,
    0.4044969379901886,
    0.42018598318099976,
    0.412809282541275,
    0.3921506106853485,
    0.3929527997970581
  ],
  "critic_loss": [
    0.0683809295296669,
    0.09700537472963333,
    0.09836550801992416,
    0.1032295674085617,
    0.0970064327120781,
    0.10025542974472046,
    0.10142644494771957,
    0.10407441109418869,
    0.10128507018089294,
    0.10422699898481369,
    0.09998071938753128,
    0.10328678041696548,
    0.10245376080274582,
    0.10421888530254364,
    0.10122531652450562,
    0.10355070233345032,
    0.10434235632419586,
    0.10432606935501099,
    0.10258651524782181,
    0.10014800727367401,
    0.09872806817293167,
    0.10455310344696045,
    0.09964361786842346,
    0.09777825325727463,
    0.09924675524234772,
    0.09475482255220413,
    0.09061608463525772,
    0.0861416906118393,
    0.08302824199199677,
    0.08911793678998947,
    0.08613423258066177,
    0.0777793824672699,
    0.07798115909099579
  ],
  "entropy_adjusted": [
    2.9446093776641646e-06,
    3.855029717669822e-06,
    2.616764732010779e-06,
    2.8542428935907083e-06,
    2.578739440650679e-06,
    3.049947963518207e-06,
    2.5111967261182144e-06,
    3.21564266414498e-06,
    2.982948444696376e-06,
    2.80354242931935e-06,
    2.7659316401695833e-06,
    2.378124236201984e-06,
    3.022023975063348e-06,
    1.483543883296079e-06,
    2.6032062123704236e-06,
    1.9001124655915191e-06,
    2.088905603159219e-06,
    2.704890903260093e-06,
    2.651426939337398e-06,
    2.2943065687286435e-06,
    2.4999894776556175e-06,
    1.7098625448852545e-06,
    1.6820098380776471e-06,
    2.7277849312667968e-06,
    3.018710913238465e-06,
    1.4929833014321048e-06,
    1.7244507262148545e-06,
    1.7655297597229946e-06,
    2.2464291760115884e-06,
    1.610830281606468e-06,
    1.308434434577066e-06,
    1.7347408629575511e-06,
    1.4704215800520615e-06
  ],
  "actor_loss": [
    2.241280526504852e-06,
    3.3301910207228502e-06,
    2.277817884532851e-06,
    2.9336647457967047e-06,
    1.9006456568604335e-06,
    3.4028635127469897e-06,
    2.4259402380266692e-06,
    3.5115947412123205e-06,
    2.8132187708251877e-06,
    2.8888123324577464e-06,
    2.7310161385685205e-06,
    2.0601332835212816e-06,
    3.6699475458590314e-06,
    1.527397103018302e-06,
    2.4657172161823837e-06,
    1.5265976571754436e-06,
    2.183247033826774e-06,
    3.041604259124142e-06,
    2.7918320029129973e-06,
    2.232283804914914e-06,
    2.939539626822807e-06,
    1.6107568399092997e-06,
    1.6005426459742012e-06,
    2.7135761229146738e-06,
    3.3456260553066386e-06,
    1.3110651480019442e-06,
    1.3622944834423834e-06,
    1.5911911077637342e-06,
    2.22635412683303e-06,
    1.2277847645236761e-06,
    1.1848997019114904e-06,
    1.8024171595243388e-06,
    1.0939768344542244e-06
  ]
}