{
  "global_step": [
    5478,
    5479,
    5480,
    5481,
    5482,
    5483,
    5484,
    5485,
    5486,
    5487,
    5488,
    5489,
    5490,
    5491,
    5492,
    5493,
    5494,
    5495,
    5496,
    5497,
    5498,
    5499,
    5500,
    5501,
    5502,
    5503,
    5504,
    5505,
    5506,
    5507,
    5508,
    5509,
    5510
  ],
  "experience_step": [
    32,
    32,
    32,
    32,
    32,
    32,
    32,
    32,
    32,
    32,
    32,
    32,
    32,
    32,
    32,
    32,
    32,
    32,
    32,
    32,
    32,
    32,
    32,
    32,
    32,
    32,
    32,
    32,
    32,
    32,
    32,
    32,
    8
  ],
  "rewards": [
    0.4121710956096649,
    0.4862290918827057,
    0.5173014402389526,
    0.5184503197669983,
    0.5041194558143616,
    0.5117222666740417,
    0.5254972577095032,
    0.5204826593399048,
    0.5119004845619202,
    0.520099937915802,
    0.527214765548706,
    0.5286096334457397,
    0.5200126767158508,
    0.5092188119888306,
    0.5231456160545349,
    0.5126001238822937,
    0.5135958194732666,
    0.5268223881721497,
    0.5299397110939026,
    0.5245229601860046,
    0.5125585198402405,
    0.5323991775512695,
    0.5078161954879761,
    0.5022446513175964,
    0.5175204277038574,
    0.5052210688591003,
    0.48387211561203003,
    0.49091869592666626,
    0.49908947944641113,
    0.5017262697219849,
    0.4930352568626404,
    0.45809271931648254,
    0.49420326948165894
  ],
  "stockouts": [
    0.017329545691609383,
    0.022159090265631676,
    0.00639204541221261,
    0.004829545505344868,
    0.0078125,
    0.004261363763362169,
    0.002698863623663783,
    0.0025568180717527866,
    0.003693181788548827,
    0.0021306818816810846,
    0.0018465908942744136,
    0.0025568180717527866,
    0.0012784090358763933,
    0.0011363636003807187,
    0.000994318164885044,
    0.0008522727293893695,
    0.00014204545004758984,
    0.0002840909000951797,
    0.0008522727293893695,
    0.0002840909000951797,
    0.00042613636469468474,
    0.0002840909000951797,
    0.00014204545004758984,
    0.00014204545004758984,
    0.0,
    0.00014204545004758984,
    0.0,
    0.0,
    0.00042613636469468474,
    0.0,
    0.0,
    0.0,
    0.0
  ],
  "waste": [
    0.010621024295687675,
    0.009987412951886654,
    0.010205528698861599,
    0.010223300196230412,
    0.010183349251747131,
    0.010300484485924244,
    0.010380460880696774,
    0.010446448810398579,
    0.010491232387721539,
    0.010424554347991943,
    0.010395531542599201,
    0.01053621806204319,
    0.010467900894582272,
    0.010633045807480812,
    0.010615311563014984,
    0.010613584890961647,
    0.010435990989208221,
    0.01055119652301073,
    0.010501882992684841,
    0.010538163594901562,
    0.010438782162964344,
    0.010368894785642624,
    0.010665389709174633,
    0.010675502009689808,
    0.010590330697596073,
    0.010700651444494724,
    0.010801942087709904,
    0.010830378159880638,
    0.010678119026124477,
    0.010738258250057697,
    0.010857601650059223,
    0.011025192216038704,
    0.010936097241938114
  ],
  "delta": [
    0.35071444511413574,
    0.4270853102207184,
    0.457584023475647,
    0.45826876163482666,
    0.44344428181648254,
    0.4513445794582367,
    0.4653041958808899,
    0.45984673500061035,
    0.4515348970890045,
    0.4594559073448181,
    0.46666571497917175,
    0.4682755172252655,
    0.45872199535369873,
    0.4490613341331482,
    0.46319779753685,
    0.45252564549446106,
    0.45231565833091736,
    0.46598538756370544,
    0.46876898407936096,
    0.46367600560188293,
    0.4516105651855469,
    0.4720456600189209,
    0.4473054111003876,
    0.4414570927619934,
    0.45666372776031494,
    0.4446868300437927,
    0.42235881090164185,
    0.4300840198993683,
    0.43848803639411926,
    0.44038161635398865,
    0.43196576833724976,
    0.39702820777893066,
    0.43278947472572327
  ],
  "critic_loss": [
    0.07809621095657349,
    0.10255425423383713,
    0.10889708250761032,
    0.107974573969841,
    0.10278984159231186,
    0.10455452650785446,
    0.1099923849105835,
    0.10767311602830887,
    0.10419086366891861,
    0.1071338802576065,
    0.1104419156908989,
    0.11144894361495972,
    0.10666302591562271,
    0.10203224420547485,
    0.10831043869256973,
    0.10363835096359253,
    0.10320472717285156,
    0.10963419079780579,
    0.1111096665263176,
    0.108554907143116,
    0.10296333581209183,
    0.11242104321718216,
    0.10089342296123505,
    0.0984177440404892,
    0.1050032451748848,
    0.09975957870483398,
    0.0902998149394989,
    0.09338891506195068,
    0.09713252633810043,
    0.09786442667245865,
    0.09422285854816437,
    0.07996021956205368,
    0.09438883513212204
  ],
  "entropy_adjusted": [
    4.210331098875031e-06,
    4.861387878918322e-06,
    3.882822056766599e-06,
    4.564782102534082e-06,
    5.426890311355237e-06,
    5.228729605732951e-06,
    5.161676654097391e-06,
    5.360310296964599e-06,
    3.953061877837172e-06,
    4.860491117142374e-06,
    5.30397437614738e-06,
    4.811303369933739e-06,
    3.94578182749683e-06,
    4.682334747485584e-06,
    4.17241562900017e-06,
    5.183733719604788e-06,
    4.5699102884100284e-06,
    3.6575702324626036e-06,
    3.181173951816163e-06,
    4.04683032684261e-06,
    3.448656798354932e-06,
    3.723223926499486e-06,
    3.7267197967594257e-06,
    3.886473223246867e-06,
    3.7211018479865743e-06,
    3.070826778639457e-06,
    2.6116838398593245e-06,
    3.3233611702598864e-06,
    2.9212005756562576e-06,
    2.7196758765057893e-06,
    3.203824007869116e-06,
    2.2655760858469876e-06,
    2.426980017844471e-06
  ],
  "actor_loss": [
    3.018191819137428e-06,
    4.583986537909368e-06,
    3.743247589227394e-06,
    4.924399945593905e-06,
    4.741928478324553e-06,
    5.229639555182075e-06,
    5.647273610520642e-06,
    5.5645909924351145e-06,
    3.393854512978578e-06,
    5.600857548415661e-06,
    5.731461442337604e-06,
    4.656008968595415e-06,
    4.144245394854806e-06,
    4.3945569814241026e-06,
    4.489617367653409e-06,
    5.712403435609303e-06,
    4.548679044091841e-06,
    4.5271935960045084e-06,
    3.1001695788290817e-06,
    3.4907345707324566e-06,
    3.5598764043243136e-06,
    3.6829815144301392e-06,
    3.7464919842022937e-06,
    3.214426897102385e-06,
    4.676858679886209e-06,
    3.3583783078938723e-06,
    2.274009830216528e-06,
    3.3402968711016e-06,
    2.953589955723146e-06,
    2.856137825801852e-06,
    2.726233333305572e-06,
    1.7813174508773955e-06,
    1.8900045688496903e-06
  ]
}