{
  "global_step": [
    12969,
    12970,
    12971,
    12972,
    12973,
    12974,
    12975,
    12976,
    12977,
    12978,
    12979,
    12980,
    12981,
    12982,
    12983,
    12984,
    12985,
    12986,
    12987,
    12988,
    12989,
    12990,
    12991,
    12992,
    12993,
    12994,
    12995,
    12996,
    12997,
    12998,
    12999,
    13000,
    13001
  ],
  "experience_step": [
    32,
    32,
    32,
    32,
    32,
    32,
    32,
    32,
    32,
    32,
    32,
    32,
    32,
    32,
    32,
    32,
    32,
    32,
    32,
    32,
    32,
    32,
    32,
    32,
    32,
    32,
    32,
    32,
    32,
    32,
    32,
    32,
    8
  ],
  "rewards": [
    0.4213879704475403,
    0.5069509744644165,
    0.5320581793785095,
    0.5419713258743286,
    0.5255484580993652,
    0.5348846912384033,
    0.5468778610229492,
    0.5500600934028625,
    0.5437054634094238,
    0.5512012243270874,
    0.5482310652732849,
    0.5479951500892639,
    0.5473739504814148,
    0.5449818968772888,
    0.5446979999542236,
    0.5427253246307373,
    0.5447092652320862,
    0.5407450795173645,
    0.5487177968025208,
    0.5420944094657898,
    0.5429885983467102,
    0.5511181354522705,
    0.5455629229545593,
    0.5456098914146423,
    0.5445562601089478,
    0.5330291986465454,
    0.5243846774101257,
    0.5193299651145935,
    0.5343184471130371,
    0.527873694896698,
    0.5268082618713379,
    0.5182370543479919,
    0.5166448950767517
  ],
  "stockouts": [
    0.0208806823939085,
    0.024289771914482117,
    0.007670454680919647,
    0.005113636143505573,
    0.008096590638160706,
    0.007386363577097654,
    0.0032670453656464815,
    0.0022727272007614374,
    0.003977272659540176,
    0.0029829544946551323,
    0.002698863623663783,
    0.003409090917557478,
    0.0014204545877873898,
    0.0015625000232830644,
    0.0008522727293893695,
    0.0007102272938936949,
    0.0007102272938936949,
    0.0005681818001903594,
    0.0012784090358763933,
    0.0005681818001903594,
    0.0011363636003807187,
    0.0005681818001903594,
    0.0005681818001903594,
    0.0,
    0.0,
    0.00014204545004758984,
    0.0002840909000951797,
    0.00014204545004758984,
    0.00014204545004758984,
    0.00014204545004758984,
    0.0,
    0.0,
    0.0
  ],
  "waste": [
    0.009804784320294857,
    0.008896858431398869,
    0.00923924334347248,
    0.009129760786890984,
    0.009146113879978657,
    0.009320912882685661,
    0.009352860040962696,
    0.009192852303385735,
    0.009140982292592525,
    0.009217322804033756,
    0.009297116659581661,
    0.00928250141441822,
    0.009328043088316917,
    0.009348266758024693,
    0.009399996139109135,
    0.009594613686203957,
    0.009477679617702961,
    0.009500403888523579,
    0.009517372585833073,
    0.009414705447852612,
    0.00952621828764677,
    0.009433330036699772,
    0.009576654061675072,
    0.009678044356405735,
    0.009783931076526642,
    0.009752779267728329,
    0.010021287947893143,
    0.010010831989347935,
    0.009926939383149147,
    0.010096261277794838,
    0.01007750816643238,
    0.010292393155395985,
    0.010627885349094868
  ],
  "delta": [
    0.2832828760147095,
    0.3762436807155609,
    0.398571252822876,
    0.4075523018836975,
    0.3915269374847412,
    0.40088167786598206,
    0.4125095009803772,
    0.41539445519447327,
    0.4092995822429657,
    0.4168147146701813,
    0.41465723514556885,
    0.41308102011680603,
    0.4132245182991028,
    0.41099265217781067,
    0.4108302593231201,
    0.4086250364780426,
    0.41042181849479675,
    0.40623563528060913,
    0.4142739474773407,
    0.4081708788871765,
    0.40835440158843994,
    0.41659942269325256,
    0.4108145236968994,
    0.4109364449977875,
    0.4100656807422638,
    0.39846521615982056,
    0.38907504081726074,
    0.3850858807563782,
    0.39905086159706116,
    0.393606573343277,
    0.39209920167922974,
    0.38311341404914856,
    0.381580650806427
  ],
  "critic_loss": [
    0.053491201251745224,
    0.07726967334747314,
    0.08240265399217606,
    0.08511713147163391,
    0.07972506433725357,
    0.08292432874441147,
    0.08640898764133453,
    0.08741240203380585,
    0.08526056259870529,
    0.08812528103590012,
    0.08735910058021545,
    0.08678389340639114,
    0.0863252803683281,
    0.08542149513959885,
    0.08519068360328674,
    0.08421294391155243,
    0.0849735364317894,
    0.08327619731426239,
    0.0867278203368187,
    0.08400256186723709,
    0.08426675200462341,
    0.08748550713062286,
    0.08515316247940063,
    0.08502625674009323,
    0.0847400352358818,
    0.08004505932331085,
    0.07642243057489395,
    0.07480285316705704,
    0.0803326889872551,
    0.07824637740850449,
    0.07755549252033234,
    0.07414232939481735,
    0.07332966476678848
  ],
  "entropy_adjusted": [
    1.8824139260686934e-06,
    1.4951203866075957e-06,
    1.0789668749566772e-06,
    1.8914014390247758e-06,
    1.691891952759761e-06,
    2.3344998680840945e-06,
    1.7345123524137307e-06,
    1.8481624692867626e-06,
    1.8790639160215505e-06,
    1.743566485856718e-06,
    1.3508496294889483e-06,
    1.3810240488965064e-06,
    1.6660404753565672e-06,
    1.811605216062162e-06,
    1.2216646609886084e-06,
    1.8124733287550043e-06,
    1.0931984206763445e-06,
    1.3030625041210442e-06,
    8.788308036855597e-07,
    2.331024006707594e-06,
    1.3435771961667342e-06,
    1.3845913144905353e-06,
    1.1439173022154137e-06,
    1.4348363492899807e-06,
    1.0650236390574719e-06,
    1.1855349839606788e-06,
    1.3833623597747646e-06,
    1.3880611504646367e-06,
    1.169022425528965e-06,
    7.857250352572009e-07,
    1.2008317753497977e-06,
    8.71744020969345e-07,
    1.376950990561454e-06
  ],
  "actor_loss": [
    8.94739571322134e-07,
    8.743837156544032e-07,
    6.663221370217798e-07,
    1.942576091096271e-06,
    1.5783352864673361e-06,
    2.2144827198644634e-06,
    1.6688409232301638e-06,
    1.3300743830768624e-06,
    1.8576931779534789e-06,
    1.4908094954080298e-06,
    1.0219309842796065e-06,
    1.100100689654937e-06,
    1.2938210147694917e-06,
    1.2785571925633121e-06,
    8.796640145192214e-07,
    1.6060529333117302e-06,
    8.522788448317442e-07,
    1.1329301514706458e-06,
    5.520965942196199e-07,
    1.7991437744058203e-06,
    1.0873519613596727e-06,
    1.3725506278206012e-06,
    9.400658882441348e-07,
    1.1326828825986013e-06,
    8.749487392378796e-07,
    1.0835258308361517e-06,
    1.0623240314089344e-06,
    1.16842988973076e-06,
    8.049053121794714e-07,
    6.087155384193466e-07,
    9.579559900885215e-07,
    5.865928187631653e-07,
    1.1382046523067402e-06
  ]
}