{
  "global_step": [
    5346,
    5347,
    5348,
    5349,
    5350,
    5351,
    5352,
    5353,
    5354,
    5355,
    5356,
    5357,
    5358,
    5359,
    5360,
    5361,
    5362,
    5363,
    5364,
    5365,
    5366,
    5367,
    5368,
    5369,
    5370,
    5371,
    5372,
    5373,
    5374,
    5375,
    5376,
    5377,
    5378
  ],
  "experience_step": [
    32,
    32,
    32,
    32,
    32,
    32,
    32,
    32,
    32,
    32,
    32,
    32,
    32,
    32,
    32,
    32,
    32,
    32,
    32,
    32,
    32,
    32,
    32,
    32,
    32,
    32,
    32,
    32,
    32,
    32,
    32,
    32,
    8
  ],
  "rewards": [
    0.4104093015193939,
    0.48698529601097107,
    0.5187475681304932,
    0.5218231081962585,
    0.5108125805854797,
    0.5255460739135742,
    0.5205377340316772,
    0.5253452062606812,
    0.5168364644050598,
    0.5270429849624634,
    0.5278032422065735,
    0.5295217633247375,
    0.5260081887245178,
    0.5189318656921387,
    0.5179619193077087,
    0.5308990478515625,
    0.5276007056236267,
    0.5318365097045898,
    0.5278196334838867,
    0.5188849568367004,
    0.5160297751426697,
    0.5197321176528931,
    0.5147588849067688,
    0.5091111063957214,
    0.5185109376907349,
    0.5033816695213318,
    0.48235851526260376,
    0.5065693855285645,
    0.5070797801017761,
    0.49295473098754883,
    0.48244205117225647,
    0.4972938299179077,
    0.47673270106315613
  ],
  "stockouts": [
    0.01718750037252903,
    0.024289771914482117,
    0.007102272938936949,
    0.005823863670229912,
    0.007528408896178007,
    0.005113636143505573,
    0.0032670453656464815,
    0.0031250000465661287,
    0.004119317978620529,
    0.002414772752672434,
    0.002698863623663783,
    0.0029829544946551323,
    0.0011363636003807187,
    0.0011363636003807187,
    0.0012784090358763933,
    0.0011363636003807187,
    0.0002840909000951797,
    0.00042613636469468474,
    0.0008522727293893695,
    0.0008522727293893695,
    0.0005681818001903594,
    0.00014204545004758984,
    0.0002840909000951797,
    0.00014204545004758984,
    0.0,
    0.0,
    0.0,
    0.00014204545004758984,
    0.0,
    0.00014204545004758984,
    0.0,
    0.0002840909000951797,
    0.0
  ],
  "waste": [
    0.010373855009675026,
    0.009533972479403019,
    0.009925036691129208,
    0.00996343418955803,
    0.009816566482186317,
    0.009932811371982098,
    0.010163485072553158,
    0.010064400732517242,
    0.00992423202842474,
    0.00995646696537733,
    0.010040933266282082,
    0.009972861036658287,
    0.0100740697234869,
    0.010077500715851784,
    0.010175294242799282,
    0.010042992420494556,
    0.010063408873975277,
    0.00997842662036419,
    0.01011929102241993,
    0.010157245211303234,
    0.010128396563231945,
    0.010031881742179394,
    0.010163770988583565,
    0.01023829635232687,
    0.010079809464514256,
    0.010195592418313026,
    0.010317078791558743,
    0.010334658436477184,
    0.010372653603553772,
    0.010256084613502026,
    0.010256394743919373,
    0.010221418924629688,
    0.010209832340478897
  ],
  "delta": [
    0.35179439187049866,
    0.4296291768550873,
    0.4605083465576172,
    0.4629051983356476,
    0.45180532336235046,
    0.4669041037559509,
    0.46145591139793396,
    0.4659004211425781,
    0.4578670263290405,
    0.4673575758934021,
    0.46825456619262695,
    0.47056639194488525,
    0.46609821915626526,
    0.45972657203674316,
    0.45864397287368774,
    0.47152647376060486,
    0.46787741780281067,
    0.47234606742858887,
    0.469058632850647,
    0.46033918857574463,
    0.45641425251960754,
    0.46018680930137634,
    0.4550774097442627,
    0.4494188725948334,
    0.45883414149284363,
    0.4431910812854767,
    0.423073947429657,
    0.446912944316864,
    0.44718512892723083,
    0.433578759431839,
    0.4227355122566223,
    0.4381312429904938,
    0.4180491268634796
  ],
  "critic_loss": [
    0.07868116348981857,
    0.10448557883501053,
    0.11083004623651505,
    0.11028621345758438,
    0.10703999549150467,
    0.11217085272073746,
    0.10843335092067719,
    0.11052953451871872,
    0.1075165867805481,
    0.11080647259950638,
    0.1115887314081192,
    0.1127278208732605,
    0.10986757278442383,
    0.10684528946876526,
    0.10630415380001068,
    0.11226874589920044,
    0.11031906306743622,
    0.1124064177274704,
    0.11104504019021988,
    0.10721247643232346,
    0.1051672175526619,
    0.10675828903913498,
    0.10443238914012909,
    0.10196669399738312,
    0.10607369989156723,
    0.0989743024110794,
    0.09036088734865189,
    0.10066641122102737,
    0.10083135962486267,
    0.0948902815580368,
    0.09021003544330597,
    0.09692301601171494,
    0.08805568516254425
  ],
  "entropy_adjusted": [
    4.642195563064888e-06,
    4.746555077872472e-06,
    4.649264155887067e-06,
    5.909307219553739e-06,
    5.0627681957848836e-06,
    4.434184575075051e-06,
    5.0229318730998784e-06,
    4.1562329897715244e-06,
    4.919775165035389e-06,
    4.416199317347491e-06,
    4.8481433623237535e-06,
    5.090798367746174e-06,
    3.672914999697241e-06,
    4.776245532411849e-06,
    4.598398845701013e-06,
    4.626163899956737e-06,
    3.4389979646221036e-06,
    3.4318452435400104e-06,
    3.869996362482198e-06,
    3.522270844769082e-06,
    5.290563876769738e-06,
    3.451254997344222e-06,
    3.240991645725444e-06,
    3.6220644688000903e-06,
    3.990838195022661e-06,
    3.602744527597679e-06,
    3.8080486319813645e-06,
    3.20126355290995e-06,
    3.3632795748417266e-06,
    2.933520818260149e-06,
    3.7243544284137897e-06,
    2.3928437258291524e-06,
    2.714794618441374e-06
  ],
  "actor_loss": [
    3.4355066418356728e-06,
    4.7544272092636675e-06,
    4.268605152901728e-06,
    6.1455743889382575e-06,
    4.6055574784986675e-06,
    4.475227797229309e-06,
    5.5464065553678665e-06,
    4.308801635488635e-06,
    5.140544089954346e-06,
    4.54858081866405e-06,
    5.244280146143865e-06,
    5.1593124226201326e-06,
    3.7784495816595154e-06,
    5.346620127966162e-06,
    4.658264515455812e-06,
    5.587188297795365e-06,
    3.3505466490169056e-06,
    4.192301275907084e-06,
    4.251469363225624e-06,
    4.145110779063543e-06,
    5.972687176836189e-06,
    3.032503855138202e-06,
    3.2986715723382076e-06,
    3.830907189694699e-06,
    5.102296199765988e-06,
    3.1490194487560075e-06,
    3.544657147358521e-06,
    3.134725147901918e-06,
    3.1462416245631175e-06,
    2.7105263598059537e-06,
    3.4524550756032113e-06,
    2.3115169369702926e-06,
    2.2026838450983632e-06
  ]
}