{
  "global_step": [
    3399,
    3400,
    3401,
    3402,
    3403,
    3404,
    3405,
    3406,
    3407,
    3408,
    3409,
    3410,
    3411,
    3412,
    3413,
    3414,
    3415,
    3416,
    3417,
    3418,
    3419,
    3420,
    3421,
    3422,
    3423,
    3424,
    3425,
    3426,
    3427,
    3428,
    3429,
    3430,
    3431
  ],
  "experience_step": [
    32,
    32,
    32,
    32,
    32,
    32,
    32,
    32,
    32,
    32,
    32,
    32,
    32,
    32,
    32,
    32,
    32,
    32,
    32,
    32,
    32,
    32,
    32,
    32,
    32,
    32,
    32,
    32,
    32,
    32,
    32,
    32,
    8
  ],
  "rewards": [
    0.39119499921798706,
    0.45924097299575806,
    0.48587968945503235,
    0.506650447845459,
    0.479629784822464,
    0.503113329410553,
    0.4928724765777588,
    0.5003969073295593,
    0.4972127676010132,
    0.5042992830276489,
    0.5058279037475586,
    0.502983808517456,
    0.49600204825401306,
    0.5028095245361328,
    0.4904235005378723,
    0.4982181787490845,
    0.4997464716434479,
    0.48173466324806213,
    0.4883832037448883,
    0.48251426219940186,
    0.4802134335041046,
    0.4991697371006012,
    0.49249085783958435,
    0.4851769208908081,
    0.4939265847206116,
    0.47726714611053467,
    0.45957961678504944,
    0.4599071145057678,
    0.45708027482032776,
    0.45463237166404724,
    0.44514593482017517,
    0.4420177936553955,
    0.4357180595397949
  ],
  "stockouts": [
    0.02286931872367859,
    0.026136362925171852,
    0.008096590638160706,
    0.006534090731292963,
    0.009801136329770088,
    0.0062500000931322575,
    0.005397727247327566,
    0.003693181788548827,
    0.004403409082442522,
    0.0028409091755747795,
    0.002698863623663783,
    0.0031250000465661287,
    0.0021306818816810846,
    0.001704545458778739,
    0.0018465908942744136,
    0.0011363636003807187,
    0.0005681818001903594,
    0.0007102272938936949,
    0.0011363636003807187,
    0.001704545458778739,
    0.0014204545877873898,
    0.0007102272938936949,
    0.0005681818001903594,
    0.0002840909000951797,
    0.00014204545004758984,
    0.0002840909000951797,
    0.0002840909000951797,
    0.0005681818001903594,
    0.0007102272938936949,
    0.00014204545004758984,
    0.00014204545004758984,
    0.00014204545004758984,
    0.0
  ],
  "waste": [
    0.010004418902099133,
    0.00937351118773222,
    0.009616045281291008,
    0.009590714238584042,
    0.00952860526740551,
    0.009751901030540466,
    0.00972701609134674,
    0.009893504902720451,
    0.009703031741082668,
    0.009998722933232784,
    0.009809685871005058,
    0.009830225259065628,
    0.009930213913321495,
    0.009873352944850922,
    0.009905223734676838,
    0.009953003376722336,
    0.009880192577838898,
    0.010057156905531883,
    0.009951744228601456,
    0.009999956004321575,
    0.010007101111114025,
    0.009801250882446766,
    0.009925354272127151,
    0.010144244879484177,
    0.009963915683329105,
    0.01006592158228159,
    0.010036411695182323,
    0.009969789534807205,
    0.010263390839099884,
    0.010210908949375153,
    0.010227407328784466,
    0.010076610371470451,
    0.010178620927035809
  ],
  "delta": [
    0.3488242030143738,
    0.421372652053833,
    0.4464857578277588,
    0.4677334129810333,
    0.44201716780662537,
    0.46407821774482727,
    0.45335111021995544,
    0.46166130900382996,
    0.4583558738231659,
    0.464887410402298,
    0.4667920470237732,
    0.46424490213394165,
    0.45533883571624756,
    0.4626970589160919,
    0.45176801085472107,
    0.4589734971523285,
    0.46055546402931213,
    0.44164496660232544,
    0.44921478629112244,
    0.4428166449069977,
    0.44059211015701294,
    0.4596371054649353,
    0.453415185213089,
    0.4464891850948334,
    0.45474061369895935,
    0.43752944469451904,
    0.42060360312461853,
    0.4207702875137329,
    0.41726982593536377,
    0.41512638330459595,
    0.4054946005344391,
    0.4022085666656494,
    0.39663583040237427
  ],
  "critic_loss": [
    0.08012992143630981,
    0.10433733463287354,
    0.10601750016212463,
    0.11431879550218582,
    0.10518603771924973,
    0.11243024468421936,
    0.10646843165159225,
    0.10957338660955429,
    0.10883457958698273,
    0.11048829555511475,
    0.11145047098398209,
    0.11062145233154297,
    0.10586022585630417,
    0.10892271250486374,
    0.10383380204439163,
    0.10701271146535873,
    0.10740446299314499,
    0.09897471964359283,
    0.10251177847385406,
    0.09997839480638504,
    0.09875006228685379,
    0.10706473141908646,
    0.10413795709609985,
    0.10073845088481903,
    0.10449924319982529,
    0.09695583581924438,
    0.08991789072751999,
    0.09009182453155518,
    0.08851601928472519,
    0.0874287411570549,
    0.08320815861225128,
    0.0819990262389183,
    0.0795954167842865
  ],
  "entropy_adjusted": [
    8.140217687468976e-06,
    6.989658231759677e-06,
    7.700219612161163e-06,
    7.924352757981978e-06,
    6.153682079457212e-06,
    8.272892046079505e-06,
    8.689202331879642e-06,
    9.496305210632272e-06,
    8.176476512744557e-06,
    6.6828479248215444e-06,
    7.750840268272441e-06,
    8.728172360861208e-06,
    6.181308890518267e-06,
    7.02962688592379e-06,
    6.5473318500153255e-06,
    9.03202271729242e-06,
    7.572508366138209e-06,
    6.3369766394316684e-06,
    7.102632025635103e-06,
    7.80349273554748e-06,
    6.686987035209313e-06,
    5.325120127963601e-06,
    5.544406576518668e-06,
    6.661512543360004e-06,
    7.3292621891596355e-06,
    5.3298149396141525e-06,
    5.712962320103543e-06,
    4.399752924655331e-06,
    4.58476233688998e-06,
    4.8788119784148876e-06,
    5.24353890796192e-06,
    4.926006567984587e-06,
    3.2821783406689065e-06
  ],
  "actor_loss": [
    7.209262093965663e-06,
    6.821027909609256e-06,
    7.5525467764236964e-06,
    7.942725460452493e-06,
    6.028352800058201e-06,
    8.448175321973395e-06,
    8.820914445095696e-06,
    9.755921382748056e-06,
    8.04539376986213e-06,
    7.4758245318662375e-06,
    8.689312380738556e-06,
    9.00691156857647e-06,
    5.549502020585351e-06,
    6.8016493059985805e-06,
    6.186528025864391e-06,
    1.0695128366933204e-05,
    7.81011567596579e-06,
    5.7450101849099156e-06,
    6.835015938122524e-06,
    8.30677254270995e-06,
    6.306797786237439e-06,
    5.076945853943471e-06,
    4.989822173229186e-06,
    6.831255177530693e-06,
    7.728139280516189e-06,
    4.696069936471758e-06,
    4.698503744293703e-06,
    3.6189728689350886e-06,
    3.5578750612330623e-06,
    3.9182009459182154e-06,
    3.8115699680929538e-06,
    3.6522205846267752e-06,
    2.428457946734852e-06
  ]
}