{
  "global_step": [
    17028,
    17029,
    17030,
    17031,
    17032,
    17033,
    17034,
    17035,
    17036,
    17037,
    17038,
    17039,
    17040,
    17041,
    17042,
    17043,
    17044,
    17045,
    17046,
    17047,
    17048,
    17049,
    17050,
    17051,
    17052,
    17053,
    17054,
    17055,
    17056,
    17057,
    17058,
    17059,
    17060
  ],
  "experience_step": [
    32,
    32,
    32,
    32,
    32,
    32,
    32,
    32,
    32,
    32,
    32,
    32,
    32,
    32,
    32,
    32,
    32,
    32,
    32,
    32,
    32,
    32,
    32,
    32,
    32,
    32,
    32,
    32,
    32,
    32,
    32,
    32,
    8
  ],
  "rewards": [
    0.43100377917289734,
    0.5097727179527283,
    0.5315991044044495,
    0.5371789932250977,
    0.5312641263008118,
    0.5327369570732117,
    0.542053759098053,
    0.5470576286315918,
    0.5474746227264404,
    0.5526949763298035,
    0.5465286374092102,
    0.5477098226547241,
    0.5448675155639648,
    0.5494022965431213,
    0.5519416928291321,
    0.5512626767158508,
    0.5508849620819092,
    0.5428515076637268,
    0.5405687093734741,
    0.5387964248657227,
    0.5438756942749023,
    0.5538278818130493,
    0.543428897857666,
    0.5394610166549683,
    0.5432325005531311,
    0.5424345135688782,
    0.5124184489250183,
    0.5250977873802185,
    0.527760922908783,
    0.5325920581817627,
    0.5309531688690186,
    0.5145949721336365,
    0.505185604095459
  ],
  "stockouts": [
    0.02301136404275894,
    0.02500000037252903,
    0.007528408896178007,
    0.006107954774051905,
    0.009517045691609383,
    0.006818181835114956,
    0.003409090917557478,
    0.002698863623663783,
    0.004119317978620529,
    0.002698863623663783,
    0.0025568180717527866,
    0.0032670453656464815,
    0.001704545458778739,
    0.0014204545877873898,
    0.0008522727293893695,
    0.0007102272938936949,
    0.0005681818001903594,
    0.0005681818001903594,
    0.0008522727293893695,
    0.00042613636469468474,
    0.0008522727293893695,
    0.0005681818001903594,
    0.00014204545004758984,
    0.00014204545004758984,
    0.00014204545004758984,
    0.0002840909000951797,
    0.0,
    0.0,
    0.0002840909000951797,
    0.0,
    0.0,
    0.0,
    0.0
  ],
  "waste": [
    0.009720947593450546,
    0.008874106220901012,
    0.00917114783078432,
    0.009121551178395748,
    0.008972667157649994,
    0.009271725080907345,
    0.009323828853666782,
    0.009252753108739853,
    0.009179413318634033,
    0.00923435389995575,
    0.009315499104559422,
    0.00928743276745081,
    0.009502154774963856,
    0.00950660277158022,
    0.009488972835242748,
    0.009566817432641983,
    0.009700422175228596,
    0.009748268872499466,
    0.009658395312726498,
    0.009765440598130226,
    0.009703989140689373,
    0.009679899550974369,
    0.009811095893383026,
    0.009851386770606041,
    0.009833429008722305,
    0.009916010312736034,
    0.010244196280837059,
    0.010122544132173061,
    0.010213851928710938,
    0.010259853675961494,
    0.010190016590058804,
    0.010334291495382786,
    0.010693555697798729
  ],
  "delta": [
    0.2536492943763733,
    0.3401470482349396,
    0.3585105538368225,
    0.36427828669548035,
    0.3567635416984558,
    0.35965797305107117,
    0.36890265345573425,
    0.3734470009803772,
    0.373835027217865,
    0.3781854212284088,
    0.3728094696998596,
    0.3742406964302063,
    0.37124764919281006,
    0.37585610151290894,
    0.37794867157936096,
    0.37769678235054016,
    0.37687087059020996,
    0.3684823513031006,
    0.366636723279953,
    0.36490654945373535,
    0.3698579967021942,
    0.3794608414173126,
    0.3694371283054352,
    0.3648808002471924,
    0.3692857623100281,
    0.3679877519607544,
    0.338844358921051,
    0.3510991930961609,
    0.35324767231941223,
    0.35794419050216675,
    0.3574727773666382,
    0.34062233567237854,
    0.3300100266933441
  ],
  "critic_loss": [
    0.04508363455533981,
    0.0647490844130516,
    0.06720106303691864,
    0.06825146079063416,
    0.06678575277328491,
    0.06702698022127151,
    0.06914369016885757,
    0.07081974297761917,
    0.07144197821617126,
    0.07270708680152893,
    0.07058830559253693,
    0.0712466835975647,
    0.06979449838399887,
    0.0714702233672142,
    0.07215916365385056,
    0.07197760790586472,
    0.07159250974655151,
    0.06859180331230164,
    0.06791097670793533,
    0.06723885238170624,
    0.06911654025316238,
    0.07269029319286346,
    0.06880567222833633,
    0.06718473136425018,
    0.06877387315034866,
    0.06838209182024002,
    0.058097146451473236,
    0.06230349838733673,
    0.06327909231185913,
    0.06473991274833679,
    0.06455103307962418,
    0.058789659291505814,
    0.055147215723991394
  ],
  "entropy_adjusted": [
    1.2440439149941085e-06,
    1.2632484640562325e-06,
    1.4145030036161188e-06,
    1.700483039712708e-06,
    1.612660639693786e-06,
    2.125854734913446e-06,
    1.1590645954129286e-06,
    1.3032852166361408e-06,
    9.367069537802308e-07,
    1.0981422065015067e-06,
    1.5272408973032725e-06,
    1.6264129953924567e-06,
    1.985939206861076e-06,
    1.0371227290306706e-06,
    1.9509479898260906e-06,
    1.0831308827619068e-06,
    1.4060736930332496e-06,
    7.136901558624231e-07,
    1.5410985270136734e-06,
    1.92106608665199e-06,
    9.849341040535364e-07,
    1.1626540299403132e-06,
    1.446651140213362e-06,
    8.029825835365045e-07,
    9.069690918295237e-07,
    8.151592396643537e-07,
    1.2045803714499925e-06,
    6.864125907668495e-07,
    7.5981404279446e-07,
    5.803657927572203e-07,
    9.631337434257148e-07,
    1.1118316933789174e-06,
    5.051988694049214e-08
  ],
  "actor_loss": [
    5.463697334562312e-07,
    6.90548858983675e-07,
    9.22496440125542e-07,
    1.3799308362649754e-06,
    1.0002577255363576e-06,
    1.5282120102710905e-06,
    6.678173463114945e-07,
    1.0134202739209286e-06,
    3.6439769246499054e-07,
    7.81733888288727e-07,
    1.0563404657659703e-06,
    1.538675746814988e-06,
    1.7495832480562967e-06,
    8.733964023122098e-07,
    1.6183724937945954e-06,
    8.287834134534933e-07,
    1.2798062698493595e-06,
    3.5677578580362024e-07,
    1.0651936008798657e-06,
    1.565123397995194e-06,
    6.585429446204216e-07,
    8.044625587899645e-07,
    1.229865915775008e-06,
    5.889938847758458e-07,
    6.117983275544248e-07,
    5.48113177956111e-07,
    7.501548111576994e-07,
    4.853676500715665e-07,
    4.421617347816209e-07,
    1.971053222860064e-07,
    7.272258244483965e-07,
    7.308247518267308e-07,
    9.366108999486755e-10
  ]
}