{
  "global_step": [
    10230,
    10231,
    10232,
    10233,
    10234,
    10235,
    10236,
    10237,
    10238,
    10239,
    10240,
    10241,
    10242,
    10243,
    10244,
    10245,
    10246,
    10247,
    10248,
    10249,
    10250,
    10251,
    10252,
    10253,
    10254,
    10255,
    10256,
    10257,
    10258,
    10259,
    10260,
    10261,
    10262
  ],
  "experience_step": [
    32,
    32,
    32,
    32,
    32,
    32,
    32,
    32,
    32,
    32,
    32,
    32,
    32,
    32,
    32,
    32,
    32,
    32,
    32,
    32,
    32,
    32,
    32,
    32,
    32,
    32,
    32,
    32,
    32,
    32,
    32,
    32,
    8
  ],
  "rewards": [
    0.42204520106315613,
    0.5081866383552551,
    0.5307527184486389,
    0.5337389707565308,
    0.5239436030387878,
    0.5427125692367554,
    0.5397359132766724,
    0.5464475750923157,
    0.5379796624183655,
    0.5447348952293396,
    0.5418854355812073,
    0.5440228581428528,
    0.5375081896781921,
    0.5458951592445374,
    0.5370102524757385,
    0.5422416925430298,
    0.5383535623550415,
    0.542563259601593,
    0.5438520312309265,
    0.5394154191017151,
    0.5326547622680664,
    0.5388378500938416,
    0.5407293438911438,
    0.528660774230957,
    0.5420873761177063,
    0.5198405385017395,
    0.4939556121826172,
    0.5177330374717712,
    0.5107617378234863,
    0.5016284584999084,
    0.5046308636665344,
    0.4875961244106293,
    0.4670850336551666
  ],
  "stockouts": [
    0.020028408616781235,
    0.0234375,
    0.006960227154195309,
    0.005255681928247213,
    0.0078125,
    0.005681818351149559,
    0.003409090917557478,
    0.001988636329770088,
    0.0038352273404598236,
    0.0022727272007614374,
    0.0018465908942744136,
    0.002698863623663783,
    0.0011363636003807187,
    0.000994318164885044,
    0.0008522727293893695,
    0.0007102272938936949,
    0.00042613636469468474,
    0.00042613636469468474,
    0.0005681818001903594,
    0.0007102272938936949,
    0.0007102272938936949,
    0.00014204545004758984,
    0.0002840909000951797,
    0.0,
    0.0,
    0.00014204545004758984,
    0.00014204545004758984,
    0.0,
    0.0,
    0.00014204545004758984,
    0.0,
    0.0,
    0.0
  ],
  "waste": [
    0.010258975438773632,
    0.009376839734613895,
    0.009686647914350033,
    0.009791435673832893,
    0.009569071233272552,
    0.009746763855218887,
    0.00978030078113079,
    0.009903927333652973,
    0.009703918360173702,
    0.009899627417325974,
    0.00983261875808239,
    0.009903790429234505,
    0.00999835878610611,
    0.00993032194674015,
    0.010067149065434933,
    0.010045177303254604,
    0.010109486989676952,
    0.010138381272554398,
    0.010126934386789799,
    0.010090047493577003,
    0.010328173637390137,
    0.010084269568324089,
    0.010235872119665146,
    0.01039109006524086,
    0.01025671511888504,
    0.010386558249592781,
    0.010703886859118938,
    0.010578160174190998,
    0.01072234008461237,
    0.010830569081008434,
    0.010712157934904099,
    0.010887580923736095,
    0.011071770451962948
  ],
  "delta": [
    0.31206783652305603,
    0.40292513370513916,
    0.4224991798400879,
    0.42641696333885193,
    0.41522839665412903,
    0.4356131851673126,
    0.4323903024196625,
    0.4383256435394287,
    0.4308435320854187,
    0.4375094771385193,
    0.43504905700683594,
    0.4367939829826355,
    0.42925310134887695,
    0.43859899044036865,
    0.42895957827568054,
    0.4342939853668213,
    0.4302588701248169,
    0.43502387404441833,
    0.43666842579841614,
    0.4314573109149933,
    0.4252128601074219,
    0.43097615242004395,
    0.43309515714645386,
    0.4203954041004181,
    0.4340258240699768,
    0.4123850166797638,
    0.38688981533050537,
    0.4101191759109497,
    0.4035987854003906,
    0.39415642619132996,
    0.3964269161224365,
    0.3804377019405365,
    0.35999977588653564
  ],
  "critic_loss": [
    0.06163833290338516,
    0.08896060287952423,
    0.09247249364852905,
    0.09304755926132202,
    0.08966128528118134,
    0.09704498201608658,
    0.09498494118452072,
    0.09733452647924423,
    0.094611257314682,
    0.09696044772863388,
    0.09581030905246735,
    0.09675940871238708,
    0.09315349906682968,
    0.0971372202038765,
    0.0928715243935585,
    0.09522378444671631,
    0.09345848113298416,
    0.09547949582338333,
    0.09615669399499893,
    0.09404023736715317,
    0.0913214460015297,
    0.09363031387329102,
    0.09462527185678482,
    0.08906974643468857,
    0.09490314871072769,
    0.08580995351076126,
    0.07551044225692749,
    0.08476918190717697,
    0.08243204653263092,
    0.07885680347681046,
    0.07933228462934494,
    0.07328172773122787,
    0.06537862122058868
  ],
  "entropy_adjusted": [
    2.0576633232849417e-06,
    1.8025294821200077e-06,
    2.0220395526848733e-06,
    2.1117175492690876e-06,
    2.62472690337745e-06,
    2.5001695576065686e-06,
    1.8877705088016228e-06,
    2.462075599396485e-06,
    1.411172547705064e-06,
    2.154459480152582e-06,
    1.7669428871158743e-06,
    1.3756070984527469e-06,
    2.8095128072891384e-06,
    1.7255374586966354e-06,
    2.6390591756353388e-06,
    1.8159937553718919e-06,
    1.9421054275881033e-06,
    1.439008656234364e-06,
    1.6716182926757028e-06,
    1.9406932096899254e-06,
    1.5157252164499369e-06,
    1.39435462642723e-06,
    1.8363190292802756e-06,
    1.2930469210914453e-06,
    1.9375511328689754e-06,
    1.5507600892306073e-06,
    1.4406759873963892e-06,
    1.662907834543148e-06,
    1.4327523558677058e-06,
    8.653002510072838e-07,
    1.487291228841059e-06,
    1.3056454690740793e-06,
    1.0484466201887699e-06
  ],
  "actor_loss": [
    1.5790560610184912e-06,
    1.7261749007957405e-06,
    1.6438110606031842e-06,
    1.9671811060106847e-06,
    2.555070523158065e-06,
    2.7728474378818646e-06,
    1.543754819977039e-06,
    2.3241630060510943e-06,
    1.113874986913288e-06,
    1.7558662648298196e-06,
    1.5730233826616313e-06,
    1.0760643363028066e-06,
    2.985315859405091e-06,
    1.93866162589984e-06,
    2.868274577849661e-06,
    1.881268985925999e-06,
    2.1668388399120886e-06,
    1.4824408935965039e-06,
    1.6057302900662762e-06,
    1.9211965991416946e-06,
    1.270484744964051e-06,
    1.3450869573716773e-06,
    2.02806290872104e-06,
    1.2310589454500587e-06,
    2.1216355889919214e-06,
    1.494441107752209e-06,
    7.99795373040979e-07,
    1.5465855085494695e-06,
    1.2333231325101224e-06,
    5.433553269540425e-07,
    1.2239755733389757e-06,
    8.311004648930975e-07,
    5.74617956772272e-07
  ]
}