{
  "global_step": [
    14619,
    14620,
    14621,
    14622,
    14623,
    14624,
    14625,
    14626,
    14627,
    14628,
    14629,
    14630,
    14631,
    14632,
    14633,
    14634,
    14635,
    14636,
    14637,
    14638,
    14639,
    14640,
    14641,
    14642,
    14643,
    14644,
    14645,
    14646,
    14647,
    14648,
    14649,
    14650,
    14651
  ],
  "experience_step": [
    32,
    32,
    32,
    32,
    32,
    32,
    32,
    32,
    32,
    32,
    32,
    32,
    32,
    32,
    32,
    32,
    32,
    32,
    32,
    32,
    32,
    32,
    32,
    32,
    32,
    32,
    32,
    32,
    32,
    32,
    32,
    32,
    8
  ],
  "rewards": [
    0.42437925934791565,
    0.5096510052680969,
    0.5278785228729248,
    0.5432888865470886,
    0.5290874242782593,
    0.537957489490509,
    0.5411733388900757,
    0.5487914085388184,
    0.5440728664398193,
    0.5522579550743103,
    0.5486576557159424,
    0.5440482497215271,
    0.5495850443840027,
    0.5475049614906311,
    0.5454006791114807,
    0.5495932698249817,
    0.5488903522491455,
    0.5407771468162537,
    0.546740710735321,
    0.5398589968681335,
    0.5458285212516785,
    0.5521517992019653,
    0.5515259504318237,
    0.5427535176277161,
    0.5456916093826294,
    0.5430165529251099,
    0.5320512056350708,
    0.528806746006012,
    0.5273009538650513,
    0.5260429978370667,
    0.5213973522186279,
    0.5082151293754578,
    0.49259188771247864
  ],
  "stockouts": [
    0.022727273404598236,
    0.024289771914482117,
    0.008948863483965397,
    0.005681818351149559,
    0.00937500037252903,
    0.0078125,
    0.0035511364694684744,
    0.002414772752672434,
    0.004545454401522875,
    0.0022727272007614374,
    0.0025568180717527866,
    0.0031250000465661287,
    0.0018465908942744136,
    0.0014204545877873898,
    0.0011363636003807187,
    0.0008522727293893695,
    0.0005681818001903594,
    0.0007102272938936949,
    0.0008522727293893695,
    0.0007102272938936949,
    0.0012784090358763933,
    0.0002840909000951797,
    0.00042613636469468474,
    0.00014204545004758984,
    0.0,
    0.0,
    0.00014204545004758984,
    0.0,
    0.0,
    0.0002840909000951797,
    0.0,
    0.0,
    0.0
  ],
  "waste": [
    0.00976601056754589,
    0.00884795468300581,
    0.009004617109894753,
    0.009025939740240574,
    0.009041361510753632,
    0.009158715605735779,
    0.009292779490351677,
    0.009152336977422237,
    0.009182704612612724,
    0.009264319203794003,
    0.009365212172269821,
    0.009239820763468742,
    0.009363469667732716,
    0.009409614838659763,
    0.009409204125404358,
    0.009563391096889973,
    0.009559332393109798,
    0.00971872266381979,
    0.00961600337177515,
    0.009655104950070381,
    0.009704743511974812,
    0.009706945158541203,
    0.009762146510183811,
    0.009716753847897053,
    0.009977667592465878,
    0.009911137633025646,
    0.010225832462310791,
    0.010001461952924728,
    0.01017441600561142,
    0.01033339649438858,
    0.010235275141894817,
    0.010186138562858105,
    0.010808030143380165
  ],
  "delta": [
    0.2708949148654938,
    0.36358192563056946,
    0.3780122697353363,
    0.39294058084487915,
    0.37768563628196716,
    0.3882756531238556,
    0.3909527063369751,
    0.3986673057079315,
    0.3938513994216919,
    0.4023411273956299,
    0.3982929587364197,
    0.3943095803260803,
    0.3990352153778076,
    0.39769619703292847,
    0.3950931131839752,
    0.39926818013191223,
    0.398361474275589,
    0.390165239572525,
    0.39576882123947144,
    0.38893502950668335,
    0.3952615261077881,
    0.401114284992218,
    0.4003687798976898,
    0.3917759954929352,
    0.39587974548339844,
    0.3918945789337158,
    0.3816779851913452,
    0.3780960142612457,
    0.3757994472980499,
    0.37560391426086426,
    0.3715447187423706,
    0.3572610318660736,
    0.34134015440940857
  ],
  "critic_loss": [
    0.0496893972158432,
    0.07231356203556061,
    0.07468070834875107,
    0.079017274081707,
    0.07432392984628677,
    0.0781264528632164,
    0.07774374634027481,
    0.08062379062175751,
    0.07927718013525009,
    0.08203054219484329,
    0.08039765805006027,
    0.0789162889122963,
    0.08060889691114426,
    0.0799264907836914,
    0.07884183526039124,
    0.08048491179943085,
    0.07998012006282806,
    0.07677041739225388,
    0.07903032004833221,
    0.07632191479206085,
    0.07899565249681473,
    0.08111409097909927,
    0.08085975050926208,
    0.07734207063913345,
    0.07896652072668076,
    0.07746744900941849,
    0.07349728792905807,
    0.0722496435046196,
    0.07136828452348709,
    0.07135825604200363,
    0.06997248530387878,
    0.06468550860881805,
    0.05891469120979309
  ],
  "entropy_adjusted": [
    1.423169578629313e-06,
    1.8422300627207733e-06,
    2.4616772407171084e-06,
    1.8592320429888787e-06,
    1.8378740378466318e-06,
    1.6963335838227067e-06,
    1.8381035715719918e-06,
    1.0061615967060789e-06,
    1.7169107877634815e-06,
    1.5655327842978295e-06,
    1.3877647688786965e-06,
    1.2858780564783956e-06,
    1.371119765281037e-06,
    1.7128344325101352e-06,
    2.3216716726892628e-06,
    1.5059221141200396e-06,
    1.5589107533742208e-06,
    1.5940141793180373e-06,
    1.1060684528274578e-06,
    1.2524618568932055e-06,
    1.2607981716428185e-06,
    1.0911116987699643e-06,
    1.4590127648261841e-06,
    9.049373375091818e-07,
    1.027471284942294e-06,
    7.992225050656998e-07,
    1.132798956859915e-06,
    9.646739727031672e-07,
    8.880065252014901e-07,
    1.2351005125310621e-06,
    7.66101891258586e-07,
    1.0432953558847657e-06,
    1.1867040257129702e-06
  ],
  "actor_loss": [
    9.870943813439226e-07,
    1.4474625231741811e-06,
    2.129218955815304e-06,
    1.7328475223621354e-06,
    1.3319033769221278e-06,
    1.6410858734161593e-06,
    1.5468575611521374e-06,
    7.344470418502169e-07,
    1.7043277011907776e-06,
    9.220573247148423e-07,
    1.2264266615602537e-06,
    7.132018708944088e-07,
    1.2381522083160235e-06,
    1.4408939250643016e-06,
    2.0128497908444842e-06,
    1.0907366458923207e-06,
    1.4850992329229484e-06,
    1.1849770089611411e-06,
    8.705365530659037e-07,
    8.640054147690535e-07,
    8.868485679158766e-07,
    8.801616218079289e-07,
    1.0734474926721305e-06,
    7.81872358857072e-07,
    6.621556849495391e-07,
    6.108639922786097e-07,
    8.684692716087739e-07,
    7.271950153153739e-07,
    6.842557809250138e-07,
    7.095860041772539e-07,
    6.499585651909001e-07,
    8.631384957880073e-07,
    3.585422234664293e-07
  ]
}