{
  "global_step": [
    17226,
    17227,
    17228,
    17229,
    17230,
    17231,
    17232,
    17233,
    17234,
    17235,
    17236,
    17237,
    17238,
    17239,
    17240,
    17241,
    17242,
    17243,
    17244,
    17245,
    17246,
    17247,
    17248,
    17249,
    17250,
    17251,
    17252,
    17253,
    17254,
    17255,
    17256,
    17257,
    17258
  ],
  "experience_step": [
    32,
    32,
    32,
    32,
    32,
    32,
    32,
    32,
    32,
    32,
    32,
    32,
    32,
    32,
    32,
    32,
    32,
    32,
    32,
    32,
    32,
    32,
    32,
    32,
    32,
    32,
    32,
    32,
    32,
    32,
    32,
    32,
    8
  ],
  "rewards": [
    0.4405863285064697,
    0.5157918930053711,
    0.5342569947242737,
    0.5422815084457397,
    0.524488091468811,
    0.5331053137779236,
    0.5469802618026733,
    0.5518128275871277,
    0.5374742150306702,
    0.5480619072914124,
    0.5482379794120789,
    0.5454050302505493,
    0.5457245707511902,
    0.554361879825592,
    0.5404475331306458,
    0.550010085105896,
    0.5384917259216309,
    0.5478841662406921,
    0.551916778087616,
    0.5355225801467896,
    0.5370675325393677,
    0.5492849349975586,
    0.5426836013793945,
    0.5425432920455933,
    0.5511019825935364,
    0.5420050621032715,
    0.530891478061676,
    0.5210684537887573,
    0.5251353979110718,
    0.5261430740356445,
    0.5232800841331482,
    0.5231890082359314,
    0.5198630094528198
  ],
  "stockouts": [
    0.018892046064138412,
    0.021448863670229912,
    0.006818181835114956,
    0.004829545505344868,
    0.007528408896178007,
    0.00639204541221261,
    0.0035511364694684744,
    0.0022727272007614374,
    0.004119317978620529,
    0.0018465908942744136,
    0.0018465908942744136,
    0.0029829544946551323,
    0.0014204545877873898,
    0.0014204545877873898,
    0.000994318164885044,
    0.0008522727293893695,
    0.00042613636469468474,
    0.00042613636469468474,
    0.0011363636003807187,
    0.0005681818001903594,
    0.0007102272938936949,
    0.00014204545004758984,
    0.00014204545004758984,
    0.0,
    0.0,
    0.0002840909000951797,
    0.0,
    0.0,
    0.0,
    0.00014204545004758984,
    0.0,
    0.0,
    0.0
  ],
  "waste": [
    0.010310098528862,
    0.009460286237299442,
    0.009825538843870163,
    0.009823397733271122,
    0.009717607870697975,
    0.009773915633559227,
    0.009929594583809376,
    0.009884878061711788,
    0.009926356375217438,
    0.009952960535883904,
    0.009908645413815975,
    0.009902493096888065,
    0.010156502947211266,
    0.009898647665977478,
    0.010064664296805859,
    0.01007107738405466,
    0.010217003524303436,
    0.010071936063468456,
    0.00997759960591793,
    0.01013911608606577,
    0.010205076076090336,
    0.0099584199488163,
    0.010215109214186668,
    0.010217428207397461,
    0.010108638554811478,
    0.010222604498267174,
    0.010408786125481129,
    0.010510758496820927,
    0.010517389513552189,
    0.010555128566920757,
    0.010401134379208088,
    0.01041457150131464,
    0.010768233798444271
  ],
  "delta": [
    0.2618779242038727,
    0.3437877893447876,
    0.3597996234893799,
    0.3671775460243225,
    0.3484944999217987,
    0.3580138087272644,
    0.37213581800460815,
    0.376033216714859,
    0.3624059855937958,
    0.373005211353302,
    0.37297794222831726,
    0.36971554160118103,
    0.37043890357017517,
    0.37949904799461365,
    0.3648645579814911,
    0.37418797612190247,
    0.3625776767730713,
    0.37175610661506653,
    0.37599503993988037,
    0.36053258180618286,
    0.3618443012237549,
    0.3727883994579315,
    0.36682558059692383,
    0.3664257526397705,
    0.37567195296287537,
    0.3661823272705078,
    0.3552408516407013,
    0.34574246406555176,
    0.3498986065387726,
    0.3505578339099884,
    0.3476690948009491,
    0.34773018956184387,
    0.34551724791526794
  ],
  "critic_loss": [
    0.04565650224685669,
    0.06537250429391861,
    0.06724337488412857,
    0.06890666484832764,
    0.06334681063890457,
    0.06613436341285706,
    0.07039282470941544,
    0.07177937775850296,
    0.06720390170812607,
    0.07045313715934753,
    0.07049950957298279,
    0.06943720579147339,
    0.06941362470388412,
    0.07287754863500595,
    0.06724251061677933,
    0.0706591010093689,
    0.0664207711815834,
    0.06968573480844498,
    0.07140923291444778,
    0.06557942181825638,
    0.06614400446414948,
    0.07000751793384552,
    0.06780911982059479,
    0.06763556599617004,
    0.07112279534339905,
    0.06758999079465866,
    0.063651904463768,
    0.06038438156247139,
    0.06180950254201889,
    0.062083903700113297,
    0.06102203205227852,
    0.06116557866334915,
    0.06046690046787262
  ],
  "entropy_adjusted": [
    9.131969704867515e-07,
    1.1031023632313008e-06,
    2.133660927938763e-06,
    1.2575645769175026e-06,
    6.893949375808006e-07,
    1.7371163494317443e-06,
    1.5542342453045421e-06,
    1.5666959143345593e-06,
    1.270390839636093e-06,
    7.638550982846937e-07,
    1.6199625179069699e-06,
    1.1944283642151277e-06,
    1.2484165381465573e-06,
    1.0021162779594306e-06,
    1.7476594393883715e-06,
    1.1863205600093352e-06,
    1.0230514817521907e-06,
    1.0503011935725226e-06,
    1.076491344065289e-06,
    1.0189661452386645e-06,
    1.2702091680694139e-06,
    1.2212377669129637e-06,
    8.06293940058822e-07,
    1.1602734275584226e-06,
    4.622772564744082e-07,
    9.678669812274165e-07,
    1.196657990476524e-06,
    9.79348442342598e-07,
    1.1049373824789654e-06,
    9.623547612136463e-07,
    8.295440352412697e-07,
    7.833999688955373e-07,
    1.2044067716487916e-06
  ],
  "actor_loss": [
    2.3389522141314956e-07,
    6.366155389514461e-07,
    1.7614950138522545e-06,
    8.606908750152797e-07,
    4.049179267440195e-07,
    1.146911017713137e-06,
    1.0845728866115678e-06,
    1.0450469289935427e-06,
    8.0103728805625e-07,
    5.007584604754811e-07,
    1.4220884168025805e-06,
    7.674267408219748e-07,
    8.432446634287771e-07,
    7.259973244799767e-07,
    1.1297645414742874e-06,
    8.493209406879032e-07,
    5.878169417883328e-07,
    6.764983027096605e-07,
    8.741527040001529e-07,
    6.705454893563001e-07,
    9.146057209363789e-07,
    8.536407563042303e-07,
    4.071981720699114e-07,
    8.832653861645667e-07,
    1.9209288382171508e-07,
    6.06443109063548e-07,
    7.562154564766388e-07,
    5.840504968546156e-07,
    4.699913063177519e-07,
    6.769776064174948e-07,
    3.4081247690664895e-07,
    4.784553766512545e-07,
    7.501914183194458e-07
  ]
}