{
  "global_step": [
    957,
    958,
    959,
    960,
    961,
    962,
    963,
    964,
    965,
    966,
    967,
    968,
    969,
    970,
    971,
    972,
    973,
    974,
    975,
    976,
    977,
    978,
    979,
    980,
    981,
    982,
    983,
    984,
    985,
    986,
    987,
    988,
    989
  ],
  "experience_step": [
    32,
    32,
    32,
    32,
    32,
    32,
    32,
    32,
    32,
    32,
    32,
    32,
    32,
    32,
    32,
    32,
    32,
    32,
    32,
    32,
    32,
    32,
    32,
    32,
    32,
    32,
    32,
    32,
    32,
    32,
    32,
    32,
    8
  ],
  "rewards": [
    0.3209500312805176,
    0.37788474559783936,
    0.4138074815273285,
    0.42153653502464294,
    0.41452255845069885,
    0.4167271554470062,
    0.44121217727661133,
    0.43572142720222473,
    0.4231462776660919,
    0.44009217619895935,
    0.4220685660839081,
    0.42720675468444824,
    0.4312809109687805,
    0.4114980101585388,
    0.431062251329422,
    0.43156468868255615,
    0.4316895306110382,
    0.42101725935935974,
    0.41831156611442566,
    0.42954087257385254,
    0.4046917259693146,
    0.4151076376438141,
    0.3965712785720825,
    0.4027295410633087,
    0.4011954665184021,
    0.41782519221305847,
    0.3551509976387024,
    0.40097489953041077,
    0.39085739850997925,
    0.3857882618904114,
    0.3780835270881653,
    0.35483309626579285,
    0.33666110038757324
  ],
  "stockouts": [
    0.01605113595724106,
    0.0208806823939085,
    0.004829545505344868,
    0.004687500186264515,
    0.006676136516034603,
    0.0035511364694684744,
    0.002414772752672434,
    0.002414772752672434,
    0.0035511364694684744,
    0.0021306818816810846,
    0.0014204545877873898,
    0.002414772752672434,
    0.0005681818001903594,
    0.0008522727293893695,
    0.000994318164885044,
    0.0002840909000951797,
    0.0,
    0.00042613636469468474,
    0.00042613636469468474,
    0.00014204545004758984,
    0.0002840909000951797,
    0.00014204545004758984,
    0.0,
    0.0,
    0.0002840909000951797,
    0.00014204545004758984,
    0.0,
    0.0,
    0.0,
    0.0,
    0.0002840909000951797,
    0.0,
    0.0
  ],
  "waste": [
    0.012788405641913414,
    0.01295323297381401,
    0.013611987233161926,
    0.013670564629137516,
    0.013346612453460693,
    0.013680359348654747,
    0.013660558499395847,
    0.013789377175271511,
    0.013783704489469528,
    0.01381286047399044,
    0.013824937865138054,
    0.01412100251764059,
    0.01392599381506443,
    0.014145550318062305,
    0.014228448271751404,
    0.014245315454900265,
    0.014193827286362648,
    0.014303418807685375,
    0.014435673132538795,
    0.014339561574161053,
    0.01439687330275774,
    0.014539710246026516,
    0.01446963008493185,
    0.014676542952656746,
    0.014856122434139252,
    0.014886579476296902,
    0.015223909169435501,
    0.015122821554541588,
    0.014975527301430702,
    0.01545320637524128,
    0.01519056223332882,
    0.015389368869364262,
    0.015680255368351936
  ],
  "delta": [
    0.2977534532546997,
    0.36727121472358704,
    0.3876848518848419,
    0.3992003798484802,
    0.38900482654571533,
    0.39651134610176086,
    0.42292270064353943,
    0.42030763626098633,
    0.40100619196891785,
    0.4204053282737732,
    0.4022922217845917,
    0.40752628445625305,
    0.40604299306869507,
    0.3880414664745331,
    0.4088102877140045,
    0.4090152084827423,
    0.41258811950683594,
    0.4035671651363373,
    0.4012996256351471,
    0.4138106405735016,
    0.3844294846057892,
    0.3896050751209259,
    0.38129115104675293,
    0.3823617994785309,
    0.3830110728740692,
    0.39569875597953796,
    0.33635732531547546,
    0.3814120292663574,
    0.3694159686565399,
    0.36561641097068787,
    0.3615061342716217,
    0.33639761805534363,
    0.31128498911857605
  ],
  "critic_loss": [
    0.13222914934158325,
    0.14243511855602264,
    0.13237504661083221,
    0.13153427839279175,
    0.13695847988128662,
    0.1309485286474228,
    0.13755406439304352,
    0.13422845304012299,
    0.13213959336280823,
    0.13352878391742706,
    0.12556983530521393,
    0.1281992644071579,
    0.12618015706539154,
    0.11710825562477112,
    0.1256324052810669,
    0.12333955615758896,
    0.12423943728208542,
    0.1208319216966629,
    0.11981464922428131,
    0.12426309287548065,
    0.11285142600536346,
    0.11475701630115509,
    0.1080225333571434,
    0.10901601612567902,
    0.11188280582427979,
    0.1142953559756279,
    0.09498231112957001,
    0.11013936251401901,
    0.10301162302494049,
    0.10296899080276489,
    0.09952568262815475,
    0.09362529218196869,
    0.08221838623285294
  ],
  "entropy_adjusted": [
    1.6793796021374874e-05,
    1.5817520761629567e-05,
    1.667368815105874e-05,
    1.5252328012138605e-05,
    1.7732445485307835e-05,
    1.561159297125414e-05,
    1.5721401723567396e-05,
    1.807575063139666e-05,
    1.5392573914141394e-05,
    1.5869316484895535e-05,
    1.5228744814521633e-05,
    1.7970871340367012e-05,
    1.6259373296634294e-05,
    1.5864852684899233e-05,
    1.5535293641733006e-05,
    1.4486225154541899e-05,
    1.3867086636309978e-05,
    1.6665755538269877e-05,
    1.4179224308463745e-05,
    1.3896988093620166e-05,
    1.5165603144851048e-05,
    1.3263640539662447e-05,
    1.496737968409434e-05,
    1.478686863265466e-05,
    1.4468993867922109e-05,
    1.39977564685978e-05,
    1.357570909021888e-05,
    1.3115472029312514e-05,
    1.3130332263244782e-05,
    1.2274425898795016e-05,
    1.2141082152083982e-05,
    1.2693352800852153e-05,
    1.0647978342603892e-05
  ],
  "actor_loss": [
    2.1753568944404833e-05,
    1.9315486497362144e-05,
    2.0703226255136542e-05,
    1.9236969819758087e-05,
    2.318273800483439e-05,
    1.636229171708692e-05,
    2.0384568415465765e-05,
    2.152362503693439e-05,
    1.586076723469887e-05,
    2.0532284906948917e-05,
    1.837092531786766e-05,
    2.124674938386306e-05,
    1.5267149137798697e-05,
    1.8526226995163597e-05,
    1.9354634787305258e-05,
    1.4725123946845997e-05,
    1.5932666428852826e-05,
    2.047345697064884e-05,
    1.5641229765606113e-05,
    1.566079299664125e-05,
    1.204979434987763e-05,
    1.3927414329373278e-05,
    1.7171376384794712e-05,
    1.6728345144656487e-05,
    1.4762990758754313e-05,
    1.405313923896756e-05,
    1.2758401680912357e-05,
    1.6040043192333542e-05,
    1.2171575690445025e-05,
    1.0059759006253444e-05,
    1.2085463822586462e-05,
    1.1490179531392641e-05,
    9.164811672235373e-06
  ]
}