{
  "global_step": [
    14883,
    14884,
    14885,
    14886,
    14887,
    14888,
    14889,
    14890,
    14891,
    14892,
    14893,
    14894,
    14895,
    14896,
    14897,
    14898,
    14899,
    14900,
    14901,
    14902,
    14903,
    14904,
    14905,
    14906,
    14907,
    14908,
    14909,
    14910,
    14911,
    14912,
    14913,
    14914,
    14915
  ],
  "experience_step": [
    32,
    32,
    32,
    32,
    32,
    32,
    32,
    32,
    32,
    32,
    32,
    32,
    32,
    32,
    32,
    32,
    32,
    32,
    32,
    32,
    32,
    32,
    32,
    32,
    32,
    32,
    32,
    32,
    32,
    32,
    32,
    32,
    8
  ],
  "rewards": [
    0.42367830872535706,
    0.5176516175270081,
    0.5276570320129395,
    0.544391930103302,
    0.5312231779098511,
    0.5376759171485901,
    0.5431542992591858,
    0.5463205575942993,
    0.5459190607070923,
    0.5551344752311707,
    0.5461911559104919,
    0.5462329983711243,
    0.5493442416191101,
    0.5532997250556946,
    0.54644376039505,
    0.5476145148277283,
    0.5502826571464539,
    0.5444962978363037,
    0.5445197224617004,
    0.5358763337135315,
    0.5438908934593201,
    0.5458675026893616,
    0.5474981069564819,
    0.5327121615409851,
    0.5449851751327515,
    0.5360025763511658,
    0.5291695594787598,
    0.5296911001205444,
    0.5274121165275574,
    0.5255681872367859,
    0.5222342610359192,
    0.5126288533210754,
    0.49910858273506165
  ],
  "stockouts": [
    0.02230113558471203,
    0.024715909734368324,
    0.008664772845804691,
    0.005539772566407919,
    0.008948863483965397,
    0.007386363577097654,
    0.0031250000465661287,
    0.002698863623663783,
    0.004403409082442522,
    0.0029829544946551323,
    0.002414772752672434,
    0.0029829544946551323,
    0.0018465908942744136,
    0.001704545458778739,
    0.00042613636469468474,
    0.0007102272938936949,
    0.000994318164885044,
    0.0007102272938936949,
    0.0011363636003807187,
    0.0002840909000951797,
    0.000994318164885044,
    0.00014204545004758984,
    0.0002840909000951797,
    0.0002840909000951797,
    0.0,
    0.00014204545004758984,
    0.0,
    0.0,
    0.00014204545004758984,
    0.00014204545004758984,
    0.0,
    0.0,
    0.0
  ],
  "waste": [
    0.009628823027014732,
    0.008692760020494461,
    0.00901848915964365,
    0.008840210735797882,
    0.008796386420726776,
    0.009074989706277847,
    0.009078365750610828,
    0.009091319516301155,
    0.008985169231891632,
    0.009084086865186691,
    0.00923177506774664,
    0.009153292514383793,
    0.009353295899927616,
    0.009402566589415073,
    0.009459569118916988,
    0.00955389067530632,
    0.009473629295825958,
    0.009546823799610138,
    0.009514981880784035,
    0.009629394859075546,
    0.009530873969197273,
    0.009593292139470577,
    0.009695260785520077,
    0.009704702533781528,
    0.009709415026009083,
    0.009787422604858875,
    0.009911888279020786,
    0.009933533146977425,
    0.010019788518548012,
    0.010015985928475857,
    0.010069746524095535,
    0.010122206062078476,
    0.010541895404458046
  ],
  "delta": [
    0.26792415976524353,
    0.36869898438453674,
    0.3757860064506531,
    0.3923960328102112,
    0.37738698720932007,
    0.3856927752494812,
    0.39030691981315613,
    0.39422905445098877,
    0.39294877648353577,
    0.4019774794578552,
    0.3936347961425781,
    0.39371228218078613,
    0.3970676064491272,
    0.4006896913051605,
    0.3941192328929901,
    0.39491167664527893,
    0.3972969651222229,
    0.391766220331192,
    0.3916333317756653,
    0.3829982876777649,
    0.3913753926753998,
    0.3928563892841339,
    0.3941667079925537,
    0.3797934651374817,
    0.3915078043937683,
    0.38271719217300415,
    0.3762560188770294,
    0.3754706084728241,
    0.37367379665374756,
    0.3718262314796448,
    0.36899593472480774,
    0.3600369393825531,
    0.3464358448982239
  ],
  "critic_loss": [
    0.04923658445477486,
    0.07428380101919174,
    0.07388655841350555,
    0.07875988632440567,
    0.07407830655574799,
    0.0766465961933136,
    0.07731186598539352,
    0.07877808809280396,
    0.07879236340522766,
    0.08199115842580795,
    0.07862195372581482,
    0.07870557904243469,
    0.07974551618099213,
    0.08110174536705017,
    0.07824448496103287,
    0.07856883108615875,
    0.07958810776472092,
    0.07738949358463287,
    0.0774732232093811,
    0.0739862471818924,
    0.07734881341457367,
    0.0777609795331955,
    0.07836374640464783,
    0.07270744442939758,
    0.07721037417650223,
    0.07380762696266174,
    0.0713113322854042,
    0.07111582905054092,
    0.07059407979249954,
    0.07003500312566757,
    0.06872449070215225,
    0.06548826396465302,
    0.060582708567380905
  ],
  "entropy_adjusted": [
    1.7328136436844943e-06,
    1.1485983577586012e-06,
    1.4882062941978802e-06,
    1.376386194351653e-06,
    1.8303534261576715e-06,
    1.53355063048366e-06,
    1.4016702607477782e-06,
    1.66913650900824e-06,
    1.2826101283280877e-06,
    1.4106017260928638e-06,
    1.8810101209965069e-06,
    1.657055349824077e-06,
    1.2483491218517884e-06,
    1.1602660379139706e-06,
    1.4892895023876918e-06,
    1.092140564651345e-06,
    1.0415291171739227e-06,
    1.7289195284320158e-06,
    1.2377970506349811e-06,
    1.949140823853668e-06,
    1.0953685887216125e-06,
    1.0904838063652278e-06,
    1.2013517789455364e-06,
    1.1634969041551813e-06,
    9.402452860740595e-07,
    7.735583267276525e-07,
    1.766781338119472e-06,
    8.227863190768403e-07,
    5.387821602198528e-07,
    7.572366484964732e-07,
    9.416251600669057e-07,
    1.0522364846110577e-06,
    9.270649456993851e-07
  ],
  "actor_loss": [
    9.190187597596378e-07,
    9.125578799284995e-07,
    1.015012003335869e-06,
    8.876947958924575e-07,
    1.1591719157877378e-06,
    1.1792933491960866e-06,
    9.76671913122118e-07,
    9.372225804327172e-07,
    1.037071911014209e-06,
    1.0623959951772122e-06,
    1.5792484191479161e-06,
    1.1897983540620771e-06,
    9.46212367125554e-07,
    1.027239363793342e-06,
    9.935548632711289e-07,
    6.176163083182473e-07,
    1.0587145879981108e-06,
    1.4924668221283355e-06,
    8.614737225798308e-07,
    1.798005314412876e-06,
    7.503109031858912e-07,
    6.793001148253097e-07,
    7.947084554871253e-07,
    1.1374060022717458e-06,
    5.915827614444424e-07,
    5.27262443483778e-07,
    1.448189891561924e-06,
    6.618481052100833e-07,
    2.1529609739445732e-07,
    4.575530283545959e-07,
    6.599132120754803e-07,
    8.320935194205958e-07,
    3.7526990581682185e-07
  ]
}