{
  "global_step": [
    10758,
    10759,
    10760,
    10761,
    10762,
    10763,
    10764,
    10765,
    10766,
    10767,
    10768,
    10769,
    10770,
    10771,
    10772,
    10773,
    10774,
    10775,
    10776,
    10777,
    10778,
    10779,
    10780,
    10781,
    10782,
    10783,
    10784,
    10785,
    10786,
    10787,
    10788,
    10789,
    10790
  ],
  "experience_step": [
    32,
    32,
    32,
    32,
    32,
    32,
    32,
    32,
    32,
    32,
    32,
    32,
    32,
    32,
    32,
    32,
    32,
    32,
    32,
    32,
    32,
    32,
    32,
    32,
    32,
    32,
    32,
    32,
    32,
    32,
    32,
    32,
    8
  ],
  "rewards": [
    0.42716434597969055,
    0.5091601014137268,
    0.5348946452140808,
    0.5408875942230225,
    0.5285803079605103,
    0.5349331498146057,
    0.5441749095916748,
    0.5480112433433533,
    0.5425639748573303,
    0.5443107485771179,
    0.5415405035018921,
    0.5421881675720215,
    0.5457332730293274,
    0.5527496933937073,
    0.5373687744140625,
    0.5440849661827087,
    0.5420287251472473,
    0.5441902279853821,
    0.5404136776924133,
    0.5314394235610962,
    0.5303044319152832,
    0.5426447987556458,
    0.5369111895561218,
    0.5251821875572205,
    0.5471196174621582,
    0.5345376133918762,
    0.514406144618988,
    0.5188474655151367,
    0.5161281228065491,
    0.5115185379981995,
    0.5225436687469482,
    0.5025799870491028,
    0.49134737253189087
  ],
  "stockouts": [
    0.019886363297700882,
    0.0234375,
    0.00639204541221261,
    0.0049715908244252205,
    0.0078125,
    0.005539772566407919,
    0.0032670453656464815,
    0.0025568180717527866,
    0.0035511364694684744,
    0.002414772752672434,
    0.0022727272007614374,
    0.0031250000465661287,
    0.0011363636003807187,
    0.0012784090358763933,
    0.000994318164885044,
    0.0007102272938936949,
    0.00014204545004758984,
    0.0002840909000951797,
    0.000994318164885044,
    0.0002840909000951797,
    0.00042613636469468474,
    0.0002840909000951797,
    0.00014204545004758984,
    0.0,
    0.0,
    0.00014204545004758984,
    0.0,
    0.00014204545004758984,
    0.0,
    0.00014204545004758984,
    0.00014204545004758984,
    0.0,
    0.0
  ],
  "waste": [
    0.010260222479701042,
    0.00944446586072445,
    0.00968819297850132,
    0.00975859072059393,
    0.00958242081105709,
    0.009801601991057396,
    0.009897135198116302,
    0.009836691431701183,
    0.009741626679897308,
    0.009795567020773888,
    0.009905150160193443,
    0.00990396086126566,
    0.010124714113771915,
    0.010019870474934578,
    0.010120974853634834,
    0.010155818425118923,
    0.010221823118627071,
    0.010174855589866638,
    0.010149490088224411,
    0.010403706692159176,
    0.010327750816941261,
    0.010267291218042374,
    0.010391783900558949,
    0.01040097326040268,
    0.01034210529178381,
    0.010423957370221615,
    0.010533102788031101,
    0.010687200352549553,
    0.010875564068555832,
    0.010795933194458485,
    0.010541092604398727,
    0.010853001847863197,
    0.011248229071497917
  ],
  "delta": [
    0.3112996220588684,
    0.4008204936981201,
    0.42365023493766785,
    0.4274844527244568,
    0.41483426094055176,
    0.4228558838367462,
    0.4311408996582031,
    0.4347570836544037,
    0.4293592870235443,
    0.4308962821960449,
    0.42845505475997925,
    0.43004336953163147,
    0.43296512961387634,
    0.44000309705734253,
    0.42443376779556274,
    0.43064478039741516,
    0.42881619930267334,
    0.4307383596897125,
    0.42723119258880615,
    0.4185633659362793,
    0.41667014360427856,
    0.43020763993263245,
    0.42428305745124817,
    0.4120350480079651,
    0.4336789846420288,
    0.4210512340068817,
    0.4019802212715149,
    0.4063620865345001,
    0.40362146496772766,
    0.39907118678092957,
    0.40954098105430603,
    0.3897511661052704,
    0.37924715876579285
  ],
  "critic_loss": [
    0.061793796718120575,
    0.08717353641986847,
    0.09249661862850189,
    0.09339400380849838,
    0.08932087570428848,
    0.09148668497800827,
    0.09443303197622299,
    0.09590710699558258,
    0.09373786300420761,
    0.09420836716890335,
    0.09293271601200104,
    0.09392483532428741,
    0.09469141811132431,
    0.09774396568536758,
    0.09096113592386246,
    0.09359206259250641,
    0.09280257672071457,
    0.09345997869968414,
    0.09218160808086395,
    0.08839458227157593,
    0.08770780265331268,
    0.09334870427846909,
    0.09073422104120255,
    0.08569597452878952,
    0.0947556421160698,
    0.08934050798416138,
    0.08154171705245972,
    0.08325613290071487,
    0.08230002969503403,
    0.08043044805526733,
    0.08466632664203644,
    0.07681494951248169,
    0.07265651971101761
  ],
  "entropy_adjusted": [
    2.0902305095660267e-06,
    1.8377386368229054e-06,
    2.6562165658106096e-06,
    2.0699237666121917e-06,
    2.067666855509742e-06,
    2.1022995042585535e-06,
    2.3238562789629214e-06,
    1.716878728075244e-06,
    2.623675300128525e-06,
    2.5499316507193726e-06,
    1.8520835283197812e-06,
    2.0308034436311573e-06,
    1.5647352711312124e-06,
    1.8586733858683147e-06,
    1.6813801266835071e-06,
    1.5723351225460647e-06,
    1.4275635749072535e-06,
    2.0639627109630965e-06,
    1.8933020555778057e-06,
    1.5688569874328095e-06,
    1.946246584338951e-06,
    1.6089001064756303e-06,
    1.697146103651903e-06,
    2.044372877207934e-06,
    1.7688716980046593e-06,
    1.1380623163859127e-06,
    1.3822874507241067e-06,
    1.0656760878191562e-06,
    1.2126326964789769e-06,
    1.0525029665586771e-06,
    9.991313163482118e-07,
    1.0040764664154267e-06,
    9.225494181919203e-07
  ],
  "actor_loss": [
    1.4278564322012244e-06,
    1.8611543737279135e-06,
    2.209050535384449e-06,
    1.9757828795263777e-06,
    1.771583015397482e-06,
    1.5157123698372743e-06,
    2.187790187235805e-06,
    1.4998291817391873e-06,
    2.6664456527214497e-06,
    2.3998074993869523e-06,
    1.5677298961236374e-06,
    1.8087757780449465e-06,
    1.2697197462330223e-06,
    1.7186677041536313e-06,
    1.666571051828214e-06,
    1.4252734672481893e-06,
    1.3633219850817113e-06,
    1.8500995793147013e-06,
    1.8751176185105578e-06,
    1.3217907053331146e-06,
    1.690374801910366e-06,
    1.2249250858076266e-06,
    1.98516158889106e-06,
    1.759959673108824e-06,
    1.6909358464545221e-06,
    1.0631599707267014e-06,
    1.1163152748849825e-06,
    7.792554583829769e-07,
    8.340725230482349e-07,
    5.513879273166822e-07,
    6.203441671459586e-07,
    7.213760682134307e-07,
    5.023122184866224e-07
  ]
}