{
  "global_step": [
    15081,
    15082,
    15083,
    15084,
    15085,
    15086,
    15087,
    15088,
    15089,
    15090,
    15091,
    15092,
    15093,
    15094,
    15095,
    15096,
    15097,
    15098,
    15099,
    15100,
    15101,
    15102,
    15103,
    15104,
    15105,
    15106,
    15107,
    15108,
    15109,
    15110,
    15111,
    15112,
    15113
  ],
  "experience_step": [
    32,
    32,
    32,
    32,
    32,
    32,
    32,
    32,
    32,
    32,
    32,
    32,
    32,
    32,
    32,
    32,
    32,
    32,
    32,
    32,
    32,
    32,
    32,
    32,
    32,
    32,
    32,
    32,
    32,
    32,
    32,
    32,
    8
  ],
  "rewards": [
    0.424868643283844,
    0.5105486512184143,
    0.5397036671638489,
    0.5403861999511719,
    0.5280264019966125,
    0.5422883629798889,
    0.5442309975624084,
    0.5496702194213867,
    0.5370618104934692,
    0.5528463125228882,
    0.5440549254417419,
    0.5460360646247864,
    0.5460096597671509,
    0.5534624457359314,
    0.5449528694152832,
    0.548406720161438,
    0.5403935313224792,
    0.5515569448471069,
    0.5499749779701233,
    0.5388875603675842,
    0.5361863374710083,
    0.5436035990715027,
    0.5425024628639221,
    0.5456578731536865,
    0.5438198447227478,
    0.5362140536308289,
    0.5267831683158875,
    0.518079936504364,
    0.5149412155151367,
    0.5188064575195312,
    0.5212659239768982,
    0.5052065849304199,
    0.48672765493392944
  ],
  "stockouts": [
    0.019886363297700882,
    0.023153409361839294,
    0.006818181835114956,
    0.004545454401522875,
    0.007954545319080353,
    0.005397727247327566,
    0.003409090917557478,
    0.001988636329770088,
    0.0038352273404598236,
    0.0022727272007614374,
    0.002414772752672434,
    0.0028409091755747795,
    0.0015625000232830644,
    0.000994318164885044,
    0.0007102272938936949,
    0.0008522727293893695,
    0.0005681818001903594,
    0.00042613636469468474,
    0.0008522727293893695,
    0.0007102272938936949,
    0.0007102272938936949,
    0.00042613636469468474,
    0.0,
    0.0,
    0.0,
    0.00014204545004758984,
    0.0,
    0.00014204545004758984,
    0.0,
    0.00014204545004758984,
    0.0,
    0.0,
    0.0
  ],
  "waste": [
    0.010287250392138958,
    0.009421415627002716,
    0.009716476313769817,
    0.009708809666335583,
    0.009636098518967628,
    0.009821586310863495,
    0.009876630268990993,
    0.009946784004569054,
    0.009775068610906601,
    0.0097272964194417,
    0.009810325689613819,
    0.00995319988578558,
    0.010060249827802181,
    0.009993113577365875,
    0.009978307411074638,
    0.0099945068359375,
    0.010064788162708282,
    0.010048821568489075,
    0.01000326219946146,
    0.01018927525728941,
    0.010120393708348274,
    0.010087844915688038,
    0.010190649889409542,
    0.010175581090152264,
    0.010148744098842144,
    0.01021535787731409,
    0.01037732046097517,
    0.010496552102267742,
    0.010612700134515762,
    0.010554404929280281,
    0.010421011596918106,
    0.010658877901732922,
    0.010850990191102028
  ],
  "delta": [
    0.26739755272865295,
    0.3584003746509552,
    0.38436639308929443,
    0.3854435682296753,
    0.3732614815235138,
    0.3876204192638397,
    0.3891408145427704,
    0.3938567340373993,
    0.3819686472415924,
    0.3974883258342743,
    0.3897084891796112,
    0.3919241428375244,
    0.39103206992149353,
    0.39832597970962524,
    0.38988280296325684,
    0.3934093117713928,
    0.3848661184310913,
    0.3963516652584076,
    0.39446771144866943,
    0.38414785265922546,
    0.38116517663002014,
    0.38901644945144653,
    0.3882271647453308,
    0.390652060508728,
    0.38908204436302185,
    0.3815819025039673,
    0.3719775378704071,
    0.36323148012161255,
    0.3600612282752991,
    0.36326542496681213,
    0.36632239818573,
    0.3496288061141968,
    0.33267727494239807
  ],
  "critic_loss": [
    0.04833913967013359,
    0.0711052343249321,
    0.07669039070606232,
    0.07595895975828171,
    0.07256290316581726,
    0.07683408260345459,
    0.0769963264465332,
    0.07860571891069412,
    0.07479443401098251,
    0.08015812933444977,
    0.07707791775465012,
    0.07809006422758102,
    0.07750799506902695,
    0.08018819987773895,
    0.07683884352445602,
    0.07813999801874161,
    0.074832484126091,
    0.07921890169382095,
    0.07861751317977905,
    0.07448876649141312,
    0.07337575405836105,
    0.07639895379543304,
    0.07600371539592743,
    0.07692643254995346,
    0.07630659639835358,
    0.07344979047775269,
    0.06979043781757355,
    0.06657464802265167,
    0.06544948369264603,
    0.0665852501988411,
    0.06791543960571289,
    0.06191141530871391,
    0.056219544261693954
  ],
  "entropy_adjusted": [
    1.5918999451969285e-06,
    1.3448943718685769e-06,
    1.609662717783067e-06,
    1.6979186057142215e-06,
    1.2605139545485144e-06,
    1.686169298409368e-06,
    1.4876738987368299e-06,
    1.397134838043712e-06,
    2.0502720872173086e-06,
    1.853565208875807e-06,
    1.185481778520625e-06,
    1.5064530316521996e-06,
    1.5323187199101085e-06,
    1.3016662023801473e-06,
    1.0115392115039867e-06,
    1.0191375849899487e-06,
    1.297133735533862e-06,
    1.2304375331950723e-06,
    8.777126367931487e-07,
    8.531156368007942e-07,
    1.5501719872190733e-06,
    1.7877433720059344e-06,
    1.3297840268933214e-06,
    1.1301076483505312e-06,
    9.073812634596834e-07,
    9.532771514386695e-07,
    8.174997105925286e-07,
    1.2212993851790088e-06,
    8.391991173084534e-07,
    7.710465297350311e-07,
    9.453614211452077e-07,
    6.60382966088946e-07,
    9.259070452571905e-07
  ],
  "actor_loss": [
    1.0772749874377041e-06,
    7.964770816215605e-07,
    9.077124900613853e-07,
    1.1699717106239405e-06,
    7.629760148120113e-07,
    1.4971449218137423e-06,
    9.972534371627262e-07,
    1.2256958825673792e-06,
    1.6002304619178176e-06,
    1.466957883167197e-06,
    8.777242896940152e-07,
    1.4379386357177282e-06,
    1.1598302762649837e-06,
    9.69165057540522e-07,
    7.001038397902448e-07,
    6.009739195178554e-07,
    1.00600186669908e-06,
    9.380443657391879e-07,
    6.1572603726745e-07,
    4.029045612696791e-07,
    1.304288502979034e-06,
    1.6465348835481564e-06,
    1.0201574696111493e-06,
    6.729772508151655e-07,
    6.223235686775297e-07,
    7.028826303212554e-07,
    7.115427251846995e-07,
    8.943222269408579e-07,
    3.7444624467752874e-07,
    3.298391675343737e-07,
    6.532337124554033e-07,
    3.471566287771566e-07,
    3.5929329555983713e-07
  ]
}