{
  "global_step": [
    15477,
    15478,
    15479,
    15480,
    15481,
    15482,
    15483,
    15484,
    15485,
    15486,
    15487,
    15488,
    15489,
    15490,
    15491,
    15492,
    15493,
    15494,
    15495,
    15496,
    15497,
    15498,
    15499,
    15500,
    15501,
    15502,
    15503,
    15504,
    15505,
    15506,
    15507,
    15508,
    15509
  ],
  "experience_step": [
    32,
    32,
    32,
    32,
    32,
    32,
    32,
    32,
    32,
    32,
    32,
    32,
    32,
    32,
    32,
    32,
    32,
    32,
    32,
    32,
    32,
    32,
    32,
    32,
    32,
    32,
    32,
    32,
    32,
    32,
    32,
    32,
    8
  ],
  "rewards": [
    0.43721920251846313,
    0.5042927861213684,
    0.5384368300437927,
    0.5502812266349792,
    0.533490002155304,
    0.5458863973617554,
    0.5456050038337708,
    0.5441674590110779,
    0.5344054102897644,
    0.5477036237716675,
    0.5441514849662781,
    0.5513270497322083,
    0.5494881868362427,
    0.5465125441551208,
    0.5481233596801758,
    0.5424168705940247,
    0.5413644909858704,
    0.5434597134590149,
    0.5427978038787842,
    0.5425859689712524,
    0.5314809679985046,
    0.5386137962341309,
    0.5412970185279846,
    0.5398649573326111,
    0.5289013385772705,
    0.5372834801673889,
    0.4920680522918701,
    0.5214309096336365,
    0.5235787630081177,
    0.5127368569374084,
    0.524444043636322,
    0.5185571908950806,
    0.4963090121746063
  ],
  "stockouts": [
    0.01661931909620762,
    0.02187499962747097,
    0.005255681928247213,
    0.004119317978620529,
    0.005823863670229912,
    0.004403409082442522,
    0.0028409091755747795,
    0.001988636329770088,
    0.0028409091755747795,
    0.0018465908942744136,
    0.0018465908942744136,
    0.002698863623663783,
    0.000994318164885044,
    0.0008522727293893695,
    0.0007102272938936949,
    0.00042613636469468474,
    0.0,
    0.0002840909000951797,
    0.0008522727293893695,
    0.00042613636469468474,
    0.0002840909000951797,
    0.00014204545004758984,
    0.0,
    0.0,
    0.0,
    0.0,
    0.0,
    0.0,
    0.0,
    0.0,
    0.0,
    0.0,
    0.0
  ],
  "waste": [
    0.010992338880896568,
    0.010409760288894176,
    0.010712254792451859,
    0.010792691260576248,
    0.010661480948328972,
    0.010808697901666164,
    0.010993986390531063,
    0.011017263866961002,
    0.010920188389718533,
    0.010983784683048725,
    0.010963276028633118,
    0.01099323108792305,
    0.011066911742091179,
    0.010988627560436726,
    0.01117960549890995,
    0.011098998598754406,
    0.011233744211494923,
    0.011072206310927868,
    0.011132914572954178,
    0.011286653578281403,
    0.011298122815787792,
    0.011223867535591125,
    0.011289642192423344,
    0.011472249403595924,
    0.011474276892840862,
    0.011603727005422115,
    0.011755850166082382,
    0.011572779156267643,
    0.011756686493754387,
    0.011860853992402554,
    0.011721828021109104,
    0.011779063381254673,
    0.012106167152523994
  ],
  "delta": [
    0.27490171790122986,
    0.3496582806110382,
    0.380121648311615,
    0.3912925124168396,
    0.3745175302028656,
    0.3878370225429535,
    0.3874296247959137,
    0.3858646750450134,
    0.37583813071250916,
    0.38924115896224976,
    0.38574448227882385,
    0.39222607016563416,
    0.3913336396217346,
    0.38742879033088684,
    0.38914743065834045,
    0.3842567503452301,
    0.3825753629207611,
    0.38481423258781433,
    0.38413307070732117,
    0.3843432068824768,
    0.3722839057445526,
    0.38000622391700745,
    0.38268551230430603,
    0.38050544261932373,
    0.3698361814022064,
    0.37904006242752075,
    0.3332366645336151,
    0.36262384057044983,
    0.36498239636421204,
    0.3544786274433136,
    0.36616286635398865,
    0.3598354756832123,
    0.33830004930496216
  ],
  "critic_loss": [
    0.05002399906516075,
    0.06755510717630386,
    0.07503999024629593,
    0.07813752442598343,
    0.07321589440107346,
    0.07697070389986038,
    0.076176218688488,
    0.07556426525115967,
    0.07205704599618912,
    0.0767001137137413,
    0.07536441087722778,
    0.07834144681692123,
    0.07741037756204605,
    0.07581907510757446,
    0.07638618350028992,
    0.07447343319654465,
    0.07376174628734589,
    0.07470279932022095,
    0.07450757175683975,
    0.07453254610300064,
    0.0699363499879837,
    0.07274669408798218,
    0.07389174401760101,
    0.07297664135694504,
    0.06908269226551056,
    0.07245633751153946,
    0.05622917413711548,
    0.06638354808092117,
    0.06724515557289124,
    0.0636022761464119,
    0.06767351925373077,
    0.0653550922870636,
    0.05773383751511574
  ],
  "entropy_adjusted": [
    1.6067838259914424e-06,
    1.5142976508286665e-06,
    1.2850068742409348e-06,
    1.2562687743411516e-06,
    1.479817001381889e-06,
    1.3287027513797511e-06,
    1.5543301969955792e-06,
    1.039342123476672e-06,
    1.3149353890185012e-06,
    8.925341035137535e-07,
    1.5259336123563116e-06,
    1.1688032373058377e-06,
    1.1948669680350577e-06,
    8.203231232073449e-07,
    1.3215523040344124e-06,
    1.1845924063891289e-06,
    1.0669233461158e-06,
    1.0068972642329754e-06,
    8.78603600540373e-07,
    1.2979287475900492e-06,
    9.361338015878573e-07,
    7.01630710864265e-07,
    1.2398307944749831e-06,
    1.2292751989662065e-06,
    1.4815226450082264e-06,
    8.53317033033818e-07,
    9.416604598300182e-07,
    9.093230346479686e-07,
    6.461364137066994e-07,
    9.534223863738589e-07,
    7.934683026178391e-07,
    8.308113592647715e-07,
    4.386122043342766e-07
  ],
  "actor_loss": [
    7.483439503630507e-07,
    9.539857046547695e-07,
    1.0819298950082157e-06,
    9.400402518622286e-07,
    1.1303077371849213e-06,
    8.712578392078285e-07,
    1.1021512591469218e-06,
    5.605980959444423e-07,
    8.185693332052324e-07,
    5.984599624753173e-07,
    1.271767928301415e-06,
    7.428234880535456e-07,
    9.145459216597374e-07,
    5.75326907892304e-07,
    9.806957450564369e-07,
    9.88503984444833e-07,
    6.68995312480547e-07,
    6.353926664814935e-07,
    7.08034519902867e-07,
    1.1423543355704169e-06,
    5.638779043692921e-07,
    5.112613621349738e-07,
    1.0821461273735622e-06,
    9.738982953422237e-07,
    1.1601040341702173e-06,
    5.188370550968102e-07,
    5.648765295518388e-07,
    6.481952823378379e-07,
    3.09609049509163e-07,
    6.165553827486292e-07,
    4.966507844983425e-07,
    5.485913447955681e-07,
    5.441127086669439e-07
  ]
}