{
  "global_step": [
    15345,
    15346,
    15347,
    15348,
    15349,
    15350,
    15351,
    15352,
    15353,
    15354,
    15355,
    15356,
    15357,
    15358,
    15359,
    15360,
    15361,
    15362,
    15363,
    15364,
    15365,
    15366,
    15367,
    15368,
    15369,
    15370,
    15371,
    15372,
    15373,
    15374,
    15375,
    15376,
    15377
  ],
  "experience_step": [
    32,
    32,
    32,
    32,
    32,
    32,
    32,
    32,
    32,
    32,
    32,
    32,
    32,
    32,
    32,
    32,
    32,
    32,
    32,
    32,
    32,
    32,
    32,
    32,
    32,
    32,
    32,
    32,
    32,
    32,
    32,
    32,
    8
  ],
  "rewards": [
    0.43100160360336304,
    0.5077241063117981,
    0.5366517901420593,
    0.5447396636009216,
    0.5327852368354797,
    0.5399608016014099,
    0.5469970107078552,
    0.5424750447273254,
    0.5390973687171936,
    0.5435173511505127,
    0.5496523976325989,
    0.5509499907493591,
    0.5476828217506409,
    0.5517579317092896,
    0.5466894507408142,
    0.5451849102973938,
    0.5421410202980042,
    0.551490068435669,
    0.5453123450279236,
    0.5384650230407715,
    0.5446532368659973,
    0.5423349738121033,
    0.5516638159751892,
    0.5381850600242615,
    0.5388481020927429,
    0.5373781323432922,
    0.514173686504364,
    0.5054296851158142,
    0.5225785970687866,
    0.5165563821792603,
    0.5080245733261108,
    0.508989155292511,
    0.496097207069397
  ],
  "stockouts": [
    0.017897726967930794,
    0.021732954308390617,
    0.005539772566407919,
    0.004261363763362169,
    0.00639204541221261,
    0.004403409082442522,
    0.0028409091755747795,
    0.0018465908942744136,
    0.0028409091755747795,
    0.001704545458778739,
    0.0018465908942744136,
    0.002414772752672434,
    0.000994318164885044,
    0.0008522727293893695,
    0.0007102272938936949,
    0.0005681818001903594,
    0.0002840909000951797,
    0.0002840909000951797,
    0.0007102272938936949,
    0.00042613636469468474,
    0.0005681818001903594,
    0.00042613636469468474,
    0.0,
    0.0,
    0.0,
    0.0,
    0.00014204545004758984,
    0.0,
    0.0,
    0.0,
    0.00014204545004758984,
    0.0,
    0.0
  ],
  "waste": [
    0.010864376090466976,
    0.010103201493620872,
    0.010317616164684296,
    0.010490383952856064,
    0.010286293923854828,
    0.010604428127408028,
    0.010597936809062958,
    0.010628541000187397,
    0.010553272441029549,
    0.010680869221687317,
    0.010579709894955158,
    0.010646210983395576,
    0.010735996998846531,
    0.010614831931889057,
    0.010849389247596264,
    0.010785353370010853,
    0.010879846289753914,
    0.010715729556977749,
    0.010888448916375637,
    0.010919135063886642,
    0.01084807701408863,
    0.010769020766019821,
    0.010721412487328053,
    0.010930774733424187,
    0.010940597392618656,
    0.010919204913079739,
    0.011166349053382874,
    0.01120156142860651,
    0.011113741435110569,
    0.011261996813118458,
    0.011200414970517159,
    0.011163069866597652,
    0.011470954865217209
  ],
  "delta": [
    0.27098143100738525,
    0.35298246145248413,
    0.37946969270706177,
    0.38764384388923645,
    0.3757858872413635,
    0.3829388916492462,
    0.3893287777900696,
    0.3848952353000641,
    0.38177114725112915,
    0.3857589364051819,
    0.3923613727092743,
    0.3943914473056793,
    0.39019885659217834,
    0.3939407467842102,
    0.38901910185813904,
    0.38769593834877014,
    0.38486433029174805,
    0.39386269450187683,
    0.3875207304954529,
    0.3807811439037323,
    0.38660839200019836,
    0.3841026723384857,
    0.3941822648048401,
    0.38055962324142456,
    0.3812323808670044,
    0.3799017369747162,
    0.35636264085769653,
    0.3477360010147095,
    0.36500847339630127,
    0.35816866159439087,
    0.3507617115974426,
    0.35164690017700195,
    0.3387294411659241
  ],
  "critic_loss": [
    0.04844970256090164,
    0.06916089355945587,
    0.0748545452952385,
    0.07665056735277176,
    0.07334104925394058,
    0.07504352182149887,
    0.07702409476041794,
    0.0751037448644638,
    0.07423435896635056,
    0.07543809711933136,
    0.07797469943761826,
    0.07879229635000229,
    0.07695262879133224,
    0.07833582907915115,
    0.07638649642467499,
    0.0758783370256424,
    0.0747062936425209,
    0.07817389816045761,
    0.07586098462343216,
    0.07316362857818604,
    0.07543336600065231,
    0.07447074353694916,
    0.07824959605932236,
    0.07305467873811722,
    0.07328443229198456,
    0.07283980399370193,
    0.06431659311056137,
    0.061084210872650146,
    0.06727062910795212,
    0.06479139626026154,
    0.06234937161207199,
    0.062467060983181,
    0.05809209495782852
  ],
  "entropy_adjusted": [
    1.292940851271851e-06,
    7.485215292035718e-07,
    8.51566312576324e-07,
    1.1163953104187385e-06,
    1.3438910855256836e-06,
    1.4183601706463378e-06,
    1.3114782859702245e-06,
    1.6757536513978266e-06,
    1.685840516074677e-06,
    1.5100006294233026e-06,
    1.2199215007058228e-06,
    1.3652354482474038e-06,
    1.6290246094285976e-06,
    1.7067127373593394e-06,
    1.3008567520955694e-06,
    1.8329928934690543e-06,
    1.332851525148726e-06,
    1.0951484910037834e-06,
    1.1299151765342685e-06,
    9.299998282585875e-07,
    8.996290716822841e-07,
    6.793873126298422e-07,
    1.1689708117046393e-06,
    1.4444153748627286e-06,
    9.308905646321364e-07,
    1.0469419748915243e-06,
    1.5936144563966081e-06,
    9.704862122816849e-07,
    1.002029534902249e-06,
    7.214749757622485e-07,
    1.2583122952491976e-06,
    5.465753361022507e-07,
    1.0472008398210164e-06
  ],
  "actor_loss": [
    6.290816827458912e-07,
    3.744279979400744e-07,
    5.067175266049162e-07,
    6.890688268867962e-07,
    9.304862942371983e-07,
    9.063936659003957e-07,
    9.914997463056352e-07,
    1.2974850278624217e-06,
    1.2166987062300905e-06,
    1.1540790865183226e-06,
    9.941416010406101e-07,
    9.918895784721826e-07,
    1.372545398226066e-06,
    1.5090274700924056e-06,
    1.3168546502129175e-06,
    1.5273275266736164e-06,
    1.2001535196759505e-06,
    9.163180720861419e-07,
    8.719101742826751e-07,
    6.125238201093453e-07,
    5.581556479228311e-07,
    4.666822235321888e-07,
    7.139282161006122e-07,
    9.624360473026172e-07,
    8.507968800586241e-07,
    9.618587455406669e-07,
    1.1247337852182682e-06,
    6.526863103317737e-07,
    8.602614798292052e-07,
    5.676556611433625e-07,
    8.538451083950349e-07,
    1.7320247991392534e-07,
    6.42567727027199e-07
  ]
}