{
  "global_step": [
    13035,
    13036,
    13037,
    13038,
    13039,
    13040,
    13041,
    13042,
    13043,
    13044,
    13045,
    13046,
    13047,
    13048,
    13049,
    13050,
    13051,
    13052,
    13053,
    13054,
    13055,
    13056,
    13057,
    13058,
    13059,
    13060,
    13061,
    13062,
    13063,
    13064,
    13065,
    13066,
    13067
  ],
  "experience_step": [
    32,
    32,
    32,
    32,
    32,
    32,
    32,
    32,
    32,
    32,
    32,
    32,
    32,
    32,
    32,
    32,
    32,
    32,
    32,
    32,
    32,
    32,
    32,
    32,
    32,
    32,
    32,
    32,
    32,
    32,
    32,
    32,
    8
  ],
  "rewards": [
    0.4333195686340332,
    0.5102519392967224,
    0.5367376208305359,
    0.5424633622169495,
    0.5309140086174011,
    0.5372120141983032,
    0.5454275012016296,
    0.5498260855674744,
    0.5369139313697815,
    0.5465999841690063,
    0.5378566980361938,
    0.5446910262107849,
    0.5449323058128357,
    0.5547142624855042,
    0.5441985130310059,
    0.5493842959403992,
    0.5465174317359924,
    0.5458057522773743,
    0.5376627445220947,
    0.5376678109169006,
    0.5350804328918457,
    0.5451086163520813,
    0.5406826734542847,
    0.5415797233581543,
    0.543080747127533,
    0.5414541363716125,
    0.5075106620788574,
    0.5214357972145081,
    0.5146297216415405,
    0.517388105392456,
    0.5115862488746643,
    0.4946924149990082,
    0.4800950884819031
  ],
  "stockouts": [
    0.0181818176060915,
    0.022159090265631676,
    0.006960227154195309,
    0.004545454401522875,
    0.006818181835114956,
    0.005397727247327566,
    0.0028409091755747795,
    0.001704545458778739,
    0.003977272659540176,
    0.002698863623663783,
    0.002414772752672434,
    0.0028409091755747795,
    0.0012784090358763933,
    0.0014204545877873898,
    0.0008522727293893695,
    0.0008522727293893695,
    0.00014204545004758984,
    0.00042613636469468474,
    0.000994318164885044,
    0.00042613636469468474,
    0.00042613636469468474,
    0.00014204545004758984,
    0.00014204545004758984,
    0.0,
    0.00014204545004758984,
    0.0,
    0.0,
    0.0,
    0.00014204545004758984,
    0.00014204545004758984,
    0.00014204545004758984,
    0.0,
    0.0
  ],
  "waste": [
    0.01027053501456976,
    0.009620390832424164,
    0.009830205701291561,
    0.009868912398815155,
    0.009746519848704338,
    0.009844619780778885,
    0.010022986680269241,
    0.009907945059239864,
    0.009970122948288918,
    0.009917913004755974,
    0.009947353042662144,
    0.010139827616512775,
    0.010227055288851261,
    0.010059480555355549,
    0.010149672627449036,
    0.010147202759981155,
    0.01023212168365717,
    0.010215071961283684,
    0.010271349921822548,
    0.01027806755155325,
    0.010308572091162205,
    0.010213006287813187,
    0.010468250140547752,
    0.01054883562028408,
    0.01043409202247858,
    0.010546292178332806,
    0.010670766234397888,
    0.010831481777131557,
    0.01100430078804493,
    0.010944804176688194,
    0.010860145092010498,
    0.011100961826741695,
    0.011266901157796383
  ],
  "delta": [
    0.2950498163700104,
    0.37802207469940186,
    0.4012581706047058,
    0.407859742641449,
    0.39548879861831665,
    0.40266871452331543,
    0.4112534821033478,
    0.415568470954895,
    0.40229332447052,
    0.4117399752140045,
    0.4028076231479645,
    0.40915432572364807,
    0.4098769426345825,
    0.4199519157409668,
    0.40953436493873596,
    0.41452622413635254,
    0.41121575236320496,
    0.4109649062156677,
    0.4030677080154419,
    0.4036356806755066,
    0.4002583622932434,
    0.4096636474132538,
    0.4055922031402588,
    0.40687096118927,
    0.4080958962440491,
    0.40654289722442627,
    0.372514545917511,
    0.3862927556037903,
    0.3796570599079132,
    0.3829137682914734,
    0.376651793718338,
    0.3590628206729889,
    0.3441255986690521
  ],
  "critic_loss": [
    0.05657726526260376,
    0.07830992341041565,
    0.08326748758554459,
    0.08476541936397552,
    0.08124123513698578,
    0.08297072350978851,
    0.08585163205862045,
    0.08731432259082794,
    0.08274300396442413,
    0.08603605628013611,
    0.08223682641983032,
    0.08495887368917465,
    0.08504144847393036,
    0.08912383019924164,
    0.08466959744691849,
    0.086680568754673,
    0.08517039567232132,
    0.08523862063884735,
    0.08202759176492691,
    0.08221608400344849,
    0.08085707575082779,
    0.08453143388032913,
    0.08293803036212921,
    0.08351686596870422,
    0.08392364531755447,
    0.08319578319787979,
    0.07011344283819199,
    0.07519817352294922,
    0.07280483096837997,
    0.073921799659729,
    0.07173812389373779,
    0.06516804546117783,
    0.05978454276919365
  ],
  "entropy_adjusted": [
    8.275752065856068e-07,
    9.24297012261377e-07,
    1.36864866817632e-06,
    1.7596470343050896e-06,
    2.066195520455949e-06,
    1.6383387446694542e-06,
    1.6057075526987319e-06,
    1.6704060499250772e-06,
    1.973775169972214e-06,
    1.7508973542135209e-06,
    2.009287527471315e-06,
    1.6073236110969447e-06,
    2.1342736999940826e-06,
    1.5098412404768169e-06,
    7.884588626438926e-07,
    1.4393214087249362e-06,
    1.2572874084071373e-06,
    1.6246452787527232e-06,
    1.6494999499627738e-06,
    1.3652933148478041e-06,
    1.2332286587479757e-06,
    1.1723884654202266e-06,
    2.3007414711173624e-06,
    1.6321693010468152e-06,
    9.04690580227907e-07,
    9.812407597564743e-07,
    9.619284355721902e-07,
    1.1209956483071437e-06,
    8.786386729298101e-07,
    1.1252608373979456e-06,
    9.491790819993184e-07,
    1.0043206657428527e-06,
    4.81800611851213e-07
  ],
  "actor_loss": [
    3.9175296251414693e-07,
    4.769888732880645e-07,
    8.461220204480924e-07,
    1.717640316201141e-06,
    1.8250768789584981e-06,
    1.1386313190087094e-06,
    1.358643316962116e-06,
    1.3056949228484882e-06,
    1.3637472875416279e-06,
    1.6834076177474344e-06,
    1.740538323247165e-06,
    1.352628260065103e-06,
    1.959777819138253e-06,
    1.2903000197184156e-06,
    3.967444115460239e-07,
    1.299578229918552e-06,
    1.2517120921984315e-06,
    1.5406321836053394e-06,
    1.5709911167505197e-06,
    1.1263292662988533e-06,
    9.64610762821394e-07,
    1.1206469707758515e-06,
    1.9964481907663867e-06,
    1.3282395912028733e-06,
    5.216018053033622e-07,
    6.40097823634278e-07,
    6.080361458771222e-07,
    9.159221576737764e-07,
    7.109044304343115e-07,
    9.776590559340548e-07,
    7.061364613036858e-07,
    6.242649419618829e-07,
    1.130822795403219e-07
  ]
}