{
  "global_step": [
    5577,
    5578,
    5579,
    5580,
    5581,
    5582,
    5583,
    5584,
    5585,
    5586,
    5587,
    5588,
    5589,
    5590,
    5591,
    5592,
    5593,
    5594,
    5595,
    5596,
    5597,
    5598,
    5599,
    5600,
    5601,
    5602,
    5603,
    5604,
    5605,
    5606,
    5607,
    5608,
    5609
  ],
  "experience_step": [
    32,
    32,
    32,
    32,
    32,
    32,
    32,
    32,
    32,
    32,
    32,
    32,
    32,
    32,
    32,
    32,
    32,
    32,
    32,
    32,
    32,
    32,
    32,
    32,
    32,
    32,
    32,
    32,
    32,
    32,
    32,
    32,
    8
  ],
  "rewards": [
    0.4125927984714508,
    0.4842361509799957,
    0.5117309093475342,
    0.5233661532402039,
    0.5103157758712769,
    0.5190678834915161,
    0.5242747664451599,
    0.5149450302124023,
    0.5178033709526062,
    0.5239304900169373,
    0.5284668803215027,
    0.5297648310661316,
    0.5282259583473206,
    0.5216977000236511,
    0.5308972597122192,
    0.5297373533248901,
    0.5262377858161926,
    0.5301461219787598,
    0.5238386392593384,
    0.5192181468009949,
    0.5213293433189392,
    0.5244500041007996,
    0.5239461064338684,
    0.5154564380645752,
    0.5285625457763672,
    0.513449490070343,
    0.4869191646575928,
    0.497013658285141,
    0.5060534477233887,
    0.4895623028278351,
    0.49285057187080383,
    0.4706107974052429,
    0.48823902010917664
  ],
  "stockouts": [
    0.019034091383218765,
    0.0234375,
    0.0078125,
    0.004829545505344868,
    0.008238635957241058,
    0.005539772566407919,
    0.0029829544946551323,
    0.0035511364694684744,
    0.0032670453656464815,
    0.0022727272007614374,
    0.002414772752672434,
    0.0025568180717527866,
    0.000994318164885044,
    0.0014204545877873898,
    0.000994318164885044,
    0.0011363636003807187,
    0.0005681818001903594,
    0.0007102272938936949,
    0.0005681818001903594,
    0.0008522727293893695,
    0.0005681818001903594,
    0.0005681818001903594,
    0.00014204545004758984,
    0.0,
    0.00014204545004758984,
    0.0,
    0.0002840909000951797,
    0.0,
    0.0,
    0.0002840909000951797,
    0.0,
    0.00014204545004758984,
    0.0
  ],
  "waste": [
    0.010443205013871193,
    0.009587240405380726,
    0.009883780032396317,
    0.009916437789797783,
    0.009821302257478237,
    0.009895303286612034,
    0.010014679282903671,
    0.009980184026062489,
    0.009947814978659153,
    0.009920722804963589,
    0.009973210282623768,
    0.010042086243629456,
    0.010027088224887848,
    0.010003950446844101,
    0.009977526031434536,
    0.009955594316124916,
    0.009879153221845627,
    0.00997723639011383,
    0.00983052235096693,
    0.009911801666021347,
    0.009952840395271778,
    0.009898277930915356,
    0.009987760335206985,
    0.010049800388514996,
    0.009898928925395012,
    0.009905104525387287,
    0.010177216492593288,
    0.010150909423828125,
    0.010017587803304195,
    0.010257907211780548,
    0.01017975527793169,
    0.010338639840483665,
    0.010586429387331009
  ],
  "delta": [
    0.3486395478248596,
    0.4235941171646118,
    0.45059606432914734,
    0.46248379349708557,
    0.4481750428676605,
    0.4579868018627167,
    0.4629949629306793,
    0.454012930393219,
    0.45490631461143494,
    0.4621852934360504,
    0.46714678406715393,
    0.4685836732387543,
    0.4663875102996826,
    0.4600423574447632,
    0.46979016065597534,
    0.46891236305236816,
    0.46480944752693176,
    0.4672588109970093,
    0.461818128824234,
    0.4573023021221161,
    0.45998460054397583,
    0.46337059140205383,
    0.46220752596855164,
    0.45412829518318176,
    0.4670518934726715,
    0.4517415165901184,
    0.42540058493614197,
    0.4351906478404999,
    0.4444347023963928,
    0.4284800887107849,
    0.4314888119697571,
    0.40903353691101074,
    0.4255712330341339
  ],
  "critic_loss": [
    0.07610759884119034,
    0.10238775610923767,
    0.10573726147413254,
    0.10974776744842529,
    0.10525795072317123,
    0.10808508098125458,
    0.10894796252250671,
    0.1052531749010086,
    0.10543512552976608,
    0.10855244845151901,
    0.11066748946905136,
    0.11169741302728653,
    0.10989025980234146,
    0.10721933096647263,
    0.11150900274515152,
    0.11108890920877457,
    0.10898289829492569,
    0.11020789295434952,
    0.10766268521547318,
    0.10559804737567902,
    0.1068335771560669,
    0.10828019678592682,
    0.1077045127749443,
    0.10398831963539124,
    0.10981009900569916,
    0.10282252728939056,
    0.09147161990404129,
    0.09550167620182037,
    0.09965664148330688,
    0.09272771328687668,
    0.09392838925123215,
    0.08460547775030136,
    0.09174664318561554
  ],
  "entropy_adjusted": [
    4.169135991105577e-06,
    4.186464593658457e-06,
    5.198150574869942e-06,
    3.901111085724551e-06,
    3.6217654724168824e-06,
    5.24507277077646e-06,
    5.455955033539794e-06,
    4.29945748692262e-06,
    4.994991741114063e-06,
    4.179044481134042e-06,
    4.393188191897934e-06,
    4.492508196562994e-06,
    4.955066742695635e-06,
    3.931437277060468e-06,
    3.37674737238558e-06,
    3.7355180211307015e-06,
    3.4225622584926896e-06,
    4.3946374717052095e-06,
    4.174079549557064e-06,
    3.1099727948458167e-06,
    4.089106369065121e-06,
    3.998115516878897e-06,
    3.222509576517041e-06,
    3.787635478147422e-06,
    3.4357151434960542e-06,
    3.0688938750245143e-06,
    2.7201188004255528e-06,
    2.1486800960701657e-06,
    2.59251874012989e-06,
    3.5907628443965223e-06,
    2.4616372229502304e-06,
    2.9851498766220175e-06,
    2.0434015368664404e-06
  ],
  "actor_loss": [
    2.3352422431344166e-06,
    3.5954676604887936e-06,
    5.448182037071092e-06,
    3.3557155347807566e-06,
    3.3421306397940498e-06,
    5.345124463929096e-06,
    5.9164021877222694e-06,
    4.639335656975163e-06,
    6.125850632088259e-06,
    4.413873284647707e-06,
    4.49366007160279e-06,
    4.955513304594206e-06,
    5.356970632419689e-06,
    4.085880846105283e-06,
    4.356742465461139e-06,
    3.5542223031370668e-06,
    2.9152581646485487e-06,
    5.640085873892531e-06,
    4.630051080312114e-06,
    2.8938197829120327e-06,
    4.098445060662925e-06,
    4.3855375224666204e-06,
    3.7172442262090044e-06,
    3.5089753964712145e-06,
    3.0773592243349412e-06,
    3.726185013874783e-06,
    2.216429265899933e-06,
    1.2725760143439402e-06,
    2.4973492145363707e-06,
    3.468241629889235e-06,
    1.2530008461908437e-06,
    2.5773554170882562e-06,
    1.0857690995180747e-06
  ]
}