{
  "global_step": [
    4917,
    4918,
    4919,
    4920,
    4921,
    4922,
    4923,
    4924,
    4925,
    4926,
    4927,
    4928,
    4929,
    4930,
    4931,
    4932,
    4933,
    4934,
    4935,
    4936,
    4937,
    4938,
    4939,
    4940,
    4941,
    4942,
    4943,
    4944,
    4945,
    4946,
    4947,
    4948,
    4949
  ],
  "experience_step": [
    32,
    32,
    32,
    32,
    32,
    32,
    32,
    32,
    32,
    32,
    32,
    32,
    32,
    32,
    32,
    32,
    32,
    32,
    32,
    32,
    32,
    32,
    32,
    32,
    32,
    32,
    32,
    32,
    32,
    32,
    32,
    32,
    8
  ],
  "rewards": [
    0.40866827964782715,
    0.48209479451179504,
    0.5217072367668152,
    0.5178313255310059,
    0.508934736251831,
    0.5134968161582947,
    0.515432596206665,
    0.5167250633239746,
    0.5113469362258911,
    0.5273400545120239,
    0.5190231204032898,
    0.520677387714386,
    0.5129220485687256,
    0.5215463638305664,
    0.5231924057006836,
    0.5189930200576782,
    0.5179622173309326,
    0.5178210735321045,
    0.5181722640991211,
    0.5145084857940674,
    0.5039612054824829,
    0.520408570766449,
    0.4999156594276428,
    0.5073033571243286,
    0.5144528746604919,
    0.5113335251808167,
    0.47404590249061584,
    0.4842630922794342,
    0.48138660192489624,
    0.4820233881473541,
    0.4741038382053375,
    0.45678281784057617,
    0.49000146985054016
  ],
  "stockouts": [
    0.018465908244252205,
    0.021732954308390617,
    0.0062500000931322575,
    0.005113636143505573,
    0.008096590638160706,
    0.005255681928247213,
    0.0029829544946551323,
    0.0029829544946551323,
    0.0032670453656464815,
    0.0021306818816810846,
    0.002414772752672434,
    0.002698863623663783,
    0.0011363636003807187,
    0.0014204545877873898,
    0.0007102272938936949,
    0.0007102272938936949,
    0.0002840909000951797,
    0.0007102272938936949,
    0.000994318164885044,
    0.00042613636469468474,
    0.0005681818001903594,
    0.00042613636469468474,
    0.00014204545004758984,
    0.0002840909000951797,
    0.0,
    0.0,
    0.00014204545004758984,
    0.00014204545004758984,
    0.0,
    0.0002840909000951797,
    0.0,
    0.00014204545004758984,
    0.0
  ],
  "waste": [
    0.010638880543410778,
    0.010068106465041637,
    0.010287894867360592,
    0.010442807339131832,
    0.010162797756493092,
    0.010341692715883255,
    0.010272271931171417,
    0.010534877888858318,
    0.010297343134880066,
    0.010334208607673645,
    0.0103018032386899,
    0.010448488406836987,
    0.010469495318830013,
    0.010362655855715275,
    0.010445964522659779,
    0.010478118434548378,
    0.010373043827712536,
    0.010315305553376675,
    0.0103742815554142,
    0.010515743866562843,
    0.01047492679208517,
    0.010518372058868408,
    0.010541221126914024,
    0.01057337410748005,
    0.010528680868446827,
    0.010401955805718899,
    0.010934591293334961,
    0.010807966813445091,
    0.010769473388791084,
    0.011102172546088696,
    0.01084916666150093,
    0.01104320865124464,
    0.011117366142570972
  ],
  "delta": [
    0.3525692820549011,
    0.428327739238739,
    0.46728965640068054,
    0.46431323885917664,
    0.4538589119911194,
    0.4593144357204437,
    0.4613817632198334,
    0.46207866072654724,
    0.4563189744949341,
    0.47195369005203247,
    0.4638720452785492,
    0.46670788526535034,
    0.4577192962169647,
    0.4666108787059784,
    0.46841204166412354,
    0.463975727558136,
    0.46331605315208435,
    0.4631972908973694,
    0.4637790322303772,
    0.460444837808609,
    0.44848814606666565,
    0.4654964208602905,
    0.4447968900203705,
    0.4524610936641693,
    0.4596751928329468,
    0.4565483331680298,
    0.41881924867630005,
    0.42905765771865845,
    0.4262087941169739,
    0.42739251255989075,
    0.4193539619445801,
    0.40185242891311646,
    0.4318704903125763
  ],
  "critic_loss": [
    0.07829000055789948,
    0.10413646697998047,
    0.11366582661867142,
    0.1106213852763176,
    0.10820197314023972,
    0.10865460336208344,
    0.10836146771907806,
    0.10870224237442017,
    0.10616836696863174,
    0.11289554834365845,
    0.10941710323095322,
    0.11079831421375275,
    0.10606680810451508,
    0.10999523848295212,
    0.11069176346063614,
    0.10866982489824295,
    0.1083076074719429,
    0.10834343731403351,
    0.10870520025491714,
    0.10695122182369232,
    0.10168773680925369,
    0.10930826514959335,
    0.09999313950538635,
    0.10323751717805862,
    0.10638749599456787,
    0.10518189519643784,
    0.08863358944654465,
    0.09296025335788727,
    0.09203226119279861,
    0.09242454916238785,
    0.08877533674240112,
    0.08196184039115906,
    0.09428656846284866
  ],
  "entropy_adjusted": [
    5.1004467422899324e-06,
    5.93097638557083e-06,
    5.0009261940431315e-06,
    5.687089014827507e-06,
    5.167609288037056e-06,
    5.09310439156252e-06,
    5.007208983442979e-06,
    4.782798441738123e-06,
    5.3534863582171965e-06,
    3.851549990940839e-06,
    5.521677394426661e-06,
    6.625244168390054e-06,
    5.533705461857608e-06,
    4.990826255379943e-06,
    4.827220436709467e-06,
    6.4808155002538115e-06,
    3.748755943888682e-06,
    4.322646873333724e-06,
    4.008994437754154e-06,
    4.291621735319495e-06,
    4.456650003703544e-06,
    4.448821982805384e-06,
    4.797858764504781e-06,
    3.525437932694331e-06,
    3.7462225463968934e-06,
    3.5487419154378586e-06,
    3.713461637744331e-06,
    3.713122623594245e-06,
    3.2854513847269118e-06,
    2.4504679458914325e-06,
    3.517011236908729e-06,
    3.7742881886515534e-06,
    2.347919462408754e-06
  ],
  "actor_loss": [
    4.104904292034917e-06,
    5.493230673891958e-06,
    5.193031483941013e-06,
    5.626387519441778e-06,
    6.186299742694246e-06,
    5.2744012464245316e-06,
    5.101093847770244e-06,
    5.2498171498882584e-06,
    4.718280706583755e-06,
    3.7642428196704714e-06,
    6.615781330765458e-06,
    8.0138297562371e-06,
    5.790926934423624e-06,
    5.71578220842639e-06,
    5.197015070734778e-06,
    7.713690138189122e-06,
    3.840534191112965e-06,
    4.4345542846713215e-06,
    4.386513410281623e-06,
    3.450528538451181e-06,
    5.069596227258444e-06,
    5.075515218777582e-06,
    4.992426056560362e-06,
    3.4684537695284234e-06,
    4.617792001226917e-06,
    3.193504653609125e-06,
    2.8390825264068553e-06,
    3.5646480682771653e-06,
    3.00767919725331e-06,
    2.0927459445374552e-06,
    2.619537553982809e-06,
    3.2252949040412204e-06,
    1.7114626871261862e-06
  ]
}