{
  "global_step": [
    19140,
    19141,
    19142,
    19143,
    19144,
    19145,
    19146,
    19147,
    19148,
    19149,
    19150,
    19151,
    19152,
    19153,
    19154,
    19155,
    19156,
    19157,
    19158,
    19159,
    19160,
    19161,
    19162,
    19163,
    19164,
    19165,
    19166,
    19167,
    19168,
    19169,
    19170,
    19171,
    19172
  ],
  "experience_step": [
    32,
    32,
    32,
    32,
    32,
    32,
    32,
    32,
    32,
    32,
    32,
    32,
    32,
    32,
    32,
    32,
    32,
    32,
    32,
    32,
    32,
    32,
    32,
    32,
    32,
    32,
    32,
    32,
    32,
    32,
    32,
    32,
    8
  ],
  "rewards": [
    0.4202202558517456,
    0.5110376477241516,
    0.5377426743507385,
    0.5453663468360901,
    0.5325621962547302,
    0.5339749455451965,
    0.5442742109298706,
    0.5526438355445862,
    0.5464923977851868,
    0.5506298542022705,
    0.5462548732757568,
    0.5511986613273621,
    0.5484995245933533,
    0.5441961288452148,
    0.5563087463378906,
    0.5473729372024536,
    0.5527015924453735,
    0.5515939593315125,
    0.5455435514450073,
    0.5421905517578125,
    0.5473996996879578,
    0.547534704208374,
    0.5408967733383179,
    0.538205087184906,
    0.539359450340271,
    0.5439757704734802,
    0.5315982699394226,
    0.5190181732177734,
    0.5265898108482361,
    0.5174456834793091,
    0.5175830721855164,
    0.5026944279670715,
    0.4773655831813812
  ],
  "stockouts": [
    0.025852272287011147,
    0.027414772659540176,
    0.009801136329770088,
    0.00639204541221261,
    0.011079545132815838,
    0.009517045691609383,
    0.005113636143505573,
    0.003409090917557478,
    0.004687500186264515,
    0.0029829544946551323,
    0.0028409091755747795,
    0.004119317978620529,
    0.001704545458778739,
    0.002414772752672434,
    0.0014204545877873898,
    0.0008522727293893695,
    0.000994318164885044,
    0.0011363636003807187,
    0.0012784090358763933,
    0.000994318164885044,
    0.0008522727293893695,
    0.0002840909000951797,
    0.0002840909000951797,
    0.0002840909000951797,
    0.0,
    0.0002840909000951797,
    0.0,
    0.0002840909000951797,
    0.00042613636469468474,
    0.0002840909000951797,
    0.00014204545004758984,
    0.0,
    0.0
  ],
  "waste": [
    0.008903497830033302,
    0.008024275302886963,
    0.008141512982547283,
    0.008218478411436081,
    0.00811853539198637,
    0.00826617144048214,
    0.008294838480651379,
    0.008385554887354374,
    0.008230862207710743,
    0.008374706842005253,
    0.008255861699581146,
    0.008222050033509731,
    0.008440857753157616,
    0.008431452326476574,
    0.008398628793656826,
    0.008574657142162323,
    0.00845711026340723,
    0.008580021560192108,
    0.008583137765526772,
    0.008441219106316566,
    0.008615712635219097,
    0.008728992193937302,
    0.008811235427856445,
    0.008675345219671726,
    0.008778266608715057,
    0.008678445592522621,
    0.008913125842809677,
    0.00917790737003088,
    0.00902144331485033,
    0.009136260487139225,
    0.009211587719619274,
    0.009296358563005924,
    0.009399712085723877
  ],
  "delta": [
    0.2231636792421341,
    0.3204420506954193,
    0.34360066056251526,
    0.3525683879852295,
    0.3387519121170044,
    0.34039306640625,
    0.3505238890647888,
    0.3592677712440491,
    0.3523896038532257,
    0.3569623827934265,
    0.3520627021789551,
    0.3573493957519531,
    0.3547217547893524,
    0.3504447937011719,
    0.3624262511730194,
    0.3530648946762085,
    0.35829874873161316,
    0.35743480920791626,
    0.3515794575214386,
    0.3486303389072418,
    0.35417118668556213,
    0.3534189760684967,
    0.347016304731369,
    0.34344884753227234,
    0.34472373127937317,
    0.34989267587661743,
    0.3376784026622772,
    0.3248329758644104,
    0.332446813583374,
    0.32278501987457275,
    0.32296469807624817,
    0.3086797893047333,
    0.28306132555007935
  ],
  "critic_loss": [
    0.0400235690176487,
    0.05843348801136017,
    0.0624421201646328,
    0.06397779285907745,
    0.060798414051532745,
    0.060614872723817825,
    0.06311794370412827,
    0.06568381935358047,
    0.06368452310562134,
    0.06474217027425766,
    0.06314320862293243,
    0.0652192234992981,
    0.06375311315059662,
    0.062260325998067856,
    0.06639079004526138,
    0.06296904385089874,
    0.06479056924581528,
    0.06462231278419495,
    0.06248524412512779,
    0.061428312212228775,
    0.06334874778985977,
    0.06297203153371811,
    0.06073162332177162,
    0.05947110429406166,
    0.05991661176085472,
    0.06169167533516884,
    0.057504139840602875,
    0.053456149995326996,
    0.055826567113399506,
    0.05274166911840439,
    0.05268226936459541,
    0.04816660284996033,
    0.040494874119758606
  ],
  "entropy_adjusted": [
    9.70107976172585e-07,
    6.861621386633487e-07,
    1.2397287036947091e-06,
    1.4639120990977972e-06,
    1.568031052556762e-06,
    1.4475835996563546e-06,
    1.615998712622968e-06,
    1.6410776879638433e-06,
    7.993562007868604e-07,
    1.0829189704963937e-06,
    1.3017522633163026e-06,
    7.815883122930245e-07,
    1.0702522104111267e-06,
    1.3158498859411338e-06,
    9.061765240403474e-07,
    8.492767165080295e-07,
    1.4134021739664604e-06,
    8.474886499243439e-07,
    9.924679034156725e-07,
    1.2829135584979667e-06,
    1.1795751788667985e-06,
    7.308424869734154e-07,
    1.2621159157788497e-06,
    5.086585588287562e-07,
    9.314727549281088e-07,
    9.666462119639618e-07,
    7.616504831275961e-07,
    6.68590189434326e-07,
    1.0003489023802103e-06,
    5.5688479960736e-07,
    5.191675995774858e-07,
    1.1263230135227786e-06,
    5.059338832325011e-07
  ],
  "actor_loss": [
    5.732043177886226e-07,
    3.9781386362847115e-07,
    7.791085749886406e-07,
    1.0298253982909955e-06,
    9.66216134656861e-07,
    1.058496422956523e-06,
    1.1486940820759628e-06,
    1.0561435601630365e-06,
    5.006628498449572e-07,
    5.250897174846614e-07,
    6.867928732390283e-07,
    5.884072038497834e-07,
    6.448699991778994e-07,
    8.45643967295473e-07,
    8.22670870093134e-07,
    5.082895881969307e-07,
    1.1005428177668364e-06,
    5.750123932557472e-07,
    6.097802724980284e-07,
    1.0945389021799201e-06,
    9.85993210633751e-07,
    4.834936930819822e-07,
    8.364028190044337e-07,
    2.082445007545175e-07,
    6.111100674388581e-07,
    5.650132948176179e-07,
    3.492957318940171e-07,
    4.571048179968784e-07,
    5.137889047546196e-07,
    2.5293741146015236e-07,
    2.2617686568082718e-07,
    4.982808832210139e-07,
    2.628434287998971e-07
  ]
}