{
  "global_step": [
    6468,
    6469,
    6470,
    6471,
    6472,
    6473,
    6474,
    6475,
    6476,
    6477,
    6478,
    6479,
    6480,
    6481,
    6482,
    6483,
    6484,
    6485,
    6486,
    6487,
    6488,
    6489,
    6490,
    6491,
    6492,
    6493,
    6494,
    6495,
    6496,
    6497,
    6498,
    6499,
    6500
  ],
  "experience_step": [
    32,
    32,
    32,
    32,
    32,
    32,
    32,
    32,
    32,
    32,
    32,
    32,
    32,
    32,
    32,
    32,
    32,
    32,
    32,
    32,
    32,
    32,
    32,
    32,
    32,
    32,
    32,
    32,
    32,
    32,
    32,
    32,
    8
  ],
  "rewards": [
    0.41242358088493347,
    0.497465044260025,
    0.5192995667457581,
    0.5305621027946472,
    0.5206822752952576,
    0.5176788568496704,
    0.5243029594421387,
    0.5348103642463684,
    0.5252483487129211,
    0.5347429513931274,
    0.5295474529266357,
    0.5288525223731995,
    0.5365979075431824,
    0.5422306656837463,
    0.5280672311782837,
    0.5357953310012817,
    0.5277858376502991,
    0.5384901762008667,
    0.5259249210357666,
    0.5256142616271973,
    0.527514636516571,
    0.5413607954978943,
    0.5256405472755432,
    0.5247831344604492,
    0.5377389788627625,
    0.5177803635597229,
    0.4848555028438568,
    0.5019069910049438,
    0.4970691204071045,
    0.5000099539756775,
    0.49993661046028137,
    0.4824521839618683,
    0.47076746821403503
  ],
  "stockouts": [
    0.023721590638160706,
    0.024715909734368324,
    0.00909090880304575,
    0.006107954774051905,
    0.008664772845804691,
    0.006818181835114956,
    0.0035511364694684744,
    0.003409090917557478,
    0.004261363763362169,
    0.0028409091755747795,
    0.0035511364694684744,
    0.0029829544946551323,
    0.001704545458778739,
    0.0011363636003807187,
    0.0012784090358763933,
    0.0008522727293893695,
    0.00042613636469468474,
    0.0002840909000951797,
    0.0007102272938936949,
    0.00042613636469468474,
    0.0005681818001903594,
    0.00042613636469468474,
    0.0,
    0.00042613636469468474,
    0.0,
    0.0002840909000951797,
    0.00014204545004758984,
    0.0,
    0.00014204545004758984,
    0.00014204545004758984,
    0.0,
    0.0,
    0.0
  ],
  "waste": [
    0.009636876173317432,
    0.008642572909593582,
    0.009021642617881298,
    0.008889629505574703,
    0.00887277815490961,
    0.009014551527798176,
    0.009174511767923832,
    0.009077285416424274,
    0.008994692005217075,
    0.009080333635210991,
    0.009146755561232567,
    0.009280869737267494,
    0.009261811152100563,
    0.009218579158186913,
    0.009416554123163223,
    0.009438234381377697,
    0.009652350097894669,
    0.009443283081054688,
    0.009608912281692028,
    0.009648499079048634,
    0.009644703008234501,
    0.00949618499726057,
    0.00966800656169653,
    0.009703779593110085,
    0.00961259938776493,
    0.009546703658998013,
    0.009975254535675049,
    0.010060455650091171,
    0.010160370729863644,
    0.01014767587184906,
    0.010014013387262821,
    0.010136340744793415,
    0.010625923983752728
  ],
  "delta": [
    0.339852899312973,
    0.42802485823631287,
    0.4499930739402771,
    0.46025967597961426,
    0.4495551288127899,
    0.44812247157096863,
    0.45372989773750305,
    0.4646015465259552,
    0.4543083608150482,
    0.46473729610443115,
    0.45871976017951965,
    0.4586215615272522,
    0.46522626280784607,
    0.4719773828983307,
    0.457643061876297,
    0.4654918909072876,
    0.45721492171287537,
    0.4680871069431305,
    0.45538628101348877,
    0.45585277676582336,
    0.45680367946624756,
    0.47080862522125244,
    0.45559459924697876,
    0.4541183412075043,
    0.4668637216091156,
    0.44722089171409607,
    0.41413864493370056,
    0.4312863051891327,
    0.42634332180023193,
    0.4293690621852875,
    0.42962875962257385,
    0.4118817448616028,
    0.40029633045196533
  ],
  "critic_loss": [
    0.07528761029243469,
    0.10245213657617569,
    0.10544002056121826,
    0.10881451517343521,
    0.10546298325061798,
    0.10348063707351685,
    0.10492387413978577,
    0.10972173511981964,
    0.10549375414848328,
    0.1096382662653923,
    0.1071794405579567,
    0.10696171969175339,
    0.10969218611717224,
    0.11257525533437729,
    0.10585179924964905,
    0.10945951193571091,
    0.10555367916822433,
    0.11041238903999329,
    0.10477583110332489,
    0.10485071688890457,
    0.10528868436813354,
    0.11170747876167297,
    0.10455331951379776,
    0.10419733077287674,
    0.10980760306119919,
    0.10087015479803085,
    0.08659300208091736,
    0.09384586662054062,
    0.0920272022485733,
    0.0930367037653923,
    0.09325910359621048,
    0.08564382046461105,
    0.0809563547372818
  ],
  "entropy_adjusted": [
    3.270445404268685e-06,
    3.7150152820686344e-06,
    4.470071417017607e-06,
    3.87875434171292e-06,
    4.247315700922627e-06,
    4.939099198963959e-06,
    4.167132829024922e-06,
    3.943155661545461e-06,
    4.089326012035599e-06,
    4.217078185320133e-06,
    3.5711268537852447e-06,
    3.088787480010069e-06,
    3.2180780635826522e-06,
    3.649225163826486e-06,
    2.8938238756381907e-06,
    3.076296252402244e-06,
    3.1417457648785785e-06,
    2.7546332148631336e-06,
    3.572676632757066e-06,
    3.5176999517716467e-06,
    3.650551207101671e-06,
    2.577462055342039e-06,
    2.1537130123761017e-06,
    3.0820490337646334e-06,
    2.409809212622349e-06,
    2.7615365070232656e-06,
    3.0930618777347263e-06,
    2.475506335031241e-06,
    2.1755756733909948e-06,
    2.5592173642507987e-06,
    2.0667262106144335e-06,
    2.428681455057813e-06,
    1.0350204320275225e-06
  ],
  "actor_loss": [
    2.8713081974274246e-06,
    3.114495939371409e-06,
    4.602671197062591e-06,
    4.0798072404868435e-06,
    3.425891691222205e-06,
    4.885023827227997e-06,
    3.9750839277985506e-06,
    3.7742026961495867e-06,
    4.3630511754599866e-06,
    4.644607088266639e-06,
    3.4025965760520194e-06,
    3.0221760880522197e-06,
    3.239430725443526e-06,
    3.8568391573789995e-06,
    2.7204966954741394e-06,
    3.1622391816199524e-06,
    2.9623597583849914e-06,
    3.4231009067298146e-06,
    3.4910201520688133e-06,
    3.612091404647799e-06,
    3.931208539142972e-06,
    2.5065251065825578e-06,
    1.883290110527014e-06,
    3.1701315492682625e-06,
    2.2835513391328277e-06,
    2.2772749161958927e-06,
    3.1856088753556833e-06,
    2.0404954739206005e-06,
    2.4842915991030168e-06,
    2.865859414669103e-06,
    2.024113882725942e-06,
    2.2407330106943846e-06,
    4.890812874691619e-07
  ]
}