{
  "global_step": [
    8547,
    8548,
    8549,
    8550,
    8551,
    8552,
    8553,
    8554,
    8555,
    8556,
    8557,
    8558,
    8559,
    8560,
    8561,
    8562,
    8563,
    8564,
    8565,
    8566,
    8567,
    8568,
    8569,
    8570,
    8571,
    8572,
    8573,
    8574,
    8575,
    8576,
    8577,
    8578,
    8579
  ],
  "experience_step": [
    32,
    32,
    32,
    32,
    32,
    32,
    32,
    32,
    32,
    32,
    32,
    32,
    32,
    32,
    32,
    32,
    32,
    32,
    32,
    32,
    32,
    32,
    32,
    32,
    32,
    32,
    32,
    32,
    32,
    32,
    32,
    32,
    8
  ],
  "rewards": [
    0.42302703857421875,
    0.5105096101760864,
    0.5331310033798218,
    0.5366511344909668,
    0.5277299880981445,
    0.5339076519012451,
    0.5385684370994568,
    0.5442204475402832,
    0.5376971960067749,
    0.550015389919281,
    0.5481246709823608,
    0.539093554019928,
    0.5380262136459351,
    0.550078809261322,
    0.5423516631126404,
    0.5447373986244202,
    0.5472826361656189,
    0.5449682474136353,
    0.5435879230499268,
    0.5361299514770508,
    0.5395604968070984,
    0.540827751159668,
    0.5366379618644714,
    0.5273246169090271,
    0.5433423519134521,
    0.5369511842727661,
    0.5140174031257629,
    0.5102047920227051,
    0.5096665024757385,
    0.5096022486686707,
    0.5160096883773804,
    0.5064820051193237,
    0.5090942978858948
  ],
  "stockouts": [
    0.020738637074828148,
    0.025142045691609383,
    0.007670454680919647,
    0.005681818351149559,
    0.008948863483965397,
    0.006676136516034603,
    0.0032670453656464815,
    0.0029829544946551323,
    0.004403409082442522,
    0.0022727272007614374,
    0.0021306818816810846,
    0.003693181788548827,
    0.0022727272007614374,
    0.0012784090358763933,
    0.0011363636003807187,
    0.000994318164885044,
    0.0007102272938936949,
    0.0005681818001903594,
    0.0008522727293893695,
    0.0011363636003807187,
    0.0011363636003807187,
    0.0007102272938936949,
    0.00042613636469468474,
    0.00042613636469468474,
    0.0,
    0.00014204545004758984,
    0.0,
    0.0,
    0.00014204545004758984,
    0.00014204545004758984,
    0.0,
    0.0,
    0.0
  ],
  "waste": [
    0.009765935130417347,
    0.008674620650708675,
    0.009016858413815498,
    0.009028738364577293,
    0.008909330703318119,
    0.009075871668756008,
    0.009203425608575344,
    0.009154412895441055,
    0.009041419252753258,
    0.008924297988414764,
    0.009025485254824162,
    0.00905301421880722,
    0.00915581826120615,
    0.009162652306258678,
    0.009069571271538734,
    0.00915122777223587,
    0.00919788982719183,
    0.009211605414748192,
    0.009256722405552864,
    0.009332162328064442,
    0.009296231903135777,
    0.009165591560304165,
    0.009506669826805592,
    0.009480130858719349,
    0.009383243508636951,
    0.009374347515404224,
    0.009663688018918037,
    0.009825566783547401,
    0.00993984192609787,
    0.009925740770995617,
    0.009689940139651299,
    0.010055712424218655,
    0.010178507305681705
  ],
  "delta": [
    0.32797539234161377,
    0.4230290949344635,
    0.442742258310318,
    0.44603756070137024,
    0.4364372193813324,
    0.4433322548866272,
    0.4481219947338104,
    0.45361632108688354,
    0.4467373192310333,
    0.45888349413871765,
    0.45761212706565857,
    0.4485500752925873,
    0.44654595851898193,
    0.4592858850955963,
    0.4513607919216156,
    0.45391374826431274,
    0.4557933807373047,
    0.4539880156517029,
    0.45263054966926575,
    0.44487830996513367,
    0.44807812571525574,
    0.4495082199573517,
    0.44577470421791077,
    0.43621811270713806,
    0.45182308554649353,
    0.4453118145465851,
    0.42281800508499146,
    0.41903817653656006,
    0.4180372357368469,
    0.4180365204811096,
    0.42504653334617615,
    0.41515427827835083,
    0.41656845808029175
  ],
  "critic_loss": [
    0.06717784702777863,
    0.09708468616008759,
    0.10109590739011765,
    0.10159651935100555,
    0.09855524450540543,
    0.1007612943649292,
    0.10185812413692474,
    0.10435322672128677,
    0.10152163356542587,
    0.10668326169252396,
    0.105875663459301,
    0.10205083340406418,
    0.10086105018854141,
    0.10648864507675171,
    0.10278283804655075,
    0.1038801372051239,
    0.10468288511037827,
    0.10381533950567245,
    0.10327135771512985,
    0.09997028112411499,
    0.10139422863721848,
    0.10181732475757599,
    0.10022265464067459,
    0.0958903580904007,
    0.10275595635175705,
    0.1000060886144638,
    0.09021533280611038,
    0.08876186609268188,
    0.08837514370679855,
    0.08825366199016571,
    0.09124789386987686,
    0.08700539916753769,
    0.08759356290102005
  ],
  "entropy_adjusted": [
    1.9259884993516607e-06,
    2.315558049303945e-06,
    2.452448370604543e-06,
    2.5766260023374343e-06,
    2.9337954856600845e-06,
    2.8133147225162247e-06,
    2.5632718916313024e-06,
    3.3607977911742637e-06,
    2.696809133340139e-06,
    2.823122258632793e-06,
    2.560529765105457e-06,
    2.3327706912823487e-06,
    1.968330934687401e-06,
    1.4792567526455969e-06,
    1.9230201360187493e-06,
    3.0988376238383353e-06,
    2.003093186431215e-06,
    1.970488938241033e-06,
    1.5231257748382632e-06,
    2.4984849460452097e-06,
    2.1704861410398735e-06,
    2.157015387638239e-06,
    2.8848896818089997e-06,
    1.8907010144175729e-06,
    2.1668961380783003e-06,
    2.9619068300235085e-06,
    1.7081290479836753e-06,
    1.7697453813525499e-06,
    1.4816639577475144e-06,
    1.8508835637476295e-06,
    2.0595116438926198e-06,
    1.4462411854765378e-06,
    1.681976414147357e-06
  ],
  "actor_loss": [
    8.638028248242335e-07,
    2.198743914050283e-06,
    2.546599944253103e-06,
    2.684003902686527e-06,
    2.6840898499358445e-06,
    2.402096242803964e-06,
    2.2962940420256928e-06,
    3.839796136162477e-06,
    3.008106887136819e-06,
    2.6159530079894466e-06,
    2.891349367928342e-06,
    2.582624802016653e-06,
    1.6404808320658049e-06,
    1.229939471159014e-06,
    1.6296972944473964e-06,
    3.7366587548604002e-06,
    2.031470103247557e-06,
    1.8999623989657266e-06,
    1.4667668892798247e-06,
    2.4881230729079107e-06,
    2.331049699932919e-06,
    1.983658421522705e-06,
    2.964891109513701e-06,
    1.9003307443199446e-06,
    2.4779515115369577e-06,
    3.2656810162734473e-06,
    1.6750677787058521e-06,
    1.5125137906579766e-06,
    1.3594105894298991e-06,
    1.7123386442108313e-06,
    2.1604637368000112e-06,
    1.1919347571165417e-06,
    9.89886757452041e-07
  ]
}