{
  "global_step": [
    3102,
    3103,
    3104,
    3105,
    3106,
    3107,
    3108,
    3109,
    3110,
    3111,
    3112,
    3113,
    3114,
    3115,
    3116,
    3117,
    3118,
    3119,
    3120,
    3121,
    3122,
    3123,
    3124,
    3125,
    3126,
    3127,
    3128,
    3129,
    3130,
    3131,
    3132,
    3133,
    3134
  ],
  "experience_step": [
    32,
    32,
    32,
    32,
    32,
    32,
    32,
    32,
    32,
    32,
    32,
    32,
    32,
    32,
    32,
    32,
    32,
    32,
    32,
    32,
    32,
    32,
    32,
    32,
    32,
    32,
    32,
    32,
    32,
    32,
    32,
    32,
    8
  ],
  "rewards": [
    0.38205087184906006,
    0.4465824365615845,
    0.48005789518356323,
    0.49378538131713867,
    0.4624830186367035,
    0.49301889538764954,
    0.4993705153465271,
    0.4953354299068451,
    0.48229196667671204,
    0.5012147426605225,
    0.4890512526035309,
    0.49591314792633057,
    0.4877537190914154,
    0.4961073398590088,
    0.49225053191185,
    0.4994455575942993,
    0.48076826333999634,
    0.48824557662010193,
    0.48629090189933777,
    0.4885616600513458,
    0.4846947193145752,
    0.4937661588191986,
    0.47741982340812683,
    0.4904170036315918,
    0.5083881616592407,
    0.4682754576206207,
    0.4550948441028595,
    0.4580290913581848,
    0.4504038691520691,
    0.45540398359298706,
    0.4514603912830353,
    0.4668187201023102,
    0.4316364526748657
  ],
  "stockouts": [
    0.021022727712988853,
    0.024289771914482117,
    0.008238635957241058,
    0.006107954774051905,
    0.010369318537414074,
    0.00639204541221261,
    0.003977272659540176,
    0.0028409091755747795,
    0.005113636143505573,
    0.0032670453656464815,
    0.0031250000465661287,
    0.0032670453656464815,
    0.002414772752672434,
    0.0014204545877873898,
    0.0015625000232830644,
    0.0015625000232830644,
    0.0014204545877873898,
    0.0005681818001903594,
    0.0014204545877873898,
    0.0018465908942744136,
    0.0012784090358763933,
    0.0008522727293893695,
    0.0005681818001903594,
    0.0005681818001903594,
    0.0002840909000951797,
    0.0007102272938936949,
    0.0,
    0.0005681818001903594,
    0.0005681818001903594,
    0.00042613636469468474,
    0.00014204545004758984,
    0.0,
    0.0
  ],
  "waste": [
    0.009967511519789696,
    0.00946869421750307,
    0.009738709777593613,
    0.009722740389406681,
    0.009732532314956188,
    0.009670927189290524,
    0.00984559953212738,
    0.009904397651553154,
    0.009822607040405273,
    0.009681874886155128,
    0.009793080389499664,
    0.00974977295845747,
    0.009965583682060242,
    0.009740992449223995,
    0.009943298064172268,
    0.00986502319574356,
    0.009810478426516056,
    0.009821671061217785,
    0.0100717693567276,
    0.009838303551077843,
    0.009855634532868862,
    0.009878975339233875,
    0.009838693775236607,
    0.009814712218940258,
    0.009795245714485645,
    0.009852281771600246,
    0.010241699405014515,
    0.010008796118199825,
    0.010283700190484524,
    0.010065020062029362,
    0.010056361556053162,
    0.010239360854029655,
    0.010487998835742474
  ],
  "delta": [
    0.34413737058639526,
    0.4117536246776581,
    0.4440963864326477,
    0.45769888162612915,
    0.4250430166721344,
    0.4570787847042084,
    0.46416452527046204,
    0.45942404866218567,
    0.4462185502052307,
    0.4640520215034485,
    0.4537898600101471,
    0.46128883957862854,
    0.4517369270324707,
    0.4600667655467987,
    0.4562699794769287,
    0.46407055854797363,
    0.4449865520000458,
    0.4514172673225403,
    0.4501136839389801,
    0.45294585824012756,
    0.44872555136680603,
    0.4575342833995819,
    0.4421220123767853,
    0.4539638161659241,
    0.4727257490158081,
    0.432640016078949,
    0.4190877377986908,
    0.4219520688056946,
    0.41360312700271606,
    0.41847121715545654,
    0.4155970513820648,
    0.4305415153503418,
    0.3942353427410126
  ],
  "critic_loss": [
    0.08086181432008743,
    0.09955423325300217,
    0.10548654943704605,
    0.10970032215118408,
    0.09837022423744202,
    0.10929712653160095,
    0.11126331239938736,
    0.1082945391535759,
    0.10378993302583694,
    0.11061625182628632,
    0.10580501705408096,
    0.10935992002487183,
    0.10456026345491409,
    0.10773959755897522,
    0.10590988397598267,
    0.10947065055370331,
    0.1006401926279068,
    0.10330561548471451,
    0.10291248559951782,
    0.10456717759370804,
    0.10241686552762985,
    0.106151282787323,
    0.09903472661972046,
    0.1043759435415268,
    0.11319664120674133,
    0.09503422677516937,
    0.08906843513250351,
    0.09032119065523148,
    0.08671200275421143,
    0.08902484178543091,
    0.08750756084918976,
    0.09393902868032455,
    0.07948774099349976
  ],
  "entropy_adjusted": [
    7.846044354664627e-06,
    8.940699444792699e-06,
    8.07720425655134e-06,
    1.0575859050732106e-05,
    8.69518771651201e-06,
    9.211529686581343e-06,
    9.566294465912506e-06,
    7.962770723679569e-06,
    8.33620742923813e-06,
    8.610896657046396e-06,
    7.859949619160034e-06,
    9.664253411756363e-06,
    7.80340633355081e-06,
    7.733584425295703e-06,
    7.523997737735044e-06,
    7.226424713735469e-06,
    6.213028427737299e-06,
    6.764846602891339e-06,
    9.539062375552021e-06,
    6.85770874042646e-06,
    6.310242497420404e-06,
    6.489213774329983e-06,
    7.484703019144945e-06,
    6.301347184489714e-06,
    5.5442797020077705e-06,
    6.0126299104013015e-06,
    5.620728188659996e-06,
    4.9569803195481654e-06,
    5.273755505186273e-06,
    5.216218141868012e-06,
    4.81141660202411e-06,
    4.554484348773258e-06,
    3.225204409318394e-06
  ],
  "actor_loss": [
    6.4134301283047535e-06,
    7.429894594679354e-06,
    7.175574410211993e-06,
    1.1711519618984312e-05,
    6.707932243443793e-06,
    8.851938218867872e-06,
    9.64003356784815e-06,
    8.992496987048071e-06,
    7.851640475564636e-06,
    8.584547686041333e-06,
    8.231182619056199e-06,
    9.881986443360802e-06,
    7.945774086692836e-06,
    8.225107194448356e-06,
    7.31469026504783e-06,
    7.547308086941484e-06,
    5.8572677517076954e-06,
    6.7551823121903e-06,
    9.905379556585103e-06,
    6.386805125657702e-06,
    6.525153366965242e-06,
    5.717993644793751e-06,
    8.217206413974054e-06,
    5.7182828641089145e-06,
    6.654512162640458e-06,
    5.346185844246065e-06,
    4.384985913929995e-06,
    3.478449571048259e-06,
    4.218500180286355e-06,
    4.159223408350954e-06,
    4.356765202828683e-06,
    3.697934062074637e-06,
    2.0039237824676093e-06
  ]
}