{
  "global_step": [
    20790,
    20791,
    20792,
    20793,
    20794,
    20795,
    20796,
    20797,
    20798,
    20799,
    20800,
    20801,
    20802,
    20803,
    20804,
    20805,
    20806,
    20807,
    20808,
    20809,
    20810,
    20811,
    20812,
    20813,
    20814,
    20815,
    20816,
    20817,
    20818,
    20819,
    20820,
    20821,
    20822
  ],
  "experience_step": [
    32,
    32,
    32,
    32,
    32,
    32,
    32,
    32,
    32,
    32,
    32,
    32,
    32,
    32,
    32,
    32,
    32,
    32,
    32,
    32,
    32,
    32,
    32,
    32,
    32,
    32,
    32,
    32,
    32,
    32,
    32,
    32,
    8
  ],
  "rewards": [
    0.4423975944519043,
    0.5057525634765625,
    0.5374993681907654,
    0.5492404699325562,
    0.5297132134437561,
    0.5401955246925354,
    0.5502700209617615,
    0.5476763248443604,
    0.5405644774436951,
    0.5460407137870789,
    0.5470720529556274,
    0.5457136034965515,
    0.5480217933654785,
    0.5541946291923523,
    0.5490253567695618,
    0.5474316477775574,
    0.5444216132164001,
    0.5496773719787598,
    0.5535674095153809,
    0.5384450554847717,
    0.5344464182853699,
    0.5454732775688171,
    0.5473889708518982,
    0.5359273552894592,
    0.5492146015167236,
    0.5360214114189148,
    0.5209774374961853,
    0.5256791710853577,
    0.513308048248291,
    0.526338517665863,
    0.5167638659477234,
    0.5039042830467224,
    0.47297292947769165
  ],
  "stockouts": [
    0.017045455053448677,
    0.02244318090379238,
    0.005397727247327566,
    0.004261363763362169,
    0.006534090731292963,
    0.004545454401522875,
    0.0032670453656464815,
    0.0022727272007614374,
    0.0032670453656464815,
    0.002414772752672434,
    0.0018465908942744136,
    0.002698863623663783,
    0.0011363636003807187,
    0.0012784090358763933,
    0.0008522727293893695,
    0.0007102272938936949,
    0.0002840909000951797,
    0.0002840909000951797,
    0.0007102272938936949,
    0.0002840909000951797,
    0.00042613636469468474,
    0.00042613636469468474,
    0.00014204545004758984,
    0.0,
    0.0,
    0.0,
    0.0,
    0.0,
    0.00014204545004758984,
    0.00014204545004758984,
    0.0,
    0.00014204545004758984,
    0.0
  ],
  "waste": [
    0.010565963573753834,
    0.009955213405191898,
    0.01017474289983511,
    0.010166467167437077,
    0.010169479995965958,
    0.010264244861900806,
    0.010288134217262268,
    0.01031066756695509,
    0.010303398594260216,
    0.01026933640241623,
    0.010396188125014305,
    0.010336648672819138,
    0.010395782999694347,
    0.010333752259612083,
    0.010380556806921959,
    0.010571309365332127,
    0.010527226142585278,
    0.01062783319503069,
    0.01043785735964775,
    0.010739904828369617,
    0.010661667212843895,
    0.010656235739588737,
    0.010766313411295414,
    0.010805693455040455,
    0.010693591088056564,
    0.010892782360315323,
    0.011102363467216492,
    0.01104313600808382,
    0.011211526580154896,
    0.011299574747681618,
    0.011139286682009697,
    0.011206697672605515,
    0.011456484906375408
  ],
  "delta": [
    0.2293148785829544,
    0.2986965477466583,
    0.32826101779937744,
    0.33990898728370667,
    0.3194185197353363,
    0.33052968978881836,
    0.3408159911632538,
    0.3383314609527588,
    0.33086854219436646,
    0.3360370397567749,
    0.3369196951389313,
    0.3362044394016266,
    0.3386177718639374,
    0.34393608570098877,
    0.3392232656478882,
    0.33774489164352417,
    0.33459141850471497,
    0.34002578258514404,
    0.34375590085983276,
    0.3283349871635437,
    0.32440102100372314,
    0.3357374668121338,
    0.3369986414909363,
    0.3258378505706787,
    0.3392263650894165,
    0.32580748200416565,
    0.3110520541667938,
    0.3150784969329834,
    0.30335989594459534,
    0.31636202335357666,
    0.30633077025413513,
    0.2935752272605896,
    0.2621062099933624
  ],
  "critic_loss": [
    0.03749437630176544,
    0.05140405148267746,
    0.056258462369441986,
    0.059344422072172165,
    0.05353162810206413,
    0.056091371923685074,
    0.05922224745154381,
    0.05812573432922363,
    0.05594577267765999,
    0.0573822446167469,
    0.05752395838499069,
    0.05746288597583771,
    0.058030519634485245,
    0.0598330944776535,
    0.058136723935604095,
    0.0575844869017601,
    0.056452907621860504,
    0.05832099914550781,
    0.059661705046892166,
    0.054492443799972534,
    0.053172193467617035,
    0.0568319670855999,
    0.0573221854865551,
    0.0536324679851532,
    0.05795632302761078,
    0.05351550877094269,
    0.04889199882745743,
    0.05008838698267937,
    0.046596311032772064,
    0.05051228776574135,
    0.047425322234630585,
    0.04366417974233627,
    0.034872617572546005
  ],
  "entropy_adjusted": [
    8.204837627090455e-07,
    6.352349259941548e-07,
    9.990856142394478e-07,
    1.0192406989517622e-06,
    1.4134873254079139e-06,
    1.0103885870194063e-06,
    1.1955440868405276e-06,
    1.4126768519417965e-06,
    1.032138698064955e-06,
    1.1437997500252095e-06,
    1.1162205737491604e-06,
    1.3832442391503719e-06,
    4.270088709290576e-07,
    1.099964720197022e-06,
    9.457139071855636e-07,
    1.0950109299301403e-06,
    1.02495812370762e-06,
    5.750184755015653e-07,
    1.0111140227309079e-06,
    6.716271059303836e-07,
    5.844958650413901e-07,
    8.421980624007119e-07,
    1.1730724054359598e-06,
    8.625503937764734e-07,
    4.6014821464268607e-07,
    7.322406645471347e-07,
    6.729948722750123e-07,
    6.485184940174804e-07,
    7.645789992238861e-07,
    5.604008492809953e-07,
    5.985573352518259e-07,
    9.505703246759367e-07,
    1.682535526015272e-06
  ],
  "actor_loss": [
    2.6161882260566927e-07,
    3.03921126487694e-07,
    5.817616397507663e-07,
    5.328380439095781e-07,
    7.05543811818643e-07,
    4.959823058925394e-07,
    6.111870334279956e-07,
    8.903930392989423e-07,
    4.937194262311095e-07,
    5.902637099097774e-07,
    6.821273927926086e-07,
    8.0616530340194e-07,
    1.6097968114081596e-07,
    8.769571309130697e-07,
    4.82349093999801e-07,
    8.227253260884027e-07,
    6.874305427118088e-07,
    3.222187672236032e-07,
    5.846144404131337e-07,
    3.2852844356057176e-07,
    2.782964543257549e-07,
    5.598136567641632e-07,
    7.830136610209593e-07,
    5.036410470893316e-07,
    2.2771726548853621e-07,
    3.6988066653975693e-07,
    4.503126547206193e-07,
    2.922257351656299e-07,
    2.43912523956169e-07,
    2.8624717174352554e-07,
    3.154407011152216e-07,
    4.3084907019874663e-07,
    1.0755129551398568e-06
  ]
}