{
  "global_step": [
    11286,
    11287,
    11288,
    11289,
    11290,
    11291,
    11292,
    11293,
    11294,
    11295,
    11296,
    11297,
    11298,
    11299,
    11300,
    11301,
    11302,
    11303,
    11304,
    11305,
    11306,
    11307,
    11308,
    11309,
    11310,
    11311,
    11312,
    11313,
    11314,
    11315,
    11316,
    11317,
    11318
  ],
  "experience_step": [
    32,
    32,
    32,
    32,
    32,
    32,
    32,
    32,
    32,
    32,
    32,
    32,
    32,
    32,
    32,
    32,
    32,
    32,
    32,
    32,
    32,
    32,
    32,
    32,
    32,
    32,
    32,
    32,
    32,
    32,
    32,
    32,
    8
  ],
  "rewards": [
    0.4286314845085144,
    0.5131917595863342,
    0.5310996174812317,
    0.5422282814979553,
    0.5266107320785522,
    0.5347935557365417,
    0.5453389883041382,
    0.5457377433776855,
    0.5453671813011169,
    0.5495731830596924,
    0.5514481067657471,
    0.5454160571098328,
    0.5455813407897949,
    0.542894721031189,
    0.5401058793067932,
    0.5497207641601562,
    0.5423547029495239,
    0.5442668795585632,
    0.5390808582305908,
    0.5365743041038513,
    0.542874276638031,
    0.5451862215995789,
    0.5490282773971558,
    0.5425702929496765,
    0.5427303910255432,
    0.5419759154319763,
    0.5173749327659607,
    0.5299080610275269,
    0.5154926180839539,
    0.5168754458427429,
    0.5150749683380127,
    0.5129235982894897,
    0.49848708510398865
  ],
  "stockouts": [
    0.021164773032069206,
    0.025426136329770088,
    0.008806818164885044,
    0.0062500000931322575,
    0.008664772845804691,
    0.008238635957241058,
    0.003409090917557478,
    0.0029829544946551323,
    0.004545454401522875,
    0.002414772752672434,
    0.0021306818816810846,
    0.003693181788548827,
    0.0021306818816810846,
    0.001988636329770088,
    0.0011363636003807187,
    0.0005681818001903594,
    0.0008522727293893695,
    0.0005681818001903594,
    0.0008522727293893695,
    0.0005681818001903594,
    0.0007102272938936949,
    0.00042613636469468474,
    0.0,
    0.00014204545004758984,
    0.0002840909000951797,
    0.0002840909000951797,
    0.0,
    0.0,
    0.00042613636469468474,
    0.0,
    0.00014204545004758984,
    0.0,
    0.0
  ],
  "waste": [
    0.009499100968241692,
    0.008585876785218716,
    0.00880499742925167,
    0.008894057944417,
    0.008857310749590397,
    0.008849549107253551,
    0.009007916785776615,
    0.009015239775180817,
    0.0089877899736166,
    0.009052212350070477,
    0.009035560302436352,
    0.009014256298542023,
    0.009147445671260357,
    0.009267142042517662,
    0.009315311908721924,
    0.009379327297210693,
    0.009368165396153927,
    0.009425218217074871,
    0.009450535289943218,
    0.009483839385211468,
    0.009476453997194767,
    0.009529286064207554,
    0.009610416367650032,
    0.009511117823421955,
    0.009705335833132267,
    0.00962075311690569,
    0.010065250098705292,
    0.009934886358678341,
    0.009950544685125351,
    0.010030592791736126,
    0.010063756257295609,
    0.010247857309877872,
    0.010510492138564587
  ],
  "delta": [
    0.3074319660663605,
    0.3987125754356384,
    0.4136154055595398,
    0.42474308609962463,
    0.40788760781288147,
    0.4178902506828308,
    0.4278327226638794,
    0.4285711944103241,
    0.4274350106716156,
    0.4311131536960602,
    0.4326949715614319,
    0.42858144640922546,
    0.4275120496749878,
    0.4246268570423126,
    0.42186668515205383,
    0.4316476285457611,
    0.42392057180404663,
    0.4262712001800537,
    0.4208926558494568,
    0.4187009036540985,
    0.4249610900878906,
    0.4274805188179016,
    0.4310418665409088,
    0.42443832755088806,
    0.4248077869415283,
    0.4236219525337219,
    0.39885231852531433,
    0.41126522421836853,
    0.3974578082561493,
    0.39861977100372314,
    0.39643049240112305,
    0.3946698307991028,
    0.3791648745536804
  ],
  "critic_loss": [
    0.06256141513586044,
    0.08683912456035614,
    0.0890311673283577,
    0.09234967827796936,
    0.08651459962129593,
    0.08980699628591537,
    0.09289456903934479,
    0.09311491250991821,
    0.09321528673171997,
    0.09414279460906982,
    0.09473103284835815,
    0.09334664046764374,
    0.09259116649627686,
    0.09119940549135208,
    0.08993510901927948,
    0.09389941394329071,
    0.09067896008491516,
    0.09165377914905548,
    0.08945118635892868,
    0.08847972005605698,
    0.09117721021175385,
    0.09211932122707367,
    0.09354086220264435,
    0.09079191088676453,
    0.09093886613845825,
    0.09042542427778244,
    0.0802498385310173,
    0.08519911020994186,
    0.08000721782445908,
    0.08018006384372711,
    0.0793229416012764,
    0.0785796046257019,
    0.07248838245868683
  ],
  "entropy_adjusted": [
    1.7506407630207832e-06,
    1.858995005932229e-06,
    2.0535269413812784e-06,
    2.7600067369348835e-06,
    2.744508492469322e-06,
    1.778801561158616e-06,
    1.9383226117497543e-06,
    2.4127964479703223e-06,
    1.8176220919485786e-06,
    1.8690550405153772e-06,
    2.01033913072024e-06,
    1.2101940001230105e-06,
    1.654504217185604e-06,
    1.7088910908569233e-06,
    1.6724262650313904e-06,
    2.2200888452061918e-06,
    1.7430808156859712e-06,
    1.6524388684047153e-06,
    1.889777990982111e-06,
    1.6627692502879654e-06,
    1.3609133020509034e-06,
    1.8040894929072238e-06,
    1.2480684290494537e-06,
    1.847574253588391e-06,
    1.6869607861735858e-06,
    1.686332211647823e-06,
    1.062675778484845e-06,
    1.0168593007620075e-06,
    1.1629221035036608e-06,
    8.163630695889879e-07,
    1.4705781268276041e-06,
    1.2938135114382021e-06,
    5.861807608198433e-07
  ],
  "actor_loss": [
    8.798720045888331e-07,
    1.8008898905463866e-06,
    1.8943321720144013e-06,
    2.48359037868795e-06,
    2.7504775061970577e-06,
    1.6411717069786391e-06,
    1.7535279539515614e-06,
    2.3919449176901253e-06,
    1.3991489140607882e-06,
    1.559603674650134e-06,
    2.021222599069006e-06,
    9.317978992839926e-07,
    1.2886839613202028e-06,
    1.5639038792869542e-06,
    1.5496480045840144e-06,
    2.4035350634221686e-06,
    1.5143942846407299e-06,
    1.5440557490364881e-06,
    1.806433488127368e-06,
    1.40617646593455e-06,
    1.509627168161387e-06,
    1.4261893284128746e-06,
    1.1330487268423894e-06,
    1.7781892438506475e-06,
    1.5712166714365594e-06,
    1.6567961438340717e-06,
    7.189574375843222e-07,
    6.769990932298242e-07,
    7.987317189872556e-07,
    4.928976409246388e-07,
    1.0276232842443278e-06,
    8.22605954908795e-07,
    5.113516294841247e-07
  ]
}