{
  "global_step": [
    18282,
    18283,
    18284,
    18285,
    18286,
    18287,
    18288,
    18289,
    18290,
    18291,
    18292,
    18293,
    18294,
    18295,
    18296,
    18297,
    18298,
    18299,
    18300,
    18301,
    18302,
    18303,
    18304,
    18305,
    18306,
    18307,
    18308,
    18309,
    18310,
    18311,
    18312,
    18313,
    18314
  ],
  "experience_step": [
    32,
    32,
    32,
    32,
    32,
    32,
    32,
    32,
    32,
    32,
    32,
    32,
    32,
    32,
    32,
    32,
    32,
    32,
    32,
    32,
    32,
    32,
    32,
    32,
    32,
    32,
    32,
    32,
    32,
    32,
    32,
    32,
    8
  ],
  "rewards": [
    0.4240548014640808,
    0.5103097558021545,
    0.5336719155311584,
    0.5414825677871704,
    0.5347221493721008,
    0.5380877256393433,
    0.5415288209915161,
    0.549814760684967,
    0.5445452928543091,
    0.5504738092422485,
    0.5478641390800476,
    0.5468598008155823,
    0.5478041768074036,
    0.5444844365119934,
    0.5459851026535034,
    0.5484261512756348,
    0.5489925146102905,
    0.5487604141235352,
    0.5418550968170166,
    0.5458492636680603,
    0.5474231839179993,
    0.5526681542396545,
    0.5501633286476135,
    0.5367357730865479,
    0.544584333896637,
    0.5432146191596985,
    0.527611255645752,
    0.5105836987495422,
    0.5191681385040283,
    0.5158605575561523,
    0.5126408934593201,
    0.5101457238197327,
    0.4724971652030945
  ],
  "stockouts": [
    0.023579545319080353,
    0.025852272287011147,
    0.00909090880304575,
    0.00639204541221261,
    0.010369318537414074,
    0.008096590638160706,
    0.003409090917557478,
    0.0031250000465661287,
    0.004403409082442522,
    0.002698863623663783,
    0.002414772752672434,
    0.003693181788548827,
    0.0015625000232830644,
    0.002414772752672434,
    0.000994318164885044,
    0.0005681818001903594,
    0.0008522727293893695,
    0.0008522727293893695,
    0.0012784090358763933,
    0.00042613636469468474,
    0.000994318164885044,
    0.0002840909000951797,
    0.00042613636469468474,
    0.00042613636469468474,
    0.0,
    0.0002840909000951797,
    0.0,
    0.00014204545004758984,
    0.00014204545004758984,
    0.0002840909000951797,
    0.0,
    0.0,
    0.0
  ],
  "waste": [
    0.009331225417554379,
    0.008358568884432316,
    0.008552053943276405,
    0.008546982891857624,
    0.008493911474943161,
    0.008663824759423733,
    0.00880721677094698,
    0.008741357363760471,
    0.008655239827930927,
    0.008762833662331104,
    0.008854222483932972,
    0.008689637295901775,
    0.00893895048648119,
    0.00896893534809351,
    0.00900745764374733,
    0.009069597348570824,
    0.009054244495928288,
    0.008848195895552635,
    0.009105847217142582,
    0.009043686091899872,
    0.008970348164439201,
    0.009108052588999271,
    0.009176700375974178,
    0.009210903197526932,
    0.009130549617111683,
    0.00916247721761465,
    0.009394925087690353,
    0.009537748992443085,
    0.00952353235334158,
    0.009676765650510788,
    0.00959058664739132,
    0.009714462794363499,
    0.010110422037541866
  ],
  "delta": [
    0.23481032252311707,
    0.32769039273262024,
    0.3483089804649353,
    0.356217622756958,
    0.34870895743370056,
    0.3538123369216919,
    0.35606640577316284,
    0.36465293169021606,
    0.3591935634613037,
    0.36507225036621094,
    0.3627322316169739,
    0.3614421486854553,
    0.36173954606056213,
    0.3594517111778259,
    0.36081022024154663,
    0.3628600239753723,
    0.36338070034980774,
    0.36259371042251587,
    0.3561638593673706,
    0.36020493507385254,
    0.3616211712360382,
    0.36740395426750183,
    0.3648817539215088,
    0.3512076735496521,
    0.35901960730552673,
    0.35716211795806885,
    0.34120139479637146,
    0.32496926188468933,
    0.333021342754364,
    0.33030104637145996,
    0.3264431357383728,
    0.3241385817527771,
    0.2866838276386261
  ],
  "critic_loss": [
    0.04184265062212944,
    0.060537971556186676,
    0.06380127370357513,
    0.06545080989599228,
    0.06411492824554443,
    0.06461607664823532,
    0.06462369114160538,
    0.06764877587556839,
    0.06583263725042343,
    0.06774848699569702,
    0.06680833548307419,
    0.06658102571964264,
    0.06626584380865097,
    0.06550886482000351,
    0.06569389253854752,
    0.06636727601289749,
    0.06663201004266739,
    0.06631322205066681,
    0.06415330618619919,
    0.06541924923658371,
    0.06605149060487747,
    0.06803074479103088,
    0.06718867272138596,
    0.06228986755013466,
    0.06505626440048218,
    0.06429585814476013,
    0.058693286031484604,
    0.05332484841346741,
    0.056199029088020325,
    0.055056218057870865,
    0.05391088128089905,
    0.05306023731827736,
    0.042101841419935226
  ],
  "entropy_adjusted": [
    1.100531562769902e-06,
    1.3415800594884786e-06,
    1.8542301631896407e-06,
    9.433691161575553e-07,
    1.5770945083204424e-06,
    1.20844958928501e-06,
    1.96881001102156e-06,
    1.2884728448625538e-06,
    1.5997947002688306e-06,
    9.602156296750763e-07,
    1.5952739431668306e-06,
    7.074263521644752e-07,
    1.3882242910767673e-06,
    1.38230575430498e-06,
    1.1426326409491594e-06,
    1.3438132100418443e-06,
    7.386237825812714e-07,
    1.2321339681875543e-06,
    1.1447776842032908e-06,
    1.1832385098387022e-06,
    1.1857353001687443e-06,
    1.0610090157570085e-06,
    8.555589943171071e-07,
    7.189886446212768e-07,
    1.0657145139703061e-06,
    4.949882850269205e-07,
    6.300728614405671e-07,
    1.4196698430168908e-06,
    5.132876026436861e-07,
    4.193736913293833e-07,
    1.2577385177792166e-06,
    7.326589184231125e-07,
    1.0165219919144874e-06
  ],
  "actor_loss": [
    4.353510405508132e-07,
    8.173943228939606e-07,
    1.2457439879653975e-06,
    5.705455237148271e-07,
    1.0301965858161566e-06,
    9.310064115197747e-07,
    1.3998545682625263e-06,
    1.0059292208097759e-06,
    1.1525563650138793e-06,
    4.308198811031616e-07,
    1.2121114423280233e-06,
    3.2167756103262946e-07,
    9.68398126133252e-07,
    1.1007057310052915e-06,
    8.150026360453921e-07,
    1.1161191650899127e-06,
    4.5751016841677483e-07,
    7.795110263941751e-07,
    9.585485258867266e-07,
    9.429866167920409e-07,
    1.0879281262532459e-06,
    5.879324476154579e-07,
    6.090594411034544e-07,
    2.836847272646992e-07,
    6.565302328453981e-07,
    3.55438430688082e-07,
    3.451546604082978e-07,
    8.447672712463827e-07,
    2.1738318878306018e-07,
    2.642261165419768e-07,
    8.952539474194054e-07,
    3.9088229186745593e-07,
    2.910387593146879e-07
  ]
}