{
  "global_step": [
    9537,
    9538,
    9539,
    9540,
    9541,
    9542,
    9543,
    9544,
    9545,
    9546,
    9547,
    9548,
    9549,
    9550,
    9551,
    9552,
    9553,
    9554,
    9555,
    9556,
    9557,
    9558,
    9559,
    9560,
    9561,
    9562,
    9563,
    9564,
    9565,
    9566,
    9567,
    9568,
    9569
  ],
  "experience_step": [
    32,
    32,
    32,
    32,
    32,
    32,
    32,
    32,
    32,
    32,
    32,
    32,
    32,
    32,
    32,
    32,
    32,
    32,
    32,
    32,
    32,
    32,
    32,
    32,
    32,
    32,
    32,
    32,
    32,
    32,
    32,
    32,
    8
  ],
  "rewards": [
    0.4309695363044739,
    0.5041369199752808,
    0.5299407243728638,
    0.5387568473815918,
    0.5238580703735352,
    0.5322262644767761,
    0.5380920171737671,
    0.5395187139511108,
    0.5375932455062866,
    0.5462427735328674,
    0.5418031811714172,
    0.5413550138473511,
    0.5357900857925415,
    0.5487817525863647,
    0.5339643955230713,
    0.5428247451782227,
    0.5419681072235107,
    0.5444386005401611,
    0.545077383518219,
    0.5374199748039246,
    0.5394286513328552,
    0.5347619652748108,
    0.539296567440033,
    0.5271058678627014,
    0.5439526438713074,
    0.5403469204902649,
    0.49232733249664307,
    0.5139123797416687,
    0.5152202844619751,
    0.5021039247512817,
    0.49019885063171387,
    0.48065781593322754,
    0.4710317552089691
  ],
  "stockouts": [
    0.018323862925171852,
    0.024147726595401764,
    0.006534090731292963,
    0.004545454401522875,
    0.0078125,
    0.005397727247327566,
    0.0031250000465661287,
    0.0028409091755747795,
    0.004119317978620529,
    0.001988636329770088,
    0.0028409091755747795,
    0.0029829544946551323,
    0.0014204545877873898,
    0.0011363636003807187,
    0.0008522727293893695,
    0.0008522727293893695,
    0.0002840909000951797,
    0.0002840909000951797,
    0.0005681818001903594,
    0.00014204545004758984,
    0.0005681818001903594,
    0.00042613636469468474,
    0.00014204545004758984,
    0.0,
    0.0002840909000951797,
    0.0,
    0.0,
    0.0,
    0.0,
    0.0,
    0.00014204545004758984,
    0.0,
    0.0
  ],
  "waste": [
    0.010121917352080345,
    0.009245804511010647,
    0.00967915914952755,
    0.009509366005659103,
    0.009506860747933388,
    0.009564423933625221,
    0.009732007049024105,
    0.009602486155927181,
    0.009688006713986397,
    0.009455063380300999,
    0.009613806381821632,
    0.009689213708043098,
    0.00969335250556469,
    0.009831966832280159,
    0.009830249473452568,
    0.009817615151405334,
    0.009859979152679443,
    0.009852486662566662,
    0.009880203753709793,
    0.009985565207898617,
    0.01006117183715105,
    0.010054451413452625,
    0.010159418918192387,
    0.010150671005249023,
    0.010211890563368797,
    0.010179521515965462,
    0.010573552921414375,
    0.010569618083536625,
    0.010554677806794643,
    0.010696989484131336,
    0.010646382346749306,
    0.011049450375139713,
    0.010952160693705082
  ],
  "delta": [
    0.3264465630054474,
    0.40622374415397644,
    0.42994046211242676,
    0.4380355477333069,
    0.4220197796821594,
    0.4311126470565796,
    0.4384886920452118,
    0.43848270177841187,
    0.4373933672904968,
    0.44495490193367004,
    0.44053685665130615,
    0.44091349840164185,
    0.4354352355003357,
    0.4479023218154907,
    0.4338109791278839,
    0.4425130784511566,
    0.44072258472442627,
    0.4438004791736603,
    0.44485369324684143,
    0.436379611492157,
    0.4383520781993866,
    0.4348568022251129,
    0.438752144575119,
    0.4258291721343994,
    0.4428780972957611,
    0.43988218903541565,
    0.39113178849220276,
    0.4134274423122406,
    0.41437864303588867,
    0.40164273977279663,
    0.3892950713634491,
    0.379647433757782,
    0.37045836448669434
  ],
  "critic_loss": [
    0.06516867130994797,
    0.09036380052566528,
    0.09545383602380753,
    0.09783647209405899,
    0.09252392500638962,
    0.09494240581989288,
    0.09766019135713577,
    0.09755364060401917,
    0.09772661328315735,
    0.1002253070473671,
    0.09852954000234604,
    0.09875382483005524,
    0.09584534168243408,
    0.10120590031147003,
    0.09496883302927017,
    0.09874022752046585,
    0.09782871603965759,
    0.09921306371688843,
    0.09975337982177734,
    0.0959971621632576,
    0.09686047583818436,
    0.0952824056148529,
    0.09691853821277618,
    0.09136998653411865,
    0.09880005568265915,
    0.0974745899438858,
    0.07741354405879974,
    0.08617103099822998,
    0.08664260059595108,
    0.08157975971698761,
    0.07672952860593796,
    0.07293611019849777,
    0.06935375928878784
  ],
  "entropy_adjusted": [
    1.6286006712107337e-06,
    1.7947114656635677e-06,
    2.6765637812786736e-06,
    2.0010600110254018e-06,
    1.9062097180722049e-06,
    2.793170779114007e-06,
    2.613932565509458e-06,
    3.280015334894415e-06,
    2.2405320123652928e-06,
    1.8687015881369007e-06,
    2.511118964321213e-06,
    2.4214025415858487e-06,
    2.5539725356793497e-06,
    1.679202682680625e-06,
    2.1085661501274444e-06,
    2.318882252438925e-06,
    2.629007212817669e-06,
    2.3269039957085624e-06,
    2.403561893515871e-06,
    2.233039822385763e-06,
    1.9444535155344056e-06,
    1.3012298722969717e-06,
    2.0229272195138037e-06,
    1.6652754766255384e-06,
    1.8881062260334147e-06,
    1.8581575886855717e-06,
    1.9987139694421785e-06,
    9.325615906163875e-07,
    1.576965246385953e-06,
    1.4281315543485107e-06,
    1.6479482383147115e-06,
    1.2197730256957584e-06,
    2.494955197107629e-06
  ],
  "actor_loss": [
    1.2695609257207252e-06,
    1.5516442317675683e-06,
    3.1782738005858846e-06,
    2.108979970216751e-06,
    1.9494052594382083e-06,
    2.8893844046251616e-06,
    3.050701025131275e-06,
    3.819310677499743e-06,
    2.049482191068819e-06,
    1.8333853404328693e-06,
    2.8178249067423167e-06,
    2.1549883513216628e-06,
    2.5757021830941085e-06,
    1.6885862805793295e-06,
    1.8696777033255785e-06,
    2.7140126803715248e-06,
    2.4638836748636095e-06,
    2.3232407784234965e-06,
    2.5597332751203794e-06,
    2.234752855656552e-06,
    2.0876598227914656e-06,
    9.735372259456199e-07,
    1.7178914504256682e-06,
    1.4781012396269944e-06,
    1.7298331158599467e-06,
    1.7764232325134799e-06,
    2.1589905827568145e-06,
    5.889642693546193e-07,
    1.2347688880254282e-06,
    1.3923666983828298e-06,
    1.0326427855034126e-06,
    1.1178079830642673e-06,
    2.265603598061716e-06
  ]
}