{
  "global_step": [
    16203,
    16204,
    16205,
    16206,
    16207,
    16208,
    16209,
    16210,
    16211,
    16212,
    16213,
    16214,
    16215,
    16216,
    16217,
    16218,
    16219,
    16220,
    16221,
    16222,
    16223,
    16224,
    16225,
    16226,
    16227,
    16228,
    16229,
    16230,
    16231,
    16232,
    16233,
    16234,
    16235
  ],
  "experience_step": [
    32,
    32,
    32,
    32,
    32,
    32,
    32,
    32,
    32,
    32,
    32,
    32,
    32,
    32,
    32,
    32,
    32,
    32,
    32,
    32,
    32,
    32,
    32,
    32,
    32,
    32,
    32,
    32,
    32,
    32,
    32,
    32,
    8
  ],
  "rewards": [
    0.425231009721756,
    0.5061931014060974,
    0.5317578315734863,
    0.5370296239852905,
    0.5301809906959534,
    0.5378881096839905,
    0.5496121644973755,
    0.5521595478057861,
    0.5375939011573792,
    0.5540750622749329,
    0.5449889898300171,
    0.5466733574867249,
    0.5430034399032593,
    0.5509281754493713,
    0.5416123270988464,
    0.5501258969306946,
    0.5449122786521912,
    0.5435125231742859,
    0.5479242205619812,
    0.5320221781730652,
    0.5345023274421692,
    0.5579774379730225,
    0.5441824197769165,
    0.538084864616394,
    0.5429843068122864,
    0.5360006093978882,
    0.5298393368721008,
    0.5178032517433167,
    0.521581768989563,
    0.5222043395042419,
    0.5195028781890869,
    0.5065265893936157,
    0.498219758272171
  ],
  "stockouts": [
    0.020170453935861588,
    0.024715909734368324,
    0.008380682207643986,
    0.005539772566407919,
    0.0078125,
    0.006676136516034603,
    0.0031250000465661287,
    0.002698863623663783,
    0.004545454401522875,
    0.0022727272007614374,
    0.0031250000465661287,
    0.0029829544946551323,
    0.0014204545877873898,
    0.0018465908942744136,
    0.000994318164885044,
    0.0008522727293893695,
    0.00042613636469468474,
    0.0005681818001903594,
    0.0008522727293893695,
    0.0005681818001903594,
    0.000994318164885044,
    0.00014204545004758984,
    0.00014204545004758984,
    0.0,
    0.0,
    0.00014204545004758984,
    0.00014204545004758984,
    0.0,
    0.00014204545004758984,
    0.0,
    0.0,
    0.0,
    0.0
  ],
  "waste": [
    0.010121889412403107,
    0.009133278392255306,
    0.009333506226539612,
    0.00933199841529131,
    0.009339777752757072,
    0.009376042522490025,
    0.00957422237843275,
    0.00945536233484745,
    0.00946157518774271,
    0.009490257129073143,
    0.00954415462911129,
    0.009526883251965046,
    0.009595075622200966,
    0.009696331806480885,
    0.009760010987520218,
    0.009770558215677738,
    0.009867142885923386,
    0.009897401556372643,
    0.009790977463126183,
    0.009966427460312843,
    0.009927579201757908,
    0.00978194922208786,
    0.009989092126488686,
    0.01015522051602602,
    0.010014395229518414,
    0.010095423087477684,
    0.010349510237574577,
    0.010429474525153637,
    0.010386627167463303,
    0.01043095625936985,
    0.0104216318577528,
    0.010610632598400116,
    0.010754618793725967
  ],
  "delta": [
    0.25632524490356445,
    0.3426200747489929,
    0.3659079074859619,
    0.37155893445014954,
    0.36459967494010925,
    0.3730582594871521,
    0.38478636741638184,
    0.38690102100372314,
    0.37149283289909363,
    0.3884253203868866,
    0.3790302574634552,
    0.38069915771484375,
    0.37701812386512756,
    0.38520678877830505,
    0.37613075971603394,
    0.3842499554157257,
    0.37978655099868774,
    0.3776895999908447,
    0.3825858235359192,
    0.36627301573753357,
    0.3687039315700531,
    0.3919000029563904,
    0.3788242042064667,
    0.3721822500228882,
    0.37780970335006714,
    0.3703247308731079,
    0.36365821957588196,
    0.35185161232948303,
    0.35546261072158813,
    0.35628700256347656,
    0.3542138636112213,
    0.34035733342170715,
    0.3315685987472534
  ],
  "critic_loss": [
    0.046327341347932816,
    0.06555457413196564,
    0.07038386166095734,
    0.07075130194425583,
    0.06908723711967468,
    0.07174497842788696,
    0.07516960054636002,
    0.07611212134361267,
    0.07075931876897812,
    0.07659926265478134,
    0.07311058789491653,
    0.07370004057884216,
    0.07194342464208603,
    0.0750945433974266,
    0.07147940248250961,
    0.0745278000831604,
    0.07272174954414368,
    0.07194685190916061,
    0.07390041649341583,
    0.0677715316414833,
    0.06879501044750214,
    0.077358178794384,
    0.07229414582252502,
    0.06984620541334152,
    0.07194288074970245,
    0.06909260898828506,
    0.06664592772722244,
    0.062424443662166595,
    0.06390589475631714,
    0.06412430852651596,
    0.06346317380666733,
    0.05854620039463043,
    0.05565892904996872
  ],
  "entropy_adjusted": [
    9.898463986246497e-07,
    1.1074452004322666e-06,
    1.0937558272416936e-06,
    1.6130807125591673e-06,
    1.602366523911769e-06,
    9.653192591940751e-07,
    1.7348692153973388e-06,
    1.3541745147449546e-06,
    9.83786321739899e-07,
    1.3151624216334312e-06,
    1.3873170701117488e-06,
    1.4340847656058031e-06,
    1.5710006664448883e-06,
    9.661719104769873e-07,
    1.0249074193779961e-06,
    1.6030771803343669e-06,
    1.02404248991661e-06,
    7.553923637715343e-07,
    1.286400220124051e-06,
    1.2710796681858483e-06,
    1.168357584901969e-06,
    1.3199316981626907e-06,
    1.327117502114561e-06,
    1.108982132791425e-06,
    8.260937534032564e-07,
    8.425641340181755e-07,
    9.178450000035809e-07,
    1.486975520492706e-06,
    7.122760621314228e-07,
    1.1530080428201472e-06,
    1.47259970617597e-06,
    1.1981969691987615e-06,
    9.000820568871859e-07
  ],
  "actor_loss": [
    4.7599439767509466e-07,
    6.784368906664895e-07,
    7.676355266994506e-07,
    1.4590358432542416e-06,
    9.681936035121907e-07,
    7.094991474332346e-07,
    1.1499514585011639e-06,
    9.955311952580814e-07,
    7.108720296855608e-07,
    9.905619435812696e-07,
    1.0961720136037911e-06,
    1.083313804883801e-06,
    1.0730591384344734e-06,
    5.612459972326178e-07,
    6.577063800250471e-07,
    1.2957293620274868e-06,
    6.646667998211342e-07,
    2.7177466677130724e-07,
    1.0948969020319055e-06,
    9.479213076701853e-07,
    9.022621156873356e-07,
    1.1504016583785415e-06,
    1.2481588100854424e-06,
    6.993435022195627e-07,
    5.520801664715691e-07,
    5.488792567120981e-07,
    5.226527264312608e-07,
    8.529491424269509e-07,
    4.829098543268628e-07,
    8.708786936040269e-07,
    1.0239866696792888e-06,
    7.05758225194586e-07,
    3.7187740531408053e-07
  ]
}