{
  "global_step": [
    2277,
    2278,
    2279,
    2280,
    2281,
    2282,
    2283,
    2284,
    2285,
    2286,
    2287,
    2288,
    2289,
    2290,
    2291,
    2292,
    2293,
    2294,
    2295,
    2296,
    2297,
    2298,
    2299,
    2300,
    2301,
    2302,
    2303,
    2304,
    2305,
    2306,
    2307,
    2308,
    2309
  ],
  "experience_step": [
    32,
    32,
    32,
    32,
    32,
    32,
    32,
    32,
    32,
    32,
    32,
    32,
    32,
    32,
    32,
    32,
    32,
    32,
    32,
    32,
    32,
    32,
    32,
    32,
    32,
    32,
    32,
    32,
    32,
    32,
    32,
    32,
    8
  ],
  "rewards": [
    0.36244136095046997,
    0.4255135953426361,
    0.4578753411769867,
    0.4623902142047882,
    0.44951292872428894,
    0.46287649869918823,
    0.47353050112724304,
    0.4516218602657318,
    0.4638502299785614,
    0.46798786520957947,
    0.4724006652832031,
    0.46226176619529724,
    0.47931379079818726,
    0.46667176485061646,
    0.4703997075557709,
    0.4763660132884979,
    0.46211183071136475,
    0.46889808773994446,
    0.4728986620903015,
    0.4751075506210327,
    0.46647748351097107,
    0.45316052436828613,
    0.4636125862598419,
    0.44623348116874695,
    0.4647553861141205,
    0.4530000388622284,
    0.4382837116718292,
    0.45881161093711853,
    0.4447040855884552,
    0.4251047372817993,
    0.4347690939903259,
    0.4185278117656708,
    0.36296504735946655
  ],
  "stockouts": [
    0.026704546064138412,
    0.027698863297700882,
    0.010369318537414074,
    0.0078125,
    0.012642045505344868,
    0.008380682207643986,
    0.006676136516034603,
    0.005823863670229912,
    0.0072443182580173016,
    0.005539772566407919,
    0.004687500186264515,
    0.004545454401522875,
    0.002698863623663783,
    0.0029829544946551323,
    0.0015625000232830644,
    0.001988636329770088,
    0.001988636329770088,
    0.0014204545877873898,
    0.002414772752672434,
    0.001988636329770088,
    0.0018465908942744136,
    0.001704545458778739,
    0.001988636329770088,
    0.0005681818001903594,
    0.0012784090358763933,
    0.0014204545877873898,
    0.0008522727293893695,
    0.0007102272938936949,
    0.0007102272938936949,
    0.0008522727293893695,
    0.0005681818001903594,
    0.00042613636469468474,
    0.0011363636003807187
  ],
  "waste": [
    0.009934704750776291,
    0.009244849905371666,
    0.009516174905002117,
    0.009780514985322952,
    0.009594161063432693,
    0.009766343049705029,
    0.009665683843195438,
    0.00994668249040842,
    0.009720413014292717,
    0.009675196371972561,
    0.009622281417250633,
    0.009941764175891876,
    0.009770847856998444,
    0.00961289182305336,
    0.009757603518664837,
    0.009862891398370266,
    0.009828992187976837,
    0.009760275483131409,
    0.009827256202697754,
    0.009899532422423363,
    0.009849384427070618,
    0.009710710495710373,
    0.009634383954107761,
    0.010129464790225029,
    0.009892217814922333,
    0.009779208339750767,
    0.01005621999502182,
    0.00982379075139761,
    0.0099647780880332,
    0.010192624293267727,
    0.00973525457084179,
    0.010049357078969479,
    0.01079089567065239
  ],
  "delta": [
    0.334101140499115,
    0.40037766098976135,
    0.43004849553108215,
    0.4355953633785248,
    0.42067599296569824,
    0.43468207120895386,
    0.44759616255760193,
    0.42425835132598877,
    0.4368506968021393,
    0.4404343366622925,
    0.4437379240989685,
    0.435305118560791,
    0.45271244645118713,
    0.43940186500549316,
    0.44280627369880676,
    0.44916602969169617,
    0.43330666422843933,
    0.4412158131599426,
    0.4463348984718323,
    0.44776472449302673,
    0.4385964274406433,
    0.42499685287475586,
    0.4359454810619354,
    0.4200570583343506,
    0.43677130341529846,
    0.42436063289642334,
    0.41070935130119324,
    0.43199074268341064,
    0.4168716371059418,
    0.3980397582054138,
    0.4069158434867859,
    0.39136481285095215,
    0.3345499634742737
  ],
  "critic_loss": [
    0.08395222574472427,
    0.09978847205638885,
    0.10274302959442139,
    0.10208325833082199,
    0.10224276781082153,
    0.10284113138914108,
    0.10656692832708359,
    0.0960594192147255,
    0.10261847078800201,
    0.10222680866718292,
    0.10336344689130783,
    0.0999535322189331,
    0.10625830292701721,
    0.10039043426513672,
    0.10101552307605743,
    0.1042027547955513,
    0.09688271582126617,
    0.09980718791484833,
    0.10264627635478973,
    0.10298168659210205,
    0.09928881376981735,
    0.09330029785633087,
    0.09751538187265396,
    0.09027450531721115,
    0.09790482372045517,
    0.09229441732168198,
    0.08647807687520981,
    0.09518840163946152,
    0.08907625079154968,
    0.0810181200504303,
    0.0845884159207344,
    0.07831228524446487,
    0.05811907723546028
  ],
  "entropy_adjusted": [
    1.243938459083438e-05,
    1.322077150689438e-05,
    1.2914466424263082e-05,
    1.1490449651319068e-05,
    1.2663749657804146e-05,
    1.238297681993572e-05,
    1.1588097549974918e-05,
    1.2843888725910801e-05,
    1.0802284123201389e-05,
    1.1360923053871375e-05,
    1.2082484317943454e-05,
    1.0508308150747325e-05,
    1.0219267096545082e-05,
    1.0545381883275695e-05,
    9.886993211694062e-06,
    9.495107406110037e-06,
    1.0724770618253388e-05,
    8.82986296346644e-06,
    9.427472832612693e-06,
    1.1084472134825774e-05,
    9.456111911276821e-06,
    9.979708011087496e-06,
    9.726002645038534e-06,
    8.574235835112631e-06,
    8.940995940065477e-06,
    8.586086551076733e-06,
    8.009897101146635e-06,
    7.684877346036956e-06,
    7.126264790713321e-06,
    7.586364517919719e-06,
    7.807754627719987e-06,
    8.489654646837153e-06,
    1.095843344955938e-05
  ],
  "actor_loss": [
    9.138498171523679e-06,
    1.103202703234274e-05,
    1.3247665265225805e-05,
    1.1012326467607636e-05,
    1.281007189390948e-05,
    1.1654621630441397e-05,
    1.1221868589927908e-05,
    1.2539451745396946e-05,
    9.851789400272537e-06,
    1.1230442396481521e-05,
    1.1717008419509511e-05,
    9.52356458583381e-06,
    9.552296432957519e-06,
    1.0492682122276165e-05,
    9.897109521261882e-06,
    7.758995707263239e-06,
    9.466055416851304e-06,
    8.451180292468052e-06,
    9.152542588708457e-06,
    1.0923315130639821e-05,
    9.14018619369017e-06,
    9.737197615322657e-06,
    8.872536454873625e-06,
    6.622130513278535e-06,
    8.170099135895725e-06,
    7.63805928727379e-06,
    6.340154413919663e-06,
    6.269246114243288e-06,
    6.166259026940679e-06,
    6.06073717790423e-06,
    5.712291567760985e-06,
    6.71251700623543e-06,
    5.827505447086878e-06
  ]
}