{
  "global_step": [
    6765,
    6766,
    6767,
    6768,
    6769,
    6770,
    6771,
    6772,
    6773,
    6774,
    6775,
    6776,
    6777,
    6778,
    6779,
    6780,
    6781,
    6782,
    6783,
    6784,
    6785,
    6786,
    6787,
    6788,
    6789,
    6790,
    6791,
    6792,
    6793,
    6794,
    6795,
    6796,
    6797
  ],
  "experience_step": [
    32,
    32,
    32,
    32,
    32,
    32,
    32,
    32,
    32,
    32,
    32,
    32,
    32,
    32,
    32,
    32,
    32,
    32,
    32,
    32,
    32,
    32,
    32,
    32,
    32,
    32,
    32,
    32,
    32,
    32,
    32,
    32,
    8
  ],
  "rewards": [
    0.4115167558193207,
    0.4948250651359558,
    0.520626425743103,
    0.5316368341445923,
    0.5165639519691467,
    0.5224798917770386,
    0.5286739468574524,
    0.5364052057266235,
    0.5330348610877991,
    0.5450194478034973,
    0.5358673930168152,
    0.5357779264450073,
    0.5343883633613586,
    0.5383176207542419,
    0.5356817841529846,
    0.5340080857276917,
    0.5321853160858154,
    0.5365519523620605,
    0.5360096096992493,
    0.5334256291389465,
    0.5370298624038696,
    0.538550853729248,
    0.5311661958694458,
    0.5136473774909973,
    0.5281885862350464,
    0.538887619972229,
    0.5138605237007141,
    0.5111602544784546,
    0.508632242679596,
    0.48374322056770325,
    0.5087935924530029,
    0.4887371063232422,
    0.46335941553115845
  ],
  "stockouts": [
    0.02400568127632141,
    0.02713068202137947,
    0.010369318537414074,
    0.005539772566407919,
    0.010795454494655132,
    0.008096590638160706,
    0.004687500186264515,
    0.0035511364694684744,
    0.005255681928247213,
    0.0032670453656464815,
    0.0025568180717527866,
    0.004403409082442522,
    0.001988636329770088,
    0.0015625000232830644,
    0.0011363636003807187,
    0.001988636329770088,
    0.0007102272938936949,
    0.0005681818001903594,
    0.0008522727293893695,
    0.0012784090358763933,
    0.0008522727293893695,
    0.00042613636469468474,
    0.00042613636469468474,
    0.0002840909000951797,
    0.0002840909000951797,
    0.0007102272938936949,
    0.0,
    0.0,
    0.0,
    0.00014204545004758984,
    0.00014204545004758984,
    0.0,
    0.0
  ],
  "waste": [
    0.009117545560002327,
    0.008360044099390507,
    0.008498799055814743,
    0.0085017504170537,
    0.008514856919646263,
    0.008617076091468334,
    0.008719105273485184,
    0.008607153780758381,
    0.008663222193717957,
    0.00878914725035429,
    0.008727623149752617,
    0.00876598060131073,
    0.00880863144993782,
    0.008990167640149593,
    0.008868144825100899,
    0.008952693082392216,
    0.008969767950475216,
    0.00910089910030365,
    0.009046576917171478,
    0.009156412445008755,
    0.008973079733550549,
    0.00922569539397955,
    0.009341809898614883,
    0.00936782918870449,
    0.009302342310547829,
    0.00928709376603365,
    0.00962221808731556,
    0.009546946734189987,
    0.00967880617827177,
    0.009912279434502125,
    0.009751304984092712,
    0.009872800670564175,
    0.010144096799194813
  ],
  "delta": [
    0.3352954387664795,
    0.4236462712287903,
    0.44885680079460144,
    0.45893198251724243,
    0.4424373209476471,
    0.44930705428123474,
    0.4553203880786896,
    0.4637165665626526,
    0.459522008895874,
    0.4710880517959595,
    0.4628564417362213,
    0.46255233883857727,
    0.4609745144844055,
    0.4654572606086731,
    0.4621065557003021,
    0.4608965218067169,
    0.45835384726524353,
    0.4625753164291382,
    0.4628947079181671,
    0.45975396037101746,
    0.4637368619441986,
    0.4644092321395874,
    0.45834025740623474,
    0.4401703476905823,
    0.4540877640247345,
    0.4649730324745178,
    0.4401702582836151,
    0.4372679889202118,
    0.43498125672340393,
    0.41009098291397095,
    0.4353659152984619,
    0.41505327820777893,
    0.38935527205467224
  ],
  "critic_loss": [
    0.07337438315153122,
    0.09948334842920303,
    0.10521317273378372,
    0.107683926820755,
    0.10245779156684875,
    0.10419243574142456,
    0.10587882995605469,
    0.10941966623067856,
    0.10795377939939499,
    0.11248412728309631,
    0.10869773477315903,
    0.1092807799577713,
    0.10761933028697968,
    0.10955096781253815,
    0.10782039910554886,
    0.10748352855443954,
    0.10606212913990021,
    0.10790383070707321,
    0.10814180970191956,
    0.10677370429039001,
    0.10845591872930527,
    0.10876002162694931,
    0.10593197494745255,
    0.09771929681301117,
    0.10394883900880814,
    0.10907421261072159,
    0.09766752272844315,
    0.09634771198034286,
    0.09538418054580688,
    0.08504590392112732,
    0.09568537026643753,
    0.0870501920580864,
    0.07664836198091507
  ],
  "entropy_adjusted": [
    3.800301328737987e-06,
    4.5456981752067804e-06,
    4.535233529168181e-06,
    3.2331072361557744e-06,
    4.077500761923147e-06,
    3.717750814757892e-06,
    3.415077344470774e-06,
    4.206918220006628e-06,
    4.2319970816606656e-06,
    2.373304823777289e-06,
    3.2237735467788298e-06,
    4.128050932195038e-06,
    3.383408056834014e-06,
    3.478074631857453e-06,
    2.956573098344961e-06,
    2.9510156309697777e-06,
    2.976282075906056e-06,
    3.207051804565708e-06,
    2.503083578631049e-06,
    3.4679171676543774e-06,
    2.451957925586612e-06,
    1.9160697775078006e-06,
    3.0727921966899885e-06,
    2.4688472421985352e-06,
    3.8063024021539604e-06,
    2.3450083972420543e-06,
    2.5974791242333595e-06,
    2.9612579055537935e-06,
    2.214784672105452e-06,
    2.3985851385077694e-06,
    2.842396725100116e-06,
    1.7363501001455006e-06,
    1.8227023019790067e-06
  ],
  "actor_loss": [
    2.1964310690236744e-06,
    4.3903155528823845e-06,
    5.142665031598881e-06,
    2.2081328552303603e-06,
    3.7088095723447623e-06,
    3.2416835438198177e-06,
    3.1435010896530002e-06,
    4.465239726414438e-06,
    5.116667125548702e-06,
    2.4907674287533155e-06,
    3.3044129850168247e-06,
    4.059832008351805e-06,
    2.9631517008965602e-06,
    4.118056949664606e-06,
    3.0417695597861893e-06,
    2.1756297883257503e-06,
    2.7941584903601324e-06,
    3.2182581435336033e-06,
    2.5286706204497023e-06,
    3.833666141872527e-06,
    2.557447260187473e-06,
    1.67505641002208e-06,
    3.011815351783298e-06,
    2.5197848572133807e-06,
    4.519905814959202e-06,
    2.5102635845541954e-06,
    2.4355408640985843e-06,
    2.913481921495986e-06,
    1.7626975932216737e-06,
    2.1908301732764812e-06,
    2.8991871658945456e-06,
    1.3518568948711618e-06,
    1.4944544091122225e-06
  ]
}