{
  "global_step": [
    12573,
    12574,
    12575,
    12576,
    12577,
    12578,
    12579,
    12580,
    12581,
    12582,
    12583,
    12584,
    12585,
    12586,
    12587,
    12588,
    12589,
    12590,
    12591,
    12592,
    12593,
    12594,
    12595,
    12596,
    12597,
    12598,
    12599,
    12600,
    12601,
    12602,
    12603,
    12604,
    12605
  ],
  "experience_step": [
    32,
    32,
    32,
    32,
    32,
    32,
    32,
    32,
    32,
    32,
    32,
    32,
    32,
    32,
    32,
    32,
    32,
    32,
    32,
    32,
    32,
    32,
    32,
    32,
    32,
    32,
    32,
    32,
    32,
    32,
    32,
    32,
    8
  ],
  "rewards": [
    0.42836281657218933,
    0.5092366337776184,
    0.541061520576477,
    0.5431574583053589,
    0.5283687710762024,
    0.5317897200584412,
    0.5443993210792542,
    0.5437121987342834,
    0.5398474931716919,
    0.5442751049995422,
    0.5407674908638,
    0.5457912683486938,
    0.5451794862747192,
    0.5461640357971191,
    0.5431056618690491,
    0.5457555055618286,
    0.5376509428024292,
    0.5406010150909424,
    0.5482858419418335,
    0.543397843837738,
    0.5385265350341797,
    0.5422114133834839,
    0.5456652641296387,
    0.5406628251075745,
    0.5452387928962708,
    0.536083996295929,
    0.517272412776947,
    0.5168161988258362,
    0.5004076957702637,
    0.5223199129104614,
    0.5228195786476135,
    0.5129870176315308,
    0.48228564858436584
  ],
  "stockouts": [
    0.018607955425977707,
    0.02187499962747097,
    0.005539772566407919,
    0.004545454401522875,
    0.006818181835114956,
    0.005113636143505573,
    0.0029829544946551323,
    0.0025568180717527866,
    0.003693181788548827,
    0.0022727272007614374,
    0.001988636329770088,
    0.002698863623663783,
    0.000994318164885044,
    0.0015625000232830644,
    0.0008522727293893695,
    0.0007102272938936949,
    0.0002840909000951797,
    0.00042613636469468474,
    0.0008522727293893695,
    0.00042613636469468474,
    0.00042613636469468474,
    0.0002840909000951797,
    0.00042613636469468474,
    0.0,
    0.0002840909000951797,
    0.0,
    0.0,
    0.0,
    0.0,
    0.0002840909000951797,
    0.0,
    0.0,
    0.0
  ],
  "waste": [
    0.010667417198419571,
    0.009731721132993698,
    0.01008013915270567,
    0.010058782994747162,
    0.009964069351553917,
    0.01017964631319046,
    0.01024605706334114,
    0.010226866230368614,
    0.010074763558804989,
    0.010089841671288013,
    0.010125353001058102,
    0.010135403834283352,
    0.010179241187870502,
    0.010137312114238739,
    0.010236263275146484,
    0.010271893814206123,
    0.01041937805712223,
    0.010319285094738007,
    0.010231162421405315,
    0.010174090974032879,
    0.010319028049707413,
    0.010277066379785538,
    0.01035503949970007,
    0.010484978556632996,
    0.010400321334600449,
    0.010548196732997894,
    0.01066545769572258,
    0.010731560178101063,
    0.010850595310330391,
    0.010700726881623268,
    0.010781719349324703,
    0.010797667317092419,
    0.011285590007901192
  ],
  "delta": [
    0.2944287359714508,
    0.3824125826358795,
    0.4113098084926605,
    0.4132862389087677,
    0.39766353368759155,
    0.4021778702735901,
    0.4142628610134125,
    0.41374871134757996,
    0.4090811610221863,
    0.4135335683822632,
    0.41023072600364685,
    0.4157479703426361,
    0.4142828583717346,
    0.4162359833717346,
    0.4127648174762726,
    0.41565176844596863,
    0.4075717628002167,
    0.40980565547943115,
    0.4179961383342743,
    0.41268298029899597,
    0.4080161154270172,
    0.41127973794937134,
    0.41550740599632263,
    0.4102639853954315,
    0.41474393010139465,
    0.4056365191936493,
    0.3867282569408417,
    0.3866609036922455,
    0.3693275451660156,
    0.3912327289581299,
    0.39215177297592163,
    0.38245129585266113,
    0.3526325821876526
  ],
  "critic_loss": [
    0.05594262480735779,
    0.0798848494887352,
    0.08725053071975708,
    0.08715734630823135,
    0.08188749849796295,
    0.08285915851593018,
    0.08706270903348923,
    0.08676277846097946,
    0.0853365957736969,
    0.08665642887353897,
    0.08528593182563782,
    0.08767073601484299,
    0.08677222579717636,
    0.0875217616558075,
    0.08598527312278748,
    0.08711700141429901,
    0.08372195810079575,
    0.08467580378055573,
    0.08818402141332626,
    0.08583412319421768,
    0.0839533880352974,
    0.08536598086357117,
    0.0870233029127121,
    0.08494323492050171,
    0.08677313476800919,
    0.08282312750816345,
    0.07558766007423401,
    0.07537776976823807,
    0.06938248872756958,
    0.07721412181854248,
    0.07749472558498383,
    0.07376634329557419,
    0.06293078511953354
  ],
  "entropy_adjusted": [
    1.649792693569907e-06,
    1.2930420325574232e-06,
    1.510773131485621e-06,
    2.1941616523690755e-06,
    2.1788837329950184e-06,
    2.6252600946463645e-06,
    2.3971847440407146e-06,
    1.860990437307919e-06,
    1.6794882640169817e-06,
    1.6522216128578293e-06,
    2.272863866892294e-06,
    1.4849592844257131e-06,
    2.0156981008767616e-06,
    1.2192214171591331e-06,
    8.824001156426675e-07,
    2.0681600290117785e-06,
    1.654287302699231e-06,
    1.270720417778648e-06,
    1.3258606941235485e-06,
    1.5658491747672088e-06,
    9.416685884389153e-07,
    9.1246005240464e-07,
    1.5240265156535315e-06,
    1.6291255633404944e-06,
    7.848105951779871e-07,
    9.405770811099501e-07,
    1.4415763871511444e-06,
    1.0825805247804965e-06,
    7.355351385740505e-07,
    9.370388056595402e-07,
    9.468329835726763e-07,
    1.184625830319419e-06,
    5.359639771995717e-07
  ],
  "actor_loss": [
    1.426006633664656e-06,
    5.565294145526423e-07,
    1.4415695659408811e-06,
    2.162144710382563e-06,
    1.9583094399422407e-06,
    2.470826302669593e-06,
    2.2152091787575046e-06,
    2.035967099800473e-06,
    1.0433431043566088e-06,
    1.4330187241284875e-06,
    1.9028924498343258e-06,
    1.3862006653653225e-06,
    1.9766728200920625e-06,
    9.43646909945528e-07,
    3.885100170464284e-07,
    1.856354060691956e-06,
    1.4953861864341889e-06,
    1.0025429446613998e-06,
    1.0092087450175313e-06,
    1.5404623354697833e-06,
    6.891564794386795e-07,
    7.438437705786782e-07,
    1.2285145203350112e-06,
    1.3143683190719457e-06,
    8.089967309388157e-07,
    9.42397264225292e-07,
    1.0378686283729621e-06,
    8.934525226322876e-07,
    5.187372380532906e-07,
    4.7599888830518466e-07,
    5.464791570375382e-07,
    8.525424846084206e-07,
    1.2731447895930614e-07
  ]
}