{
  "global_step": [
    16434,
    16435,
    16436,
    16437,
    16438,
    16439,
    16440,
    16441,
    16442,
    16443,
    16444,
    16445,
    16446,
    16447,
    16448,
    16449,
    16450,
    16451,
    16452,
    16453,
    16454,
    16455,
    16456,
    16457,
    16458,
    16459,
    16460,
    16461,
    16462,
    16463,
    16464,
    16465,
    16466
  ],
  "experience_step": [
    32,
    32,
    32,
    32,
    32,
    32,
    32,
    32,
    32,
    32,
    32,
    32,
    32,
    32,
    32,
    32,
    32,
    32,
    32,
    32,
    32,
    32,
    32,
    32,
    32,
    32,
    32,
    32,
    32,
    32,
    32,
    32,
    8
  ],
  "rewards": [
    0.4317947328090668,
    0.5129586458206177,
    0.5391822457313538,
    0.5441470742225647,
    0.5280532240867615,
    0.5391281843185425,
    0.5491978526115417,
    0.5519450306892395,
    0.5409610271453857,
    0.5528689026832581,
    0.5539067983627319,
    0.543867826461792,
    0.5457389950752258,
    0.550596296787262,
    0.5430038571357727,
    0.5462040305137634,
    0.5407594442367554,
    0.5481516122817993,
    0.5520049929618835,
    0.5372135043144226,
    0.5354142785072327,
    0.550044596195221,
    0.5473926663398743,
    0.5435807108879089,
    0.5473243594169617,
    0.5302411317825317,
    0.5189157724380493,
    0.5217351913452148,
    0.5082672834396362,
    0.5156492590904236,
    0.5245368480682373,
    0.5207591652870178,
    0.49861258268356323
  ],
  "stockouts": [
    0.020170453935861588,
    0.023153409361839294,
    0.0062500000931322575,
    0.005539772566407919,
    0.007954545319080353,
    0.005965908989310265,
    0.0025568180717527866,
    0.001988636329770088,
    0.003977272659540176,
    0.0018465908942744136,
    0.002414772752672434,
    0.0028409091755747795,
    0.0018465908942744136,
    0.0014204545877873898,
    0.0008522727293893695,
    0.0005681818001903594,
    0.0007102272938936949,
    0.0002840909000951797,
    0.000994318164885044,
    0.00042613636469468474,
    0.0005681818001903594,
    0.0002840909000951797,
    0.00042613636469468474,
    0.00014204545004758984,
    0.00014204545004758984,
    0.00014204545004758984,
    0.00014204545004758984,
    0.0,
    0.00014204545004758984,
    0.0,
    0.0,
    0.0,
    0.0
  ],
  "waste": [
    0.010271869599819183,
    0.009385140612721443,
    0.009710671380162239,
    0.009583323262631893,
    0.009448614902794361,
    0.009616507217288017,
    0.00968929659575224,
    0.009663109667599201,
    0.009695693850517273,
    0.009656732901930809,
    0.009711058810353279,
    0.009827936068177223,
    0.009933291003108025,
    0.009850475005805492,
    0.009945463389158249,
    0.010028011165559292,
    0.010098723694682121,
    0.010149911046028137,
    0.009877580218017101,
    0.010164313949644566,
    0.010230977088212967,
    0.010002322494983673,
    0.010041778907179832,
    0.010150742717087269,
    0.010141641832888126,
    0.010196003131568432,
    0.010513676330447197,
    0.010463090613484383,
    0.01069589052349329,
    0.010713635012507439,
    0.010458925738930702,
    0.01053835079073906,
    0.01094735972583294
  ],
  "delta": [
    0.25985822081565857,
    0.34888508915901184,
    0.37235352396965027,
    0.37656036019325256,
    0.35946211218833923,
    0.37196773290634155,
    0.3813011944293976,
    0.38439175486564636,
    0.3724204897880554,
    0.3849981725215912,
    0.38642778992652893,
    0.3760722875595093,
    0.37829145789146423,
    0.38230061531066895,
    0.3752610385417938,
    0.3786977231502533,
    0.3728315830230713,
    0.3804834187030792,
    0.3841192424297333,
    0.3690749406814575,
    0.3671599328517914,
    0.3817998766899109,
    0.3790586292743683,
    0.3754849433898926,
    0.37910497188568115,
    0.3626958727836609,
    0.3501977324485779,
    0.3535248637199402,
    0.3397192656993866,
    0.34752556681632996,
    0.3566214144229889,
    0.352479487657547,
    0.3305267095565796
  ],
  "critic_loss": [
    0.04564966633915901,
    0.06712977588176727,
    0.07188217341899872,
    0.07270397245883942,
    0.06769337505102158,
    0.07103511691093445,
    0.07374884933233261,
    0.07483076304197311,
    0.07090623676776886,
    0.07514594495296478,
    0.07568524032831192,
    0.07193724811077118,
    0.07246159017086029,
    0.0738740935921669,
    0.07109669595956802,
    0.07235430926084518,
    0.07019772380590439,
    0.07291083037853241,
    0.07456942647695541,
    0.0687096118927002,
    0.06812549382448196,
    0.07345227152109146,
    0.07248219847679138,
    0.07107717543840408,
    0.07246396690607071,
    0.06638436019420624,
    0.06194620579481125,
    0.06307358294725418,
    0.058351412415504456,
    0.061157748103141785,
    0.06418290734291077,
    0.06268804520368576,
    0.0555465929210186
  ],
  "entropy_adjusted": [
    8.770263661972422e-07,
    1.3028093235334381e-06,
    1.5165728655119892e-06,
    1.5588749420203385e-06,
    1.7189742038681288e-06,
    1.7614438547752798e-06,
    1.0571170605544467e-06,
    1.1497082823552773e-06,
    1.2945203025083174e-06,
    8.708635732546099e-07,
    8.730102081244695e-07,
    1.3926129440733348e-06,
    1.3187091099098325e-06,
    1.5860061921557644e-06,
    1.769017217156943e-06,
    1.6847037613842986e-06,
    8.89643388291006e-07,
    1.5372587540696259e-06,
    1.0712568609960726e-06,
    1.3993602578921127e-06,
    1.176101250166539e-06,
    1.5075835335665033e-06,
    8.711248256076942e-07,
    1.0872878419831977e-06,
    1.5990336805771221e-06,
    7.763848088870873e-07,
    8.54203221933858e-07,
    7.95087544247508e-07,
    9.6439191565878e-07,
    7.727127240286791e-07,
    8.225093210967316e-07,
    5.613607640952978e-07,
    7.921964311208285e-07
  ],
  "actor_loss": [
    3.3694428225317097e-07,
    1.3299019201440387e-06,
    1.1484225979074836e-06,
    9.68110157373303e-07,
    1.2499466492954525e-06,
    1.2705943390756147e-06,
    5.7048350754485e-07,
    7.636141390321427e-07,
    9.583530982126831e-07,
    6.272294967857306e-07,
    7.310471232813143e-07,
    9.502755347057246e-07,
    9.638719120630412e-07,
    1.3018742492931779e-06,
    1.111378537643759e-06,
    1.4864574495732086e-06,
    4.565834501590871e-07,
    1.6375830682591186e-06,
    8.307887924274837e-07,
    9.821094408835052e-07,
    7.517107860621763e-07,
    1.5919373481665389e-06,
    6.704491966047499e-07,
    8.100601576188637e-07,
    1.387385964335408e-06,
    3.6692932781079435e-07,
    5.064693482381699e-07,
    5.198025974095799e-07,
    8.433970037913241e-07,
    5.468626227411733e-07,
    6.486487791335094e-07,
    3.2028910368353536e-07,
    2.2341235705880536e-07
  ]
}