{
  "global_step": [
    3762,
    3763,
    3764,
    3765,
    3766,
    3767,
    3768,
    3769,
    3770,
    3771,
    3772,
    3773,
    3774,
    3775,
    3776,
    3777,
    3778,
    3779,
    3780,
    3781,
    3782,
    3783,
    3784,
    3785,
    3786,
    3787,
    3788,
    3789,
    3790,
    3791,
    3792,
    3793,
    3794
  ],
  "experience_step": [
    32,
    32,
    32,
    32,
    32,
    32,
    32,
    32,
    32,
    32,
    32,
    32,
    32,
    32,
    32,
    32,
    32,
    32,
    32,
    32,
    32,
    32,
    32,
    32,
    32,
    32,
    32,
    32,
    32,
    32,
    32,
    32,
    8
  ],
  "rewards": [
    0.392948716878891,
    0.4698384702205658,
    0.48704126477241516,
    0.5079171061515808,
    0.48667097091674805,
    0.5024142861366272,
    0.507060170173645,
    0.5062406659126282,
    0.5033901333808899,
    0.50046306848526,
    0.5140630006790161,
    0.5018736124038696,
    0.5046286582946777,
    0.5030981302261353,
    0.5162349939346313,
    0.5112394690513611,
    0.4970787465572357,
    0.5107346773147583,
    0.5069324970245361,
    0.5136013627052307,
    0.4877487123012543,
    0.4981144666671753,
    0.4988624155521393,
    0.4948655664920807,
    0.5165215134620667,
    0.47882601618766785,
    0.4657440781593323,
    0.47113266587257385,
    0.4672953486442566,
    0.46718645095825195,
    0.4708475172519684,
    0.4544105529785156,
    0.453508198261261
  ],
  "stockouts": [
    0.020028408616781235,
    0.023295454680919647,
    0.008238635957241058,
    0.005113636143505573,
    0.0078125,
    0.006107954774051905,
    0.004687500186264515,
    0.0029829544946551323,
    0.004403409082442522,
    0.0029829544946551323,
    0.0028409091755747795,
    0.0038352273404598236,
    0.001704545458778739,
    0.0014204545877873898,
    0.001704545458778739,
    0.0005681818001903594,
    0.0008522727293893695,
    0.0005681818001903594,
    0.0008522727293893695,
    0.0008522727293893695,
    0.0002840909000951797,
    0.000994318164885044,
    0.0005681818001903594,
    0.00014204545004758984,
    0.0005681818001903594,
    0.0002840909000951797,
    0.0,
    0.0,
    0.0,
    0.00014204545004758984,
    0.00014204545004758984,
    0.00014204545004758984,
    0.0
  ],
  "waste": [
    0.010536391288042068,
    0.00972861610352993,
    0.009921012446284294,
    0.010108519345521927,
    0.009914458729326725,
    0.01009049266576767,
    0.010036177933216095,
    0.010152367874979973,
    0.009908723644912243,
    0.01011167373508215,
    0.009947869926691055,
    0.010169647634029388,
    0.010148533619940281,
    0.010310516692698002,
    0.01025569997727871,
    0.010195103473961353,
    0.010095524601638317,
    0.010212114080786705,
    0.010273285210132599,
    0.010151784867048264,
    0.010307187214493752,
    0.010214855894446373,
    0.010175546631217003,
    0.010502684861421585,
    0.010265466757118702,
    0.01050604972988367,
    0.010741274803876877,
    0.010563702322542667,
    0.010497651994228363,
    0.01062575913965702,
    0.010513166896998882,
    0.010640302672982216,
    0.010900327935814857
  ],
  "delta": [
    0.3501392602920532,
    0.42866459488868713,
    0.4445861876010895,
    0.4659149646759033,
    0.44178324937820435,
    0.4596766531467438,
    0.4641520082950592,
    0.4633912444114685,
    0.45990315079689026,
    0.4578699767589569,
    0.4705665111541748,
    0.4589401185512543,
    0.46211081743240356,
    0.460269033908844,
    0.4734455943107605,
    0.4675765037536621,
    0.45330336689949036,
    0.467410683631897,
    0.4647694528102875,
    0.47055989503860474,
    0.44433844089508057,
    0.454713374376297,
    0.4549417793750763,
    0.4517717659473419,
    0.4727804660797119,
    0.43546977639198303,
    0.42284780740737915,
    0.4283863306045532,
    0.4231169819831848,
    0.42372527718544006,
    0.42751193046569824,
    0.41106826066970825,
    0.41015732288360596
  ],
  "critic_loss": [
    0.08104126900434494,
    0.10481244325637817,
    0.10495014488697052,
    0.11195236444473267,
    0.10320445150136948,
    0.10984490066766739,
    0.11072386056184769,
    0.10967861860990524,
    0.10891959816217422,
    0.10704804956912994,
    0.1128459945321083,
    0.10786350071430206,
    0.10851685702800751,
    0.10752346366643906,
    0.1136571541428566,
    0.11060569435358047,
    0.10399362444877625,
    0.11030783504247665,
    0.10930991917848587,
    0.11200122535228729,
    0.10008148849010468,
    0.10483897477388382,
    0.10461170971393585,
    0.10307206958532333,
    0.11283959448337555,
    0.0958239734172821,
    0.09065969288349152,
    0.09288410097360611,
    0.09050887078046799,
    0.09105585515499115,
    0.09248657524585724,
    0.08580726385116577,
    0.08494450151920319
  ],
  "entropy_adjusted": [
    6.772956112399697e-06,
    7.04337526258314e-06,
    6.8295944402052555e-06,
    6.399248832167359e-06,
    5.364272055885522e-06,
    7.051580723782536e-06,
    8.430150046478957e-06,
    6.0865759223815985e-06,
    8.13677252153866e-06,
    6.4309210756618995e-06,
    7.747425115667284e-06,
    6.422904789360473e-06,
    7.150187684601406e-06,
    5.466950369736878e-06,
    6.148613010736881e-06,
    6.16243232798297e-06,
    6.395223408617312e-06,
    4.7031389840412885e-06,
    5.529390818992397e-06,
    5.215003966441145e-06,
    5.803050044050906e-06,
    5.849010449310299e-06,
    5.883377525606193e-06,
    5.216061254031956e-06,
    4.888115199719323e-06,
    4.261712092556991e-06,
    4.131305104237981e-06,
    4.342372903920477e-06,
    3.892899712809594e-06,
    3.6484057091001887e-06,
    4.313151293899864e-06,
    4.141616500419332e-06,
    2.966106421808945e-06
  ],
  "actor_loss": [
    4.270777480996912e-06,
    7.1144368121167645e-06,
    7.012560672592372e-06,
    6.08478103458765e-06,
    3.917859885405051e-06,
    6.522471267089713e-06,
    9.6156927611446e-06,
    6.582221431017388e-06,
    9.540435712551698e-06,
    6.874315204186132e-06,
    8.208761755668093e-06,
    6.439737717300886e-06,
    7.949897735670675e-06,
    5.4354832172975875e-06,
    6.728397693223087e-06,
    6.5885546973731834e-06,
    5.47394347449881e-06,
    4.836565494770184e-06,
    5.80808955419343e-06,
    5.649830200127326e-06,
    6.108150955697056e-06,
    5.9103422245243564e-06,
    5.809822596347658e-06,
    5.102552222524537e-06,
    4.592186542140553e-06,
    4.521419668890303e-06,
    3.362144525453914e-06,
    3.3322678518743487e-06,
    2.938854322565021e-06,
    3.0209400847525103e-06,
    4.213196007185616e-06,
    3.4338982004555874e-06,
    2.700793629628606e-06
  ]
}