{
  "global_step": [
    4851,
    4852,
    4853,
    4854,
    4855,
    4856,
    4857,
    4858,
    4859,
    4860,
    4861,
    4862,
    4863,
    4864,
    4865,
    4866,
    4867,
    4868,
    4869,
    4870,
    4871,
    4872,
    4873,
    4874,
    4875,
    4876,
    4877,
    4878,
    4879,
    4880,
    4881,
    4882,
    4883
  ],
  "experience_step": [
    32,
    32,
    32,
    32,
    32,
    32,
    32,
    32,
    32,
    32,
    32,
    32,
    32,
    32,
    32,
    32,
    32,
    32,
    32,
    32,
    32,
    32,
    32,
    32,
    32,
    32,
    32,
    32,
    32,
    32,
    32,
    32,
    8
  ],
  "rewards": [
    0.40767398476600647,
    0.48546087741851807,
    0.506942868232727,
    0.5197773575782776,
    0.5109349489212036,
    0.5246049165725708,
    0.5176584124565125,
    0.5147200226783752,
    0.5124804377555847,
    0.5279887318611145,
    0.5201107859611511,
    0.5264607667922974,
    0.5225549936294556,
    0.5221562385559082,
    0.5188384056091309,
    0.5239879488945007,
    0.5217833518981934,
    0.510624349117279,
    0.5155696868896484,
    0.5163053274154663,
    0.5059027075767517,
    0.5261936783790588,
    0.5160219073295593,
    0.5087383389472961,
    0.5091009140014648,
    0.49949881434440613,
    0.48114410042762756,
    0.4916675090789795,
    0.48951706290245056,
    0.4892922043800354,
    0.48606276512145996,
    0.47123780846595764,
    0.4516611397266388
  ],
  "stockouts": [
    0.019886363297700882,
    0.024857955053448677,
    0.008380682207643986,
    0.005255681928247213,
    0.008238635957241058,
    0.005113636143505573,
    0.0035511364694684744,
    0.003409090917557478,
    0.004119317978620529,
    0.002698863623663783,
    0.0025568180717527866,
    0.003409090917557478,
    0.0018465908942744136,
    0.0011363636003807187,
    0.0008522727293893695,
    0.0008522727293893695,
    0.0005681818001903594,
    0.0008522727293893695,
    0.0008522727293893695,
    0.0002840909000951797,
    0.00042613636469468474,
    0.0002840909000951797,
    0.0005681818001903594,
    0.0,
    0.00014204545004758984,
    0.00014204545004758984,
    0.0002840909000951797,
    0.00014204545004758984,
    0.0,
    0.0,
    0.00014204545004758984,
    0.0,
    0.0
  ],
  "waste": [
    0.010186612606048584,
    0.0092249047011137,
    0.009496992453932762,
    0.009548201225697994,
    0.009551167488098145,
    0.009605753235518932,
    0.009734558872878551,
    0.00980985164642334,
    0.009725437499582767,
    0.009807825088500977,
    0.009871476329863071,
    0.009828489273786545,
    0.009980132803320885,
    0.009984808973968029,
    0.010170547291636467,
    0.01009447779506445,
    0.010104469023644924,
    0.01019537914544344,
    0.010301490314304829,
    0.010260146111249924,
    0.010384010151028633,
    0.010160638950765133,
    0.010346432216465473,
    0.01036635972559452,
    0.010322869755327702,
    0.010420532897114754,
    0.010731806978583336,
    0.010618641041219234,
    0.010728669352829456,
    0.0109070660546422,
    0.010830502025783062,
    0.010874330066144466,
    0.011431912891566753
  ],
  "delta": [
    0.353110134601593,
    0.43336549401283264,
    0.4535849094390869,
    0.46635809540748596,
    0.45616641640663147,
    0.47085142135620117,
    0.46457451581954956,
    0.45972201228141785,
    0.4586288332939148,
    0.4735778570175171,
    0.4661601781845093,
    0.47326892614364624,
    0.46756571531295776,
    0.4685129225254059,
    0.46447083353996277,
    0.4690265357494354,
    0.4671235978603363,
    0.4564443528652191,
    0.46148765087127686,
    0.4620448648929596,
    0.451904296875,
    0.4719121754169464,
    0.46124306321144104,
    0.45495831966400146,
    0.45523497462272644,
    0.44457322359085083,
    0.4269377887248993,
    0.4378839433193207,
    0.43471404910087585,
    0.43503883481025696,
    0.4318961203098297,
    0.41627439856529236,
    0.396775484085083
  ],
  "critic_loss": [
    0.07978112995624542,
    0.10678104311227798,
    0.10815685987472534,
    0.1115347221493721,
    0.10864841938018799,
    0.11390650272369385,
    0.10986976325511932,
    0.1077394038438797,
    0.10787572711706161,
    0.11404351145029068,
    0.1105097234249115,
    0.1143515333533287,
    0.11076538264751434,
    0.11098463088274002,
    0.10899123549461365,
    0.11116133630275726,
    0.11006519943475723,
    0.10526556521654129,
    0.1077953428030014,
    0.10782155394554138,
    0.10319432616233826,
    0.11225125938653946,
    0.10741308331489563,
    0.10427401959896088,
    0.10452298074960709,
    0.09973303973674774,
    0.0921892374753952,
    0.09690943360328674,
    0.09545136988162994,
    0.09552395343780518,
    0.09418424963951111,
    0.08752255886793137,
    0.07938729971647263
  ],
  "entropy_adjusted": [
    4.715207978733815e-06,
    4.742436431115493e-06,
    5.66158496440039e-06,
    5.596962182607967e-06,
    4.488278591452399e-06,
    4.868873020313913e-06,
    4.439939402800519e-06,
    5.068406153441174e-06,
    6.260734153329395e-06,
    4.4891748984809965e-06,
    4.893326149613131e-06,
    4.28136945629376e-06,
    4.514890406426275e-06,
    4.586938302963972e-06,
    4.596990947902668e-06,
    5.0238609219377395e-06,
    4.408560926094651e-06,
    3.948297035094583e-06,
    4.010015345556894e-06,
    4.3930713218287565e-06,
    4.128160526306601e-06,
    4.298715793993324e-06,
    2.9276411623868626e-06,
    3.987820491602179e-06,
    3.674397476061131e-06,
    3.672069624371943e-06,
    4.3735331018979196e-06,
    3.6974622616980923e-06,
    3.108299097220879e-06,
    3.119422672170913e-06,
    3.5101838875561953e-06,
    2.984127149829874e-06,
    2.0731997665279778e-06
  ],
  "actor_loss": [
    4.2546512304397766e-06,
    4.460785476112505e-06,
    5.42275211046217e-06,
    6.131181635282701e-06,
    4.054758846905315e-06,
    5.245321062830044e-06,
    4.385527518024901e-06,
    4.578627795126522e-06,
    6.502989435830386e-06,
    5.8047094171342906e-06,
    5.19109607921564e-06,
    3.8008431602065684e-06,
    3.971553724113619e-06,
    5.284566668706248e-06,
    4.4695207179756835e-06,
    5.998754659231054e-06,
    4.574345439323224e-06,
    3.8909242903173435e-06,
    4.711707788374042e-06,
    3.858456238958752e-06,
    4.014915703010047e-06,
    4.415739567775745e-06,
    3.1450590540771373e-06,
    4.570400506054284e-06,
    3.3489095585537143e-06,
    3.5861610285792267e-06,
    4.121892743569333e-06,
    3.729560830834089e-06,
    3.518270432323334e-06,
    3.0260639505286235e-06,
    3.550703240762232e-06,
    2.469419541739626e-06,
    1.7542392924951855e-06
  ]
}