{
  "global_step": [
    99,
    100,
    101,
    102,
    103,
    104,
    105,
    106,
    107,
    108,
    109,
    110,
    111,
    112,
    113,
    114,
    115,
    116,
    117,
    118,
    119,
    120,
    121,
    122,
    123,
    124,
    125,
    126,
    127,
    128,
    129,
    130,
    131
  ],
  "experience_step": [
    32,
    32,
    32,
    32,
    32,
    32,
    32,
    32,
    32,
    32,
    32,
    32,
    32,
    32,
    32,
    32,
    32,
    32,
    32,
    32,
    32,
    32,
    32,
    32,
    32,
    32,
    32,
    32,
    32,
    32,
    32,
    32,
    8
  ],
  "rewards": [
    0.2175382375717163,
    0.28299781680107117,
    0.29890456795692444,
    0.3032624423503876,
    0.2819318175315857,
    0.29415974020957947,
    0.3240121304988861,
    0.3250902593135834,
    0.28588542342185974,
    0.3309333324432373,
    0.33253222703933716,
    0.31236517429351807,
    0.3183532655239105,
    0.33192604780197144,
    0.3081788718700409,
    0.31738001108169556,
    0.29876771569252014,
    0.2957099974155426,
    0.2918685972690582,
    0.3161777853965759,
    0.3155761659145355,
    0.309771865606308,
    0.2759822607040405,
    0.26250290870666504,
    0.2992183566093445,
    0.2610558867454529,
    0.22888043522834778,
    0.26441821455955505,
    0.2420787513256073,
    0.23919881880283356,
    0.22024278342723846,
    0.19804039597511292,
    0.20656533539295197
  ],
  "stockouts": [
    0.03579545393586159,
    0.036647725850343704,
    0.015056817792356014,
    0.010227272287011147,
    0.019176136702299118,
    0.014204545877873898,
    0.008380682207643986,
    0.009517045691609383,
    0.010085226967930794,
    0.0062500000931322575,
    0.005397727247327566,
    0.0078125,
    0.007670454680919647,
    0.005397727247327566,
    0.004403409082442522,
    0.003977272659540176,
    0.002414772752672434,
    0.0025568180717527866,
    0.0032670453656464815,
    0.0018465908942744136,
    0.0022727272007614374,
    0.0018465908942744136,
    0.0028409091755747795,
    0.0015625000232830644,
    0.0014204545877873898,
    0.0022727272007614374,
    0.0025568180717527866,
    0.0014204545877873898,
    0.0015625000232830644,
    0.0018465908942744136,
    0.0011363636003807187,
    0.0018465908942744136,
    0.001704545458778739
  ],
  "waste": [
    0.011097181588411331,
    0.010456643998622894,
    0.011455672793090343,
    0.011572408489882946,
    0.010998615063726902,
    0.011419621296226978,
    0.011635569855570793,
    0.011675545014441013,
    0.011582456529140472,
    0.011901842430233955,
    0.011986607685685158,
    0.011817973107099533,
    0.011752089485526085,
    0.012014880776405334,
    0.012083574198186398,
    0.012110755778849125,
    0.012410342693328857,
    0.012631808407604694,
    0.01258154772222042,
    0.012439602985978127,
    0.012447970919311047,
    0.012297892943024635,
    0.01252294983714819,
    0.01294997613877058,
    0.012971910648047924,
    0.012838698923587799,
    0.012819060124456882,
    0.01310201920568943,
    0.013362030498683453,
    0.013395103625953197,
    0.013435402885079384,
    0.013457940891385078,
    0.01426793448626995
  ],
  "delta": [
    0.19049124419689178,
    0.23310822248458862,
    0.2532624900341034,
    0.2527916729450226,
    0.26751214265823364,
    0.2794874608516693,
    0.2701001763343811,
    0.2886982560157776,
    0.21676723659038544,
    0.32166001200675964,
    0.29127904772758484,
    0.2620532512664795,
    0.29808953404426575,
    0.2773270010948181,
    0.2601943910121918,
    0.2761799693107605,
    0.2857291102409363,
    0.26354289054870605,
    0.2307349145412445,
    0.2908119261264801,
    0.29992565512657166,
    0.2751881778240204,
    0.22097407281398773,
    0.236042320728302,
    0.2750508785247803,
    0.21590441465377808,
    0.1837688386440277,
    0.2314065396785736,
    0.19919492304325104,
    0.20425991714000702,
    0.17578396201133728,
    0.1768152266740799,
    0.17851680517196655
  ],
  "critic_loss": [
    1.6476308107376099,
    1.5746173858642578,
    1.5000230073928833,
    1.4504575729370117,
    1.5640363693237305,
    1.4440926313400269,
    1.3839417695999146,
    1.407382845878601,
    1.3906289339065552,
    1.3821654319763184,
    1.3262109756469727,
    1.405872106552124,
    1.3591400384902954,
    1.3152354955673218,
    1.24871027469635,
    1.2667979001998901,
    1.2676728963851929,
    1.254351019859314,
    1.2136942148208618,
    1.2099099159240723,
    1.198146104812622,
    1.2248681783676147,
    1.1614470481872559,
    1.2038795948028564,
    1.211429476737976,
    1.1575298309326172,
    1.1443207263946533,
    1.1425062417984009,
    1.1295284032821655,
    1.0855002403259277,
    1.092710018157959,
    1.0816761255264282,
    1.174328088760376
  ],
  "entropy_adjusted": [
    4.7213285142788664e-05,
    5.202443935559131e-05,
    4.658126272261143e-05,
    4.5928420149721205e-05,
    4.818812521989457e-05,
    4.764338882523589e-05,
    4.244415322318673e-05,
    4.441393321030773e-05,
    4.4177435484016314e-05,
    4.349355731392279e-05,
    3.8813119317637756e-05,
    4.1910225263563916e-05,
    4.312011878937483e-05,
    4.2809722799574956e-05,
    4.0546543459640816e-05,
    3.811688657151535e-05,
    3.73710754502099e-05,
    3.7409048672998324e-05,
    3.677200948004611e-05,
    3.7527432141359895e-05,
    3.2978117815218866e-05,
    3.7860558222746477e-05,
    3.82693215215113e-05,
    3.908802318619564e-05,
    3.445501715759747e-05,
    3.485580600681715e-05,
    3.636350083979778e-05,
    3.308690429548733e-05,
    3.183786611771211e-05,
    3.101750917267054e-05,
    3.015243601112161e-05,
    3.325266879983246e-05,
    2.6575888114166446e-05
  ],
  "actor_loss": [
    0.0005902089760638773,
    0.0005789168644696474,
    0.000505713396705687,
    0.0004453549918252975,
    0.0005365013494156301,
    0.0004757688438985497,
    0.0004246133321430534,
    0.0004745382466353476,
    0.00047994370106607676,
    0.0004299707361496985,
    0.00034425558988004923,
    0.0003992830461356789,
    0.0004481057985685766,
    0.00038633093936368823,
    0.0003847380867227912,
    0.00033438412356190383,
    0.00038922461681067944,
    0.00029702592291869223,
    0.0003707591095007956,
    0.0003169112605974078,
    0.00030872912611812353,
    0.00035730417585000396,
    0.0003268959990236908,
    0.0003996289160568267,
    0.0003213226154912263,
    0.0003250474401284009,
    0.00033886011806316674,
    0.0002768829872366041,
    0.0002719515759963542,
    0.00023357977624982595,
    0.00023396790493279696,
    0.0002923177380580455,
    0.00013987436250317842
  ]
}