{
  "global_step": [
    9108,
    9109,
    9110,
    9111,
    9112,
    9113,
    9114,
    9115,
    9116,
    9117,
    9118,
    9119,
    9120,
    9121,
    9122,
    9123,
    9124,
    9125,
    9126,
    9127,
    9128,
    9129,
    9130,
    9131,
    9132,
    9133,
    9134,
    9135,
    9136,
    9137,
    9138,
    9139,
    9140
  ],
  "experience_step": [
    32,
    32,
    32,
    32,
    32,
    32,
    32,
    32,
    32,
    32,
    32,
    32,
    32,
    32,
    32,
    32,
    32,
    32,
    32,
    32,
    32,
    32,
    32,
    32,
    32,
    32,
    32,
    32,
    32,
    32,
    32,
    32,
    8
  ],
  "rewards": [
    0.42455440759658813,
    0.5096036791801453,
    0.5310871005058289,
    0.5351790189743042,
    0.522981584072113,
    0.5302444100379944,
    0.5400301218032837,
    0.5403074622154236,
    0.5340226888656616,
    0.5455501675605774,
    0.5416545867919922,
    0.5375508666038513,
    0.5410146117210388,
    0.541759192943573,
    0.5359548330307007,
    0.5427768230438232,
    0.5392141938209534,
    0.5437124371528625,
    0.5396632552146912,
    0.5318064093589783,
    0.5342434048652649,
    0.5388723015785217,
    0.5321469306945801,
    0.5211945176124573,
    0.5419018268585205,
    0.5298115015029907,
    0.4872124493122101,
    0.5083939433097839,
    0.512455940246582,
    0.5116044878959656,
    0.5067567825317383,
    0.4975188374519348,
    0.4622417092323303
  ],
  "stockouts": [
    0.022159090265631676,
    0.023579545319080353,
    0.00639204541221261,
    0.005397727247327566,
    0.007670454680919647,
    0.006107954774051905,
    0.0038352273404598236,
    0.001704545458778739,
    0.0035511364694684744,
    0.0022727272007614374,
    0.0021306818816810846,
    0.002698863623663783,
    0.0014204545877873898,
    0.0014204545877873898,
    0.0012784090358763933,
    0.0008522727293893695,
    0.0007102272938936949,
    0.0007102272938936949,
    0.0008522727293893695,
    0.0007102272938936949,
    0.00042613636469468474,
    0.0002840909000951797,
    0.0005681818001903594,
    0.0,
    0.0002840909000951797,
    0.00014204545004758984,
    0.00014204545004758984,
    0.0,
    0.0,
    0.0,
    0.0,
    0.0,
    0.0
  ],
  "waste": [
    0.01007751002907753,
    0.009254805743694305,
    0.009494991973042488,
    0.00942362193018198,
    0.009460295550525188,
    0.009464169852435589,
    0.009594270959496498,
    0.009635311551392078,
    0.00962455477565527,
    0.009701954200863838,
    0.009701739996671677,
    0.009763116016983986,
    0.00979091227054596,
    0.009821363724768162,
    0.009931109845638275,
    0.009819845668971539,
    0.010020979680120945,
    0.0099734952673316,
    0.009881899692118168,
    0.010059536434710026,
    0.009995625354349613,
    0.010003349743783474,
    0.01006238255649805,
    0.010227221064269543,
    0.010034682229161263,
    0.010220594704151154,
    0.01039874367415905,
    0.010412241332232952,
    0.01035153679549694,
    0.01054227352142334,
    0.010367710143327713,
    0.010443856939673424,
    0.010892626829445362
  ],
  "delta": [
    0.32488110661506653,
    0.4163303077220917,
    0.4353902339935303,
    0.4387476146221161,
    0.42587214708328247,
    0.43381640315055847,
    0.4444245398044586,
    0.44371747970581055,
    0.43806618452072144,
    0.4486459493637085,
    0.4456465542316437,
    0.4415586590766907,
    0.4443835914134979,
    0.4454364478588104,
    0.4390878975391388,
    0.4462265074253082,
    0.44224992394447327,
    0.4469166398048401,
    0.44302624464035034,
    0.435438871383667,
    0.4378305673599243,
    0.44176772236824036,
    0.43529269099235535,
    0.42403924465179443,
    0.4448830783367157,
    0.4323744475841522,
    0.38965579867362976,
    0.41208115220069885,
    0.4154056906700134,
    0.41451650857925415,
    0.41011831164360046,
    0.4006297290325165,
    0.3653597831726074
  ],
  "critic_loss": [
    0.06571609526872635,
    0.0940961241722107,
    0.09753095358610153,
    0.09851046651601791,
    0.09378249198198318,
    0.09651842713356018,
    0.1002645492553711,
    0.09966151416301727,
    0.09760971367359161,
    0.10200867801904678,
    0.10039673000574112,
    0.09887155890464783,
    0.09974716603755951,
    0.10015307366847992,
    0.09740392863750458,
    0.10037870705127716,
    0.09878510236740112,
    0.10073097050189972,
    0.09903233498334885,
    0.09574747830629349,
    0.09663472324609756,
    0.09835782647132874,
    0.09561315923929214,
    0.0906619280576706,
    0.09972168505191803,
    0.09425880759954453,
    0.07677628844976425,
    0.08577987551689148,
    0.08704344183206558,
    0.08664014935493469,
    0.08490259945392609,
    0.08117744326591492,
    0.06769715249538422
  ],
  "entropy_adjusted": [
    1.81887196504249e-06,
    2.1121418285474647e-06,
    1.985681137739448e-06,
    2.474826942489017e-06,
    2.5294966690125875e-06,
    1.9481612980598584e-06,
    2.632195446494734e-06,
    2.1012222077843035e-06,
    2.2384056137525477e-06,
    2.2294168502412504e-06,
    2.082820401483332e-06,
    2.5063206976483343e-06,
    2.120501221725135e-06,
    1.860426436905982e-06,
    1.8770589349514921e-06,
    1.7163076790893683e-06,
    2.2733534024155233e-06,
    2.3837212665966945e-06,
    1.4621460877606296e-06,
    1.6457081528642448e-06,
    1.7638179770074203e-06,
    2.2715430532116443e-06,
    2.15507679968141e-06,
    1.9806377622444415e-06,
    1.944883706528344e-06,
    1.6971944205579348e-06,
    1.4286331406765385e-06,
    2.0465738543862244e-06,
    1.6144210803759051e-06,
    1.589992962180986e-06,
    1.7986938019021181e-06,
    1.412819187862624e-06,
    9.92824652712443e-07
  ],
  "actor_loss": [
    1.4282373967944295e-06,
    2.1189187009440502e-06,
    1.8009520772466203e-06,
    2.3484435587306507e-06,
    2.244015377073083e-06,
    1.558688950353826e-06,
    2.8486344945122255e-06,
    1.8427526811137795e-06,
    1.8640179177964455e-06,
    2.138890749847633e-06,
    2.1371674847614486e-06,
    2.3286906980501954e-06,
    1.9986343886557734e-06,
    1.678949047345668e-06,
    1.655097548791673e-06,
    1.1707186331477715e-06,
    1.9647338831418892e-06,
    2.7159398996445816e-06,
    1.5484600908166612e-06,
    1.2033445955239586e-06,
    1.72917179952492e-06,
    2.5947229005396366e-06,
    2.098855020449264e-06,
    1.378789988848439e-06,
    1.6650662928441307e-06,
    1.4465387039308553e-06,
    9.861679473033291e-07,
    1.5946758367135772e-06,
    1.5365674244094407e-06,
    1.3911770793129108e-06,
    1.3670659200215596e-06,
    9.865430001809727e-07,
    6.304002226897865e-07
  ]
}