{
  "global_step": [
    19239,
    19240,
    19241,
    19242,
    19243,
    19244,
    19245,
    19246,
    19247,
    19248,
    19249,
    19250,
    19251,
    19252,
    19253,
    19254,
    19255,
    19256,
    19257,
    19258,
    19259,
    19260,
    19261,
    19262,
    19263,
    19264,
    19265,
    19266,
    19267,
    19268,
    19269,
    19270,
    19271
  ],
  "experience_step": [
    32,
    32,
    32,
    32,
    32,
    32,
    32,
    32,
    32,
    32,
    32,
    32,
    32,
    32,
    32,
    32,
    32,
    32,
    32,
    32,
    32,
    32,
    32,
    32,
    32,
    32,
    32,
    32,
    32,
    32,
    32,
    32,
    8
  ],
  "rewards": [
    0.4161474406719208,
    0.5153625011444092,
    0.5355691909790039,
    0.5416966676712036,
    0.5376312136650085,
    0.535574197769165,
    0.5415072441101074,
    0.5481076240539551,
    0.5425547361373901,
    0.5519236326217651,
    0.5425705909729004,
    0.5487290024757385,
    0.5481446385383606,
    0.5494581460952759,
    0.5499012470245361,
    0.5497475266456604,
    0.5499367713928223,
    0.547886312007904,
    0.5455343723297119,
    0.5502070188522339,
    0.5474701523780823,
    0.5407134294509888,
    0.5494338870048523,
    0.538173496723175,
    0.5434483885765076,
    0.5402246713638306,
    0.5248935222625732,
    0.5214800238609314,
    0.5265597105026245,
    0.5249366164207458,
    0.5346992611885071,
    0.5060479640960693,
    0.4598393440246582
  ],
  "stockouts": [
    0.027272727340459824,
    0.027414772659540176,
    0.01193181797862053,
    0.007528408896178007,
    0.010937499813735485,
    0.010085226967930794,
    0.005113636143505573,
    0.004403409082442522,
    0.005681818351149559,
    0.0029829544946551323,
    0.0035511364694684744,
    0.004119317978620529,
    0.0029829544946551323,
    0.0022727272007614374,
    0.0021306818816810846,
    0.000994318164885044,
    0.0011363636003807187,
    0.000994318164885044,
    0.0012784090358763933,
    0.0005681818001903594,
    0.0007102272938936949,
    0.0005681818001903594,
    0.0002840909000951797,
    0.00042613636469468474,
    0.00014204545004758984,
    0.00042613636469468474,
    0.0,
    0.0002840909000951797,
    0.0005681818001903594,
    0.00014204545004758984,
    0.0,
    0.0,
    0.0
  ],
  "waste": [
    0.008764161728322506,
    0.007621227763593197,
    0.007803915534168482,
    0.007841797545552254,
    0.00777843315154314,
    0.00785693246871233,
    0.007983782328665257,
    0.008029167540371418,
    0.007933284156024456,
    0.008007843978703022,
    0.008046170696616173,
    0.008013466373085976,
    0.008125269785523415,
    0.008189759217202663,
    0.008240084163844585,
    0.008296921849250793,
    0.008383537642657757,
    0.008309037424623966,
    0.008311417885124683,
    0.008242563344538212,
    0.008592755533754826,
    0.00845489464700222,
    0.008616408333182335,
    0.008570443838834763,
    0.008463437668979168,
    0.008567470125854015,
    0.008853662759065628,
    0.008907252922654152,
    0.008858652785420418,
    0.008849597536027431,
    0.008811626583337784,
    0.008987457491457462,
    0.009233665652573109
  ],
  "delta": [
    0.21692265570163727,
    0.32417601346969604,
    0.3414805233478546,
    0.3465331196784973,
    0.34170618653297424,
    0.3408506512641907,
    0.3468422591686249,
    0.35325247049331665,
    0.3479515016078949,
    0.3568209707736969,
    0.3477340042591095,
    0.3544827401638031,
    0.35350632667541504,
    0.35478994250297546,
    0.35485604405403137,
    0.35515910387039185,
    0.3544582724571228,
    0.35297566652297974,
    0.3506573736667633,
    0.3555107116699219,
    0.3528175950050354,
    0.3456522822380066,
    0.35420897603034973,
    0.3432585597038269,
    0.3485967218875885,
    0.3455166220664978,
    0.3295682966709137,
    0.3261587619781494,
    0.3315630257129669,
    0.3298783004283905,
    0.3392694294452667,
    0.31077155470848083,
    0.2638562321662903
  ],
  "critic_loss": [
    0.04024355486035347,
    0.05917512625455856,
    0.06180523708462715,
    0.06243065744638443,
    0.06166503205895424,
    0.06115907058119774,
    0.06170450523495674,
    0.0637471005320549,
    0.06231006234884262,
    0.06475017964839935,
    0.06186562404036522,
    0.0642281249165535,
    0.06354779005050659,
    0.06375068426132202,
    0.06379901617765427,
    0.06367705762386322,
    0.06352470070123672,
    0.06293071061372757,
    0.06220201402902603,
    0.0637747272849083,
    0.06285211443901062,
    0.06031026691198349,
    0.06322846561670303,
    0.059465743601322174,
    0.06133970618247986,
    0.06017540022730827,
    0.05473879352211952,
    0.05382365360856056,
    0.055599458515644073,
    0.05500108003616333,
    0.05803955718874931,
    0.048871882259845734,
    0.03567216545343399
  ],
  "entropy_adjusted": [
    1.2147744428148144e-06,
    1.2035410463795415e-06,
    1.2372197488730308e-06,
    9.578963044987177e-07,
    9.791840511752525e-07,
    1.1493203828649712e-06,
    1.2922083669764106e-06,
    1.5649164879505406e-06,
    1.8949168634208036e-06,
    8.84820394730923e-07,
    1.1005573696820647e-06,
    1.7769774558473728e-06,
    1.0050746368506225e-06,
    5.926431754232908e-07,
    1.0647652288753306e-06,
    8.58809755754919e-07,
    6.774626513106341e-07,
    1.1973561413469724e-06,
    5.854257096871152e-07,
    1.0255726010655053e-06,
    7.957680736581096e-07,
    1.217450289914268e-06,
    1.0371451253377018e-06,
    6.82288145981147e-07,
    1.3837842516295495e-06,
    5.460088914333028e-07,
    6.605371822843153e-07,
    3.466227553872159e-07,
    3.371958712250489e-07,
    8.49215268772241e-07,
    8.407035352320236e-07,
    1.223793674398621e-06,
    5.604737793873937e-07
  ],
  "actor_loss": [
    7.005292559369991e-07,
    4.725286544271512e-07,
    6.412838047253899e-07,
    4.065486223225889e-07,
    6.077514171920484e-07,
    5.928740733907034e-07,
    6.329046868813748e-07,
    1.0397441201348556e-06,
    1.550132083139033e-06,
    4.982092036698305e-07,
    4.415313128447451e-07,
    1.0036058029072592e-06,
    6.159886538625869e-07,
    2.2077206551784911e-07,
    6.953442834856105e-07,
    4.1299870190414367e-07,
    3.9093336567930237e-07,
    7.166790965129621e-07,
    2.785569961361034e-07,
    7.308221938728821e-07,
    6.512007644232654e-07,
    8.890499429980991e-07,
    6.01083513629419e-07,
    4.4700686885335017e-07,
    8.717634614185954e-07,
    3.4112861158064334e-07,
    2.5099694767050096e-07,
    1.7460695289628347e-07,
    1.1673260047473377e-07,
    4.60918244016284e-07,
    5.995241849632293e-07,
    7.467194791388465e-07,
    1.6541382308332686e-07
  ]
}