{
  "global_step": [
    4422,
    4423,
    4424,
    4425,
    4426,
    4427,
    4428,
    4429,
    4430,
    4431,
    4432,
    4433,
    4434,
    4435,
    4436,
    4437,
    4438,
    4439,
    4440,
    4441,
    4442,
    4443,
    4444,
    4445,
    4446,
    4447,
    4448,
    4449,
    4450,
    4451,
    4452,
    4453,
    4454
  ],
  "experience_step": [
    32,
    32,
    32,
    32,
    32,
    32,
    32,
    32,
    32,
    32,
    32,
    32,
    32,
    32,
    32,
    32,
    32,
    32,
    32,
    32,
    32,
    32,
    32,
    32,
    32,
    32,
    32,
    32,
    32,
    32,
    32,
    32,
    8
  ],
  "rewards": [
    0.40572038292884827,
    0.4792427718639374,
    0.5093380808830261,
    0.5171806216239929,
    0.5023183226585388,
    0.5129202604293823,
    0.5117332935333252,
    0.5174526572227478,
    0.5115160942077637,
    0.5078087449073792,
    0.5181308388710022,
    0.517470121383667,
    0.5163426399230957,
    0.5191652178764343,
    0.5084273815155029,
    0.5207012295722961,
    0.5115132331848145,
    0.5211451649665833,
    0.5142219066619873,
    0.5030654072761536,
    0.5054330229759216,
    0.5157107710838318,
    0.5057684779167175,
    0.5054053068161011,
    0.5162786245346069,
    0.4972665309906006,
    0.46677911281585693,
    0.4818832278251648,
    0.47626975178718567,
    0.4740992486476898,
    0.4648999869823456,
    0.478725790977478,
    0.444169819355011
  ],
  "stockouts": [
    0.019886363297700882,
    0.022585228085517883,
    0.0062500000931322575,
    0.005539772566407919,
    0.0078125,
    0.0049715908244252205,
    0.0032670453656464815,
    0.0022727272007614374,
    0.004119317978620529,
    0.0021306818816810846,
    0.0022727272007614374,
    0.0031250000465661287,
    0.0015625000232830644,
    0.001704545458778739,
    0.0008522727293893695,
    0.000994318164885044,
    0.00042613636469468474,
    0.00042613636469468474,
    0.0011363636003807187,
    0.0005681818001903594,
    0.0005681818001903594,
    0.0007102272938936949,
    0.0005681818001903594,
    0.00014204545004758984,
    0.0,
    0.00014204545004758984,
    0.00014204545004758984,
    0.0002840909000951797,
    0.0,
    0.0,
    0.0,
    0.00014204545004758984,
    0.0
  ],
  "waste": [
    0.010390177369117737,
    0.009541764855384827,
    0.009893020614981651,
    0.009834128431975842,
    0.009926794096827507,
    0.010022181086242199,
    0.01001759897917509,
    0.010108171962201595,
    0.010008204728364944,
    0.010211021639406681,
    0.010183822363615036,
    0.01004277728497982,
    0.010327444411814213,
    0.010248338803648949,
    0.010292595252394676,
    0.010319959372282028,
    0.010277867317199707,
    0.010340770706534386,
    0.010455336421728134,
    0.010339981876313686,
    0.010442887432873249,
    0.010294643230736256,
    0.010402101092040539,
    0.010346961207687855,
    0.010350832715630531,
    0.010310602374374866,
    0.010782274417579174,
    0.010572641156613827,
    0.010673304088413715,
    0.010784108191728592,
    0.010849117301404476,
    0.010704112239181995,
    0.011212374083697796
  ],
  "delta": [
    0.3548528254032135,
    0.43141528964042664,
    0.4600013792514801,
    0.4673125445842743,
    0.45098334550857544,
    0.46263518929481506,
    0.4620632529258728,
    0.4683658182621002,
    0.4610186219215393,
    0.45809483528137207,
    0.46819862723350525,
    0.46776553988456726,
    0.46637916564941406,
    0.4685312509536743,
    0.4585456848144531,
    0.4711013734340668,
    0.4606666564941406,
    0.4707914888858795,
    0.4635689854621887,
    0.4532817602157593,
    0.45523375272750854,
    0.46609094738960266,
    0.4560766816139221,
    0.4561755657196045,
    0.4666433036327362,
    0.44708922505378723,
    0.4168553352355957,
    0.43231475353240967,
    0.4253915250301361,
    0.42363032698631287,
    0.41486024856567383,
    0.4282397925853729,
    0.39416801929473877
  ],
  "critic_loss": [
    0.08085188269615173,
    0.10619673132896423,
    0.11010774970054626,
    0.1127745509147644,
    0.10721282660961151,
    0.11033926904201508,
    0.10887983441352844,
    0.11156542599201202,
    0.10908371210098267,
    0.10681994259357452,
    0.11149002611637115,
    0.11169688403606415,
    0.11024929583072662,
    0.11146850883960724,
    0.10630052536725998,
    0.11230353266000748,
    0.10741999000310898,
    0.1119515523314476,
    0.10891210287809372,
    0.10399473458528519,
    0.104800745844841,
    0.10997438430786133,
    0.10525637865066528,
    0.10500273108482361,
    0.10982116311788559,
    0.1009603813290596,
    0.08780500292778015,
    0.09453799575567245,
    0.09143220633268356,
    0.09082414954900742,
    0.08704768866300583,
    0.09277850389480591,
    0.0785689502954483
  ],
  "entropy_adjusted": [
    5.424335085990606e-06,
    6.056316578906262e-06,
    5.45914872418507e-06,
    6.9648822318413295e-06,
    5.381368737289449e-06,
    7.313603418879211e-06,
    5.29632052348461e-06,
    6.823135208833264e-06,
    5.278131084196502e-06,
    6.650491741311271e-06,
    6.690126156172482e-06,
    7.153341357479803e-06,
    5.949672413407825e-06,
    5.250487902230816e-06,
    5.521288130694302e-06,
    6.0511611081892624e-06,
    5.519223577721277e-06,
    5.028195118939038e-06,
    6.686691904178588e-06,
    5.815718395751901e-06,
    4.6943191591708455e-06,
    4.1155790313496254e-06,
    5.692489594366634e-06,
    4.5636174945684616e-06,
    4.796969278686447e-06,
    3.946476681448985e-06,
    4.519793037616182e-06,
    3.6848607578576775e-06,
    3.722965402630507e-06,
    2.21385766963067e-06,
    3.3170815640914952e-06,
    3.5873183605872327e-06,
    2.6594073005981045e-06
  ],
  "actor_loss": [
    3.7856279959669337e-06,
    5.747767772845691e-06,
    5.368930033000652e-06,
    7.926027137727942e-06,
    5.2672280617116485e-06,
    7.819029633537866e-06,
    4.449203515832778e-06,
    7.3638120738905855e-06,
    5.831991529703373e-06,
    7.274466497619869e-06,
    7.927397746243514e-06,
    7.499052571802167e-06,
    5.781364052381832e-06,
    5.590553882939275e-06,
    6.55312078379211e-06,
    7.121324415493291e-06,
    5.8089435697183944e-06,
    5.622679054795299e-06,
    7.61700084694894e-06,
    6.5933249970839825e-06,
    4.3174391066713724e-06,
    3.7735874229838373e-06,
    5.593127752945293e-06,
    4.7298262870754115e-06,
    5.198567123443354e-06,
    3.897263923136052e-06,
    4.110907411813969e-06,
    3.595760290409089e-06,
    3.2943987662292784e-06,
    2.333453039682354e-06,
    3.1454137570108287e-06,
    3.276740471847006e-06,
    1.6463573047076352e-06
  ]
}