{
  "global_step": [
    21087,
    21088,
    21089,
    21090,
    21091,
    21092,
    21093,
    21094,
    21095,
    21096,
    21097,
    21098,
    21099,
    21100,
    21101,
    21102,
    21103,
    21104,
    21105,
    21106,
    21107,
    21108,
    21109,
    21110,
    21111,
    21112,
    21113,
    21114,
    21115,
    21116,
    21117,
    21118,
    21119
  ],
  "experience_step": [
    32,
    32,
    32,
    32,
    32,
    32,
    32,
    32,
    32,
    32,
    32,
    32,
    32,
    32,
    32,
    32,
    32,
    32,
    32,
    32,
    32,
    32,
    32,
    32,
    32,
    32,
    32,
    32,
    32,
    32,
    32,
    32,
    8
  ],
  "rewards": [
    0.42823436856269836,
    0.5193120241165161,
    0.5337201356887817,
    0.5431739687919617,
    0.5280582308769226,
    0.5422473549842834,
    0.5475751757621765,
    0.5509311556816101,
    0.5427801012992859,
    0.5517235994338989,
    0.5502293109893799,
    0.5440213680267334,
    0.5473023653030396,
    0.5562085509300232,
    0.5435498952865601,
    0.5444580316543579,
    0.5403698086738586,
    0.5489247441291809,
    0.5487091541290283,
    0.5397191047668457,
    0.5403081178665161,
    0.5541494488716125,
    0.5446352362632751,
    0.5456457734107971,
    0.5405993461608887,
    0.5394957661628723,
    0.5135975480079651,
    0.5242507457733154,
    0.5200246572494507,
    0.5245221853256226,
    0.5208427309989929,
    0.49337005615234375,
    0.47954919934272766
  ],
  "stockouts": [
    0.0208806823939085,
    0.023579545319080353,
    0.0072443182580173016,
    0.005255681928247213,
    0.0078125,
    0.005397727247327566,
    0.0031250000465661287,
    0.001988636329770088,
    0.004261363763362169,
    0.0018465908942744136,
    0.0022727272007614374,
    0.002698863623663783,
    0.0015625000232830644,
    0.0011363636003807187,
    0.000994318164885044,
    0.0008522727293893695,
    0.0002840909000951797,
    0.0002840909000951797,
    0.0011363636003807187,
    0.0002840909000951797,
    0.0007102272938936949,
    0.00014204545004758984,
    0.0,
    0.0,
    0.0,
    0.00014204545004758984,
    0.0,
    0.0,
    0.0,
    0.0,
    0.0,
    0.0,
    0.0
  ],
  "waste": [
    0.010126281529664993,
    0.00927607249468565,
    0.009582927450537682,
    0.009570010006427765,
    0.009474610909819603,
    0.009695217944681644,
    0.009729060344398022,
    0.009760178625583649,
    0.009716755710542202,
    0.009798641316592693,
    0.00987907126545906,
    0.009828596375882626,
    0.010023582726716995,
    0.00987361092120409,
    0.010006098076701164,
    0.010047156363725662,
    0.010146727785468102,
    0.01014765165746212,
    0.009995178319513798,
    0.010214738547801971,
    0.010145246051251888,
    0.010002776980400085,
    0.010315009392797947,
    0.010331286117434502,
    0.010429204441606998,
    0.01033784355968237,
    0.010712589137256145,
    0.010608463548123837,
    0.010723547078669071,
    0.01080339401960373,
    0.010604004375636578,
    0.010920132510364056,
    0.010902401991188526
  ],
  "delta": [
    0.2117573618888855,
    0.3100903332233429,
    0.3215097188949585,
    0.33062833547592163,
    0.31505006551742554,
    0.32950398325920105,
    0.3348107635974884,
    0.33759260177612305,
    0.3302287757396698,
    0.33829373121261597,
    0.33744585514068604,
    0.3318801820278168,
    0.33492299914360046,
    0.3429142236709595,
    0.33051812648773193,
    0.33130693435668945,
    0.3274117410182953,
    0.3362016975879669,
    0.3359249532222748,
    0.32703378796577454,
    0.3269116282463074,
    0.3414503335952759,
    0.331805944442749,
    0.3322857916355133,
    0.32709261775016785,
    0.32624372839927673,
    0.3007800579071045,
    0.3109739124774933,
    0.307356059551239,
    0.3115006387233734,
    0.3079494535923004,
    0.280020534992218,
    0.2663610577583313
  ],
  "critic_loss": [
    0.03581484034657478,
    0.05467406287789345,
    0.05452131852507591,
    0.05619676783680916,
    0.052580222487449646,
    0.0559997521340847,
    0.05708129703998566,
    0.05792811140418053,
    0.05611567944288254,
    0.05812240019440651,
    0.0578775592148304,
    0.05615118891000748,
    0.05686842277646065,
    0.05945563688874245,
    0.055306874215602875,
    0.05547720193862915,
    0.054113034158945084,
    0.057036057114601135,
    0.05709926038980484,
    0.0539889857172966,
    0.05409590154886246,
    0.058780327439308167,
    0.05551619455218315,
    0.05573367327451706,
    0.05395518243312836,
    0.053720127791166306,
    0.04572836309671402,
    0.04885079711675644,
    0.04785270616412163,
    0.04912129417061806,
    0.0480475090444088,
    0.03966353088617325,
    0.03593868017196655
  ],
  "entropy_adjusted": [
    8.035087262214802e-07,
    1.1902204732905375e-06,
    1.4022473351360532e-06,
    1.0495289188838797e-06,
    1.037572587847535e-06,
    1.3529582929550088e-06,
    1.02437331861438e-06,
    1.1949996405746788e-06,
    1.2263597000128357e-06,
    1.3744777334068203e-06,
    8.907553592507611e-07,
    1.0876353826461127e-06,
    1.491815623921866e-06,
    1.0563167052168865e-06,
    1.2557330819618073e-06,
    1.44397870371904e-06,
    4.355177338766225e-07,
    9.877516049527912e-07,
    6.801025733693677e-07,
    7.826706678315531e-07,
    8.776756317274703e-07,
    7.626197202625917e-07,
    8.744456181375426e-07,
    5.269817506814434e-07,
    1.327224481428857e-06,
    7.435530733346241e-07,
    8.480189990223153e-07,
    8.810970371087024e-07,
    6.275272426137235e-07,
    1.0276797866026754e-06,
    7.739654392935336e-07,
    9.029689636008698e-07,
    1.0578987712506205e-06
  ],
  "actor_loss": [
    2.974213657580549e-07,
    7.114164759514097e-07,
    6.576046303052863e-07,
    4.662337858007959e-07,
    4.908832238470495e-07,
    7.811460136508686e-07,
    5.834380090163904e-07,
    7.072819698805688e-07,
    6.415683060367883e-07,
    9.225271355717268e-07,
    5.11332302721712e-07,
    6.086333428356738e-07,
    9.897137260850286e-07,
    7.144166147554643e-07,
    6.822418185947754e-07,
    9.529611588732223e-07,
    1.8335556717374857e-07,
    6.430948360502953e-07,
    4.2712972003755567e-07,
    4.2861063320742687e-07,
    5.673901455338637e-07,
    5.502919293576269e-07,
    4.282709369363147e-07,
    3.0473501055894303e-07,
    8.140950171764416e-07,
    5.027702627558028e-07,
    4.191986988644203e-07,
    4.3334938482075813e-07,
    2.91966358645368e-07,
    5.03461592415988e-07,
    3.3866973581098136e-07,
    3.586569619073998e-07,
    3.760860352031159e-07
  ]
}