{
  "global_step": [
    20724,
    20725,
    20726,
    20727,
    20728,
    20729,
    20730,
    20731,
    20732,
    20733,
    20734,
    20735,
    20736,
    20737,
    20738,
    20739,
    20740,
    20741,
    20742,
    20743,
    20744,
    20745,
    20746,
    20747,
    20748,
    20749,
    20750,
    20751,
    20752,
    20753,
    20754,
    20755,
    20756
  ],
  "experience_step": [
    32,
    32,
    32,
    32,
    32,
    32,
    32,
    32,
    32,
    32,
    32,
    32,
    32,
    32,
    32,
    32,
    32,
    32,
    32,
    32,
    32,
    32,
    32,
    32,
    32,
    32,
    32,
    32,
    32,
    32,
    32,
    32,
    8
  ],
  "rewards": [
    0.4298006296157837,
    0.509930431842804,
    0.5443915128707886,
    0.5439023375511169,
    0.5292056202888489,
    0.5379010438919067,
    0.5493006706237793,
    0.5480073690414429,
    0.5377760529518127,
    0.5458301901817322,
    0.5485738515853882,
    0.548119306564331,
    0.5514547228813171,
    0.5505676865577698,
    0.5434097051620483,
    0.5456209182739258,
    0.5375075936317444,
    0.5479689836502075,
    0.5426416397094727,
    0.5406437516212463,
    0.5361433625221252,
    0.5450012683868408,
    0.5477336645126343,
    0.5326218008995056,
    0.5404313206672668,
    0.5319980382919312,
    0.5029863715171814,
    0.5252110362052917,
    0.5270604491233826,
    0.520199179649353,
    0.5165348052978516,
    0.506842851638794,
    0.4867632985115051
  ],
  "stockouts": [
    0.018607955425977707,
    0.021732954308390617,
    0.005397727247327566,
    0.004687500186264515,
    0.00639204541221261,
    0.005539772566407919,
    0.002698863623663783,
    0.001988636329770088,
    0.003409090917557478,
    0.001988636329770088,
    0.001704545458778739,
    0.002414772752672434,
    0.0011363636003807187,
    0.000994318164885044,
    0.0007102272938936949,
    0.0008522727293893695,
    0.0002840909000951797,
    0.0002840909000951797,
    0.0008522727293893695,
    0.0002840909000951797,
    0.00042613636469468474,
    0.0002840909000951797,
    0.0,
    0.0,
    0.0,
    0.0,
    0.0,
    0.0,
    0.0,
    0.0,
    0.0,
    0.0,
    0.0
  ],
  "waste": [
    0.010795100592076778,
    0.01007921900600195,
    0.010318615473806858,
    0.010294866748154163,
    0.010224559344351292,
    0.010440116748213768,
    0.010478262789547443,
    0.010550441220402718,
    0.010500285774469376,
    0.010451610200107098,
    0.010523449629545212,
    0.010474196635186672,
    0.010572301223874092,
    0.010442440398037434,
    0.010601001791656017,
    0.010610460303723812,
    0.010650349780917168,
    0.010589562356472015,
    0.010600488632917404,
    0.010757189244031906,
    0.010834937915205956,
    0.010661558248102665,
    0.010684454813599586,
    0.010840150527656078,
    0.010806805454194546,
    0.010907539166510105,
    0.011111035943031311,
    0.011070511303842068,
    0.010990450158715248,
    0.011123469099402428,
    0.011037646792829037,
    0.011174332350492477,
    0.01127156987786293
  ],
  "delta": [
    0.21753154695034027,
    0.3035695254802704,
    0.3360525667667389,
    0.3356494903564453,
    0.3195318281650543,
    0.3293282687664032,
    0.3408129811286926,
    0.3394365608692169,
    0.3287726044654846,
    0.3368477523326874,
    0.3389347493648529,
    0.33926287293434143,
    0.3421699106693268,
    0.34127339720726013,
    0.334424763917923,
    0.3361343443393707,
    0.3283335864543915,
    0.3388515114784241,
    0.3339516520500183,
    0.3311600089073181,
    0.3274097740650177,
    0.3360220491886139,
    0.33841633796691895,
    0.3232964873313904,
    0.33136072754859924,
    0.32243403792381287,
    0.29409146308898926,
    0.316035658121109,
    0.31800591945648193,
    0.31123223900794983,
    0.3068699240684509,
    0.2972891926765442,
    0.2774679958820343
  ],
  "critic_loss": [
    0.03562227636575699,
    0.05277169495820999,
    0.05892828851938248,
    0.05784269794821739,
    0.05364212021231651,
    0.056102048605680466,
    0.05906619504094124,
    0.058490194380283356,
    0.055442456156015396,
    0.057548888027668,
    0.058252494782209396,
    0.058466266840696335,
    0.05930517241358757,
    0.05880579352378845,
    0.05648883432149887,
    0.05715038999915123,
    0.05444360896945,
    0.057875730097293854,
    0.05637426674365997,
    0.055386677384376526,
    0.05413747951388359,
    0.0569525882601738,
    0.05772805213928223,
    0.052736274898052216,
    0.055307213217020035,
    0.05250105261802673,
    0.043745286762714386,
    0.050395417958498,
    0.05102849006652832,
    0.04887742921710014,
    0.0474846325814724,
    0.044766418635845184,
    0.03894837200641632
  ],
  "entropy_adjusted": [
    6.559723146892793e-07,
    9.675908358985907e-07,
    7.128700758585182e-07,
    1.299178506997123e-06,
    1.1643904826996732e-06,
    1.1398086599001545e-06,
    1.1702313713612966e-06,
    7.379027806564409e-07,
    1.4822876437392551e-06,
    1.177532681140292e-06,
    8.651414304949867e-07,
    1.2000217566310312e-06,
    1.0341007055103546e-06,
    1.0204441878158832e-06,
    1.176733462671109e-06,
    9.495311132923234e-07,
    8.744969477447739e-07,
    8.861025548867474e-07,
    1.0656449376256205e-06,
    7.499129992538656e-07,
    6.222395541044534e-07,
    5.836629384248226e-07,
    9.398655151926505e-07,
    6.354662787089183e-07,
    1.3092047765894677e-06,
    7.799796435392636e-07,
    6.49670312213857e-07,
    7.977412792570249e-07,
    5.447749344966724e-07,
    3.8261117651927634e-07,
    6.375203156494536e-07,
    8.357541219083942e-07,
    8.178459438568098e-07
  ],
  "actor_loss": [
    1.468859096576125e-07,
    4.831484829992405e-07,
    3.283450951130362e-07,
    6.70144913783588e-07,
    6.714134883623046e-07,
    5.772008080384694e-07,
    5.466491188599321e-07,
    4.3323780118953437e-07,
    9.172069326268684e-07,
    5.896917514291999e-07,
    4.968397888660547e-07,
    8.41974667764589e-07,
    6.221472403922235e-07,
    5.860362648490991e-07,
    7.736460929663735e-07,
    5.077961304778e-07,
    5.45725811207376e-07,
    6.030936674505938e-07,
    5.652441359416116e-07,
    4.0848033222573576e-07,
    3.0706596021445876e-07,
    2.3482861877255345e-07,
    6.344114922285371e-07,
    3.647376445314876e-07,
    9.213272846864129e-07,
    6.242825065783109e-07,
    3.4732889275801426e-07,
    4.479518054267828e-07,
    1.5583715651246166e-07,
    1.2904695267934585e-07,
    2.7479933351060026e-07,
    5.676921546182712e-07,
    3.450397798587801e-07
  ]
}