{
  "global_step": [
    7788,
    7789,
    7790,
    7791,
    7792,
    7793,
    7794,
    7795,
    7796,
    7797,
    7798,
    7799,
    7800,
    7801,
    7802,
    7803,
    7804,
    7805,
    7806,
    7807,
    7808,
    7809,
    7810,
    7811,
    7812,
    7813,
    7814,
    7815,
    7816,
    7817,
    7818,
    7819,
    7820
  ],
  "experience_step": [
    32,
    32,
    32,
    32,
    32,
    32,
    32,
    32,
    32,
    32,
    32,
    32,
    32,
    32,
    32,
    32,
    32,
    32,
    32,
    32,
    32,
    32,
    32,
    32,
    32,
    32,
    32,
    32,
    32,
    32,
    32,
    32,
    8
  ],
  "rewards": [
    0.4071415364742279,
    0.5082145929336548,
    0.5291438698768616,
    0.5360220074653625,
    0.5302411913871765,
    0.5292333960533142,
    0.5362842679023743,
    0.5379148721694946,
    0.538245677947998,
    0.5467351675033569,
    0.5385867357254028,
    0.5411858558654785,
    0.5425902605056763,
    0.5437854528427124,
    0.5440258979797363,
    0.538435697555542,
    0.5418807864189148,
    0.5446598529815674,
    0.539417564868927,
    0.5359915494918823,
    0.5436061024665833,
    0.5471965670585632,
    0.5326963067054749,
    0.522437334060669,
    0.5304473042488098,
    0.5302292704582214,
    0.5280892252922058,
    0.5211746096611023,
    0.512313723564148,
    0.5109522938728333,
    0.5112725496292114,
    0.502598226070404,
    0.5065459609031677
  ],
  "stockouts": [
    0.025852272287011147,
    0.027698863297700882,
    0.009801136329770088,
    0.0072443182580173016,
    0.01122159045189619,
    0.009232954122126102,
    0.004545454401522875,
    0.0031250000465661287,
    0.004687500186264515,
    0.0028409091755747795,
    0.0028409091755747795,
    0.004261363763362169,
    0.001988636329770088,
    0.001988636329770088,
    0.0012784090358763933,
    0.0015625000232830644,
    0.0011363636003807187,
    0.0007102272938936949,
    0.0012784090358763933,
    0.0008522727293893695,
    0.0008522727293893695,
    0.0005681818001903594,
    0.0012784090358763933,
    0.0005681818001903594,
    0.00014204545004758984,
    0.0002840909000951797,
    0.0007102272938936949,
    0.00042613636469468474,
    0.0005681818001903594,
    0.0,
    0.0002840909000951797,
    0.0002840909000951797,
    0.0
  ],
  "waste": [
    0.009004171006381512,
    0.008056662045419216,
    0.008306491188704967,
    0.008272712118923664,
    0.008172176778316498,
    0.008315603248775005,
    0.00849731732159853,
    0.008513207547366619,
    0.008392546325922012,
    0.008457407355308533,
    0.008496775291860104,
    0.008428981527686119,
    0.008546813391149044,
    0.008625761605799198,
    0.008604797534644604,
    0.008664862252771854,
    0.008589875884354115,
    0.008714908733963966,
    0.008738834410905838,
    0.008664057590067387,
    0.008719896897673607,
    0.008793818764388561,
    0.009004096500575542,
    0.008876143954694271,
    0.008926882408559322,
    0.008898218162357807,
    0.009041732177138329,
    0.008960970677435398,
    0.009129763580858707,
    0.009250211529433727,
    0.009131754748523235,
    0.009301443584263325,
    0.00948816817253828
  ],
  "delta": [
    0.31987464427948,
    0.4283967912197113,
    0.44683024287223816,
    0.45269811153411865,
    0.4457155466079712,
    0.44638118147850037,
    0.45320725440979004,
    0.4543522894382477,
    0.45458441972732544,
    0.46297621726989746,
    0.45525461435317993,
    0.4575583040714264,
    0.4587421715259552,
    0.46058133244514465,
    0.4604191780090332,
    0.4548547863960266,
    0.4584496021270752,
    0.46117427945137024,
    0.4557717442512512,
    0.45282435417175293,
    0.4596080183982849,
    0.4630194902420044,
    0.4489237368106842,
    0.43855714797973633,
    0.4459482431411743,
    0.44646161794662476,
    0.4439854025840759,
    0.4371219873428345,
    0.4280999004840851,
    0.4271616041660309,
    0.4269408881664276,
    0.419254869222641,
    0.42106249928474426
  ],
  "critic_loss": [
    0.06995117664337158,
    0.10030946880578995,
    0.10400742292404175,
    0.10520368069410324,
    0.10385958105325699,
    0.10303457081317902,
    0.1046561673283577,
    0.1048053577542305,
    0.10542209446430206,
    0.10857223719358444,
    0.10511511564254761,
    0.1064736619591713,
    0.10639198124408722,
    0.10727379471063614,
    0.10714063048362732,
    0.1045246571302414,
    0.10604153573513031,
    0.10722210258245468,
    0.1049710214138031,
    0.10341687500476837,
    0.10649986565113068,
    0.10802159458398819,
    0.10183131694793701,
    0.09704697132110596,
    0.10030801594257355,
    0.10049937665462494,
    0.09952498227357864,
    0.0964198037981987,
    0.09263894706964493,
    0.09213665127754211,
    0.09222405403852463,
    0.0886775553226471,
    0.08950410038232803
  ],
  "entropy_adjusted": [
    3.0426433568209177e-06,
    3.914622084266739e-06,
    3.7393367620097706e-06,
    3.1165559448709246e-06,
    3.8091336591605796e-06,
    3.240033947804477e-06,
    2.5788813218241557e-06,
    3.639201850091922e-06,
    3.4925878935609944e-06,
    2.9051659566903254e-06,
    2.8764122816937743e-06,
    2.9466473279171623e-06,
    2.3580839751957683e-06,
    2.238039087387733e-06,
    2.8401136660249904e-06,
    2.101597374348785e-06,
    2.701343419175828e-06,
    2.6715692911238875e-06,
    2.2959286525292555e-06,
    2.4641949494252913e-06,
    2.3812024210201344e-06,
    2.9735256248386577e-06,
    2.8497529456217308e-06,
    2.0358611436677165e-06,
    2.3820894057280384e-06,
    1.7956512010641745e-06,
    2.2240019461605698e-06,
    1.7698928331810748e-06,
    1.633159286029695e-06,
    1.984832806556369e-06,
    2.1764362827525474e-06,
    1.8605254581416375e-06,
    7.030116080386506e-07
  ],
  "actor_loss": [
    1.8820576315192739e-06,
    4.51284586233669e-06,
    3.932656454708194e-06,
    3.327604872538359e-06,
    3.8414750633819494e-06,
    3.016577920789132e-06,
    2.4291814497701125e-06,
    3.968641067331191e-06,
    3.8001178381819045e-06,
    2.6851948859984986e-06,
    2.4695159481780138e-06,
    3.0969854378781747e-06,
    2.3003055957815377e-06,
    2.2226258806767873e-06,
    3.145380560454214e-06,
    1.8362786704528844e-06,
    2.578926114438218e-06,
    2.4258854409708874e-06,
    2.5609772364987293e-06,
    2.337396381335566e-06,
    2.353246827624389e-06,
    3.3883002288348507e-06,
    2.564043825259432e-06,
    1.8182325902671437e-06,
    2.2951526261749677e-06,
    1.6982154420475126e-06,
    1.6553391333218315e-06,
    1.358325562250684e-06,
    1.169079951068852e-06,
    2.0341153685876634e-06,
    2.172709173464682e-06,
    1.2086738934158348e-06,
    2.2369371777131164e-07
  ]
}