{"total_episodes":600,"_step":600,"_runtime":10198,"episode":600,"episode_reward":691851.4931157958,"_wandb":{"runtime":10198},"loss":2.02370075e+06,"reward_avg_10":683704.5599477845,"reward_avg_50":688208.0834390152,"final_loss":2.055483e+06,"final_reward":688208.0834390152,"epsilon":0.3008325135754587,"_timestamp":1.768409500582766e+09,"max_reward":710215.7781550143,"loss_avg_10":2.2086405e+06,"buffer_size":10000}