{
  "global_step": [
    3960,
    3961,
    3962,
    3963,
    3964,
    3965,
    3966,
    3967,
    3968,
    3969,
    3970,
    3971,
    3972,
    3973,
    3974,
    3975,
    3976,
    3977,
    3978,
    3979,
    3980,
    3981,
    3982,
    3983,
    3984,
    3985,
    3986,
    3987,
    3988,
    3989,
    3990,
    3991,
    3992
  ],
  "experience_step": [
    32,
    32,
    32,
    32,
    32,
    32,
    32,
    32,
    32,
    32,
    32,
    32,
    32,
    32,
    32,
    32,
    32,
    32,
    32,
    32,
    32,
    32,
    32,
    32,
    32,
    32,
    32,
    32,
    32,
    32,
    32,
    32,
    8
  ],
  "rewards": [
    0.3865913152694702,
    0.4793303608894348,
    0.497464120388031,
    0.5038264989852905,
    0.4929530620574951,
    0.5043892860412598,
    0.5015467405319214,
    0.514142632484436,
    0.5059687495231628,
    0.5107970833778381,
    0.5061399340629578,
    0.49968287348747253,
    0.5140941739082336,
    0.5103985071182251,
    0.5162656903266907,
    0.5127147436141968,
    0.5089344382286072,
    0.5097664594650269,
    0.5155678391456604,
    0.5124544501304626,
    0.4962489604949951,
    0.516396164894104,
    0.5048398375511169,
    0.5025578737258911,
    0.5064005851745605,
    0.4953591227531433,
    0.48292645812034607,
    0.49360305070877075,
    0.4798922836780548,
    0.48297178745269775,
    0.48042696714401245,
    0.4552566409111023,
    0.4453542232513428
  ],
  "stockouts": [
    0.024857955053448677,
    0.0286931823939085,
    0.01065340917557478,
    0.00909090880304575,
    0.01193181797862053,
    0.00909090880304575,
    0.005113636143505573,
    0.003693181788548827,
    0.0062500000931322575,
    0.0029829544946551323,
    0.0029829544946551323,
    0.004687500186264515,
    0.0032670453656464815,
    0.0015625000232830644,
    0.0021306818816810846,
    0.0015625000232830644,
    0.000994318164885044,
    0.000994318164885044,
    0.0008522727293893695,
    0.000994318164885044,
    0.0007102272938936949,
    0.000994318164885044,
    0.0015625000232830644,
    0.0007102272938936949,
    0.0008522727293893695,
    0.0002840909000951797,
    0.00014204545004758984,
    0.0,
    0.0002840909000951797,
    0.0002840909000951797,
    0.00014204545004758984,
    0.0,
    0.0
  ],
  "waste": [
    0.00939007755368948,
    0.00844958983361721,
    0.00871977023780346,
    0.00867764838039875,
    0.008762513287365437,
    0.008815525099635124,
    0.008995968848466873,
    0.008964015170931816,
    0.008973220363259315,
    0.009047873318195343,
    0.009166770614683628,
    0.009081033058464527,
    0.009255899116396904,
    0.009107637219130993,
    0.009223619475960732,
    0.009427528828382492,
    0.009240925312042236,
    0.009218546561896801,
    0.009362976998090744,
    0.009280236437916756,
    0.00959914643317461,
    0.009285501204431057,
    0.009444750845432281,
    0.00945249479264021,
    0.009609718807041645,
    0.009492570534348488,
    0.009799948893487453,
    0.009686515666544437,
    0.009734545834362507,
    0.010012982413172722,
    0.00972613226622343,
    0.009899074211716652,
    0.010476866737008095
  ],
  "delta": [
    0.34042802453041077,
    0.4353187680244446,
    0.45091262459754944,
    0.45928749442100525,
    0.4483708441257477,
    0.4599391222000122,
    0.4571209251880646,
    0.4695071280002594,
    0.4616561532020569,
    0.46543312072753906,
    0.460985392332077,
    0.45547837018966675,
    0.4687480628490448,
    0.4651593565940857,
    0.471542626619339,
    0.4675036370754242,
    0.4643241763114929,
    0.4649990499019623,
    0.4704577326774597,
    0.46824225783348083,
    0.45105594396591187,
    0.47175389528274536,
    0.46007129549980164,
    0.45751953125,
    0.46138855814933777,
    0.45065838098526,
    0.43804293870925903,
    0.44974926114082336,
    0.4348306953907013,
    0.43746134638786316,
    0.43516823649406433,
    0.4107692241668701,
    0.39847034215927124
  ],
  "critic_loss": [
    0.07927527278661728,
    0.11025465279817581,
    0.1084788590669632,
    0.11099935322999954,
    0.1081586629152298,
    0.1109880805015564,
    0.10767719894647598,
    0.1128641739487648,
    0.11077569425106049,
    0.11054760962724686,
    0.10861596465110779,
    0.10665253549814224,
    0.11221031099557877,
    0.10980650037527084,
    0.11288325488567352,
    0.1108681783080101,
    0.10926149785518646,
    0.10946746915578842,
    0.11184131354093552,
    0.11093050986528397,
    0.10307539254426956,
    0.11263338476419449,
    0.10735685378313065,
    0.10574829578399658,
    0.10762796550989151,
    0.1024927869439125,
    0.09684108197689056,
    0.10201898962259293,
    0.0953536406159401,
    0.09693634510040283,
    0.09550322592258453,
    0.08541370928287506,
    0.08031262457370758
  ],
  "entropy_adjusted": [
    6.335155831038719e-06,
    7.143344191717915e-06,
    6.842874881840544e-06,
    7.725893738097511e-06,
    6.747602583345724e-06,
    7.4121121542702895e-06,
    6.470354037446668e-06,
    6.759217740182066e-06,
    5.710035566153238e-06,
    5.6984004004334565e-06,
    6.486923211923568e-06,
    6.488739927590359e-06,
    5.55141014046967e-06,
    5.115626208862523e-06,
    5.6023491197265685e-06,
    5.670990049111424e-06,
    6.565885541931493e-06,
    5.717116891901242e-06,
    6.037026651029009e-06,
    5.710916411771905e-06,
    5.307038463797653e-06,
    4.478843493416207e-06,
    5.574603619606933e-06,
    5.074458840681473e-06,
    4.771797648572829e-06,
    5.672425231750822e-06,
    5.341722044249764e-06,
    5.5219502428371925e-06,
    4.451833774510305e-06,
    4.377523964649299e-06,
    4.151837856625207e-06,
    4.309048108552815e-06,
    4.3196455408178736e-06
  ],
  "actor_loss": [
    5.608066658169264e-06,
    7.778167855576612e-06,
    6.670993116131285e-06,
    7.711404578003567e-06,
    6.290287274168804e-06,
    8.568326848035213e-06,
    7.120577720343135e-06,
    6.6615752984944265e-06,
    6.262171154958196e-06,
    5.783140295534395e-06,
    7.383468528132653e-06,
    7.279942110471893e-06,
    5.6523272178310435e-06,
    5.553802566282684e-06,
    6.373164069373161e-06,
    6.841879894636804e-06,
    7.043844107101904e-06,
    5.4140468819241505e-06,
    6.749814019713085e-06,
    6.1203650147945154e-06,
    5.357226200430887e-06,
    4.141882072872249e-06,
    5.679065452568466e-06,
    5.186714133742498e-06,
    4.659005298890406e-06,
    5.751340722781606e-06,
    5.295457867759978e-06,
    5.798463007522514e-06,
    4.0127702050085645e-06,
    3.848714641208062e-06,
    3.878839834214887e-06,
    3.6795481719309464e-06,
    4.355068085715175e-06
  ]
}