{
  "global_step": [
    19833,
    19834,
    19835,
    19836,
    19837,
    19838,
    19839,
    19840,
    19841,
    19842,
    19843,
    19844,
    19845,
    19846,
    19847,
    19848,
    19849,
    19850,
    19851,
    19852,
    19853,
    19854,
    19855,
    19856,
    19857,
    19858,
    19859,
    19860,
    19861,
    19862,
    19863,
    19864,
    19865
  ],
  "experience_step": [
    32,
    32,
    32,
    32,
    32,
    32,
    32,
    32,
    32,
    32,
    32,
    32,
    32,
    32,
    32,
    32,
    32,
    32,
    32,
    32,
    32,
    32,
    32,
    32,
    32,
    32,
    32,
    32,
    32,
    32,
    32,
    32,
    8
  ],
  "rewards": [
    0.41920575499534607,
    0.5122208595275879,
    0.5421507954597473,
    0.5417671799659729,
    0.5372640490531921,
    0.5354381799697876,
    0.5440179109573364,
    0.5494040250778198,
    0.5480486154556274,
    0.5513436198234558,
    0.5460383892059326,
    0.5481563806533813,
    0.5478590726852417,
    0.5508506894111633,
    0.5470330119132996,
    0.5456967949867249,
    0.546684205532074,
    0.5499964356422424,
    0.546213686466217,
    0.5415703058242798,
    0.5486055016517639,
    0.5486685037612915,
    0.5525873899459839,
    0.5347456932067871,
    0.5333153009414673,
    0.5465928912162781,
    0.5335877537727356,
    0.5197165608406067,
    0.5221863985061646,
    0.5209649801254272,
    0.5048627853393555,
    0.5104917287826538,
    0.5005421042442322
  ],
  "stockouts": [
    0.02556818164885044,
    0.028267044574022293,
    0.00937500037252903,
    0.006534090731292963,
    0.009943181648850441,
    0.009517045691609383,
    0.004261363763362169,
    0.004545454401522875,
    0.004687500186264515,
    0.002698863623663783,
    0.002414772752672434,
    0.003693181788548827,
    0.001704545458778739,
    0.0022727272007614374,
    0.001704545458778739,
    0.000994318164885044,
    0.0002840909000951797,
    0.0007102272938936949,
    0.0012784090358763933,
    0.0005681818001903594,
    0.000994318164885044,
    0.00014204545004758984,
    0.0002840909000951797,
    0.0002840909000951797,
    0.00014204545004758984,
    0.00014204545004758984,
    0.0,
    0.00014204545004758984,
    0.0,
    0.0,
    0.0,
    0.00014204545004758984,
    0.0
  ],
  "waste": [
    0.00884079746901989,
    0.007861003279685974,
    0.00811718124896288,
    0.008151073940098286,
    0.008000087924301624,
    0.00809840951114893,
    0.00819278322160244,
    0.008315574377775192,
    0.008254262618720531,
    0.008288663811981678,
    0.008346212096512318,
    0.008405071683228016,
    0.00850738026201725,
    0.008535266853868961,
    0.00855841301381588,
    0.008698128163814545,
    0.00878485944122076,
    0.008748967200517654,
    0.00879969447851181,
    0.008747519925236702,
    0.008920853026211262,
    0.009005554020404816,
    0.009005858562886715,
    0.009034877642989159,
    0.009104075841605663,
    0.009018856100738049,
    0.009143584407866001,
    0.009367004036903381,
    0.009313507936894894,
    0.009600542485713959,
    0.009517641738057137,
    0.009463939815759659,
    0.009653223678469658
  ],
  "delta": [
    0.21393731236457825,
    0.31612062454223633,
    0.34236234426498413,
    0.3416931629180908,
    0.33665090799331665,
    0.3351168632507324,
    0.34381386637687683,
    0.3482377231121063,
    0.34761303663253784,
    0.3500158488750458,
    0.34551629424095154,
    0.34846052527427673,
    0.34663665294647217,
    0.3508666157722473,
    0.3461717665195465,
    0.3451683819293976,
    0.3462677001953125,
    0.34905770421028137,
    0.34614285826683044,
    0.3407289981842041,
    0.34775590896606445,
    0.3477429449558258,
    0.3519901633262634,
    0.3340165317058563,
    0.3327840268611908,
    0.3453618884086609,
    0.33238500356674194,
    0.31862717866897583,
    0.3212590217590332,
    0.3202957808971405,
    0.3039688766002655,
    0.309597373008728,
    0.2999098002910614
  ],
  "critic_loss": [
    0.0392657108604908,
    0.0569889172911644,
    0.061207570135593414,
    0.06019732356071472,
    0.05947365239262581,
    0.05888175219297409,
    0.06053072586655617,
    0.06219342350959778,
    0.06200099363923073,
    0.06233992055058479,
    0.06065498664975166,
    0.06205187737941742,
    0.06088443845510483,
    0.06239251047372818,
    0.060682669281959534,
    0.06016872078180313,
    0.06044565513730049,
    0.061468202620744705,
    0.06061064824461937,
    0.05857176333665848,
    0.06112181022763252,
    0.06094937026500702,
    0.0624324306845665,
    0.05626368150115013,
    0.05582430586218834,
    0.06009603664278984,
    0.05570239573717117,
    0.05141465365886688,
    0.05218362435698509,
    0.05193876475095749,
    0.046717315912246704,
    0.04844830185174942,
    0.04554298520088196
  ],
  "entropy_adjusted": [
    8.853199915392906e-07,
    9.491610057921207e-07,
    1.2350354836598854e-06,
    1.4576148714695591e-06,
    1.0153482890018495e-06,
    9.033062724483898e-07,
    1.2047543123117066e-06,
    1.382759023726976e-06,
    1.2341840829321882e-06,
    1.7428117189410841e-06,
    1.2444605772543582e-06,
    1.2623080465345993e-06,
    9.463869901082944e-07,
    1.0908782996921218e-06,
    1.2609341411007335e-06,
    8.847129038258572e-07,
    9.306534138886491e-07,
    8.83891345893062e-07,
    7.096177228049783e-07,
    1.4700216297569568e-06,
    9.348979119749856e-07,
    8.175017001121887e-07,
    6.590373686776729e-07,
    7.268674266924791e-07,
    9.822410902415868e-07,
    6.406619377230527e-07,
    1.1815700418082997e-06,
    6.042082532076165e-07,
    6.947353199393547e-07,
    8.492075949106948e-07,
    5.205515662964899e-07,
    3.9134738472057506e-07,
    1.5065926106672123e-07
  ],
  "actor_loss": [
    4.5328542341849243e-07,
    4.652378606806451e-07,
    7.622175530741515e-07,
    8.760417244957353e-07,
    4.721812842944928e-07,
    5.207002118368109e-07,
    6.557305596288643e-07,
    9.222652579410351e-07,
    8.839970746521431e-07,
    1.244520262844162e-06,
    6.835850854258751e-07,
    8.808066809251613e-07,
    5.860821943315386e-07,
    9.421737559023313e-07,
    5.896109769309987e-07,
    5.240663085714914e-07,
    6.485878429884906e-07,
    4.2457685367480735e-07,
    4.175057881639077e-07,
    1.0786827715492109e-06,
    5.472279553941917e-07,
    6.769794822503172e-07,
    4.5291554329196515e-07,
    5.092786068416899e-07,
    6.289569114414917e-07,
    4.2581331172186765e-07,
    8.057643299252959e-07,
    3.010052296303911e-07,
    3.802118726525805e-07,
    3.3667549814708764e-07,
    3.232175060929876e-07,
    1.2298815477151948e-07,
    3.159204009506311e-09
  ]
}