{
  "global_step": [
    11121,
    11122,
    11123,
    11124,
    11125,
    11126,
    11127,
    11128,
    11129,
    11130,
    11131,
    11132,
    11133,
    11134,
    11135,
    11136,
    11137,
    11138,
    11139,
    11140,
    11141,
    11142,
    11143,
    11144,
    11145,
    11146,
    11147,
    11148,
    11149,
    11150,
    11151,
    11152,
    11153
  ],
  "experience_step": [
    32,
    32,
    32,
    32,
    32,
    32,
    32,
    32,
    32,
    32,
    32,
    32,
    32,
    32,
    32,
    32,
    32,
    32,
    32,
    32,
    32,
    32,
    32,
    32,
    32,
    32,
    32,
    32,
    32,
    32,
    32,
    32,
    8
  ],
  "rewards": [
    0.4228728413581848,
    0.5158321857452393,
    0.5293697118759155,
    0.5407612323760986,
    0.5276100039482117,
    0.5387206673622131,
    0.5412756204605103,
    0.547968864440918,
    0.5376644730567932,
    0.5505363345146179,
    0.5486645698547363,
    0.5426127910614014,
    0.5410273671150208,
    0.5490859150886536,
    0.5452857613563538,
    0.5471333861351013,
    0.5454157590866089,
    0.5430065393447876,
    0.5412378311157227,
    0.5392957925796509,
    0.5327118039131165,
    0.5524231791496277,
    0.5446289777755737,
    0.5358895659446716,
    0.5461223125457764,
    0.5467191338539124,
    0.5406764149665833,
    0.5233611464500427,
    0.5154826045036316,
    0.5195222496986389,
    0.5301811695098877,
    0.49887847900390625,
    0.4589654505252838
  ],
  "stockouts": [
    0.020596591755747795,
    0.023721590638160706,
    0.008096590638160706,
    0.005539772566407919,
    0.008096590638160706,
    0.006818181835114956,
    0.003693181788548827,
    0.0022727272007614374,
    0.004119317978620529,
    0.0018465908942744136,
    0.002414772752672434,
    0.0028409091755747795,
    0.0015625000232830644,
    0.0011363636003807187,
    0.000994318164885044,
    0.0008522727293893695,
    0.0005681818001903594,
    0.0002840909000951797,
    0.0005681818001903594,
    0.0005681818001903594,
    0.0008522727293893695,
    0.0002840909000951797,
    0.00014204545004758984,
    0.00014204545004758984,
    0.00014204545004758984,
    0.00014204545004758984,
    0.0002840909000951797,
    0.0,
    0.00014204545004758984,
    0.00014204545004758984,
    0.0,
    0.0,
    0.0
  ],
  "waste": [
    0.009962712414562702,
    0.008950391784310341,
    0.009244520217180252,
    0.009316662326455116,
    0.00924462266266346,
    0.009319225326180458,
    0.009437931701540947,
    0.009528501890599728,
    0.009434989653527737,
    0.00944551732391119,
    0.009515493176877499,
    0.009568321518599987,
    0.009629230946302414,
    0.009650287218391895,
    0.009632019326090813,
    0.009731394238770008,
    0.009786459617316723,
    0.009720207192003727,
    0.009766949340701103,
    0.009772693738341331,
    0.009958632290363312,
    0.009592415764927864,
    0.009862962178885937,
    0.009835264645516872,
    0.009853828698396683,
    0.00980687141418457,
    0.009968471713364124,
    0.010173426009714603,
    0.010167146101593971,
    0.010322457179427147,
    0.010084184817969799,
    0.010351079516112804,
    0.010792464949190617
  ],
  "delta": [
    0.30278444290161133,
    0.4035930335521698,
    0.41400638222694397,
    0.42524954676628113,
    0.41122719645500183,
    0.4226239025592804,
    0.4258461892604828,
    0.4321747422218323,
    0.4211679697036743,
    0.4340258538722992,
    0.43251287937164307,
    0.42621341347694397,
    0.4250102937221527,
    0.43343138694763184,
    0.42943641543388367,
    0.4310903251171112,
    0.4292186498641968,
    0.426554799079895,
    0.42538174986839294,
    0.42236077785491943,
    0.41614022850990295,
    0.4357309639453888,
    0.42782461643218994,
    0.4193597137928009,
    0.4296827018260956,
    0.43026915192604065,
    0.42535656690597534,
    0.40745094418525696,
    0.39934006333351135,
    0.4026723802089691,
    0.4139638841152191,
    0.38237568736076355,
    0.3419564664363861
  ],
  "critic_loss": [
    0.05919615179300308,
    0.08831237256526947,
    0.08919170498847961,
    0.09222232550382614,
    0.08771993219852448,
    0.09172821044921875,
    0.09202664345502853,
    0.0945316031575203,
    0.0903930589556694,
    0.09519396722316742,
    0.09468880295753479,
    0.09207659959793091,
    0.09126821905374527,
    0.09481749683618546,
    0.09299454838037491,
    0.09366963058710098,
    0.09282394498586655,
    0.09165026247501373,
    0.09120247513055801,
    0.08998747169971466,
    0.08752978593111038,
    0.09564635902643204,
    0.09220199286937714,
    0.08867848664522171,
    0.0930311530828476,
    0.09327543526887894,
    0.0912136361002922,
    0.08369764685630798,
    0.08064831048250198,
    0.08182889223098755,
    0.08648459613323212,
    0.07395952194929123,
    0.05939223989844322
  ],
  "entropy_adjusted": [
    1.4995370065662428e-06,
    2.0013051198475296e-06,
    2.312086508027278e-06,
    2.771195340756094e-06,
    1.9272949884907575e-06,
    2.2911353880772367e-06,
    1.9254352991993073e-06,
    1.5158694850470056e-06,
    1.7996800352193532e-06,
    1.7264701455133036e-06,
    1.876929900390678e-06,
    2.3466398033633595e-06,
    1.7784836927603465e-06,
    1.669244738877751e-06,
    2.0263369151507504e-06,
    1.5812906895007472e-06,
    1.95246093426249e-06,
    1.4795974720982485e-06,
    1.9298097413411597e-06,
    1.6335727650584886e-06,
    1.954977733475971e-06,
    1.6136392559928936e-06,
    1.611160655556887e-06,
    1.7754872487785178e-06,
    1.0061979764941498e-06,
    1.581962578711682e-06,
    1.741321170811716e-06,
    1.6037050727391033e-06,
    1.0288943030900555e-06,
    9.525624591333326e-07,
    8.111488796203048e-07,
    1.8308085145690711e-06,
    1.5256925962603418e-06
  ],
  "actor_loss": [
    8.926226655603386e-07,
    1.7609703490961692e-06,
    1.8967422192872618e-06,
    2.6439940938871587e-06,
    1.8138462110073306e-06,
    2.114088829330285e-06,
    1.5635546333214734e-06,
    1.4043091596249724e-06,
    1.6449045006083907e-06,
    1.5684004210925195e-06,
    1.5250628848662018e-06,
    2.15347108678543e-06,
    1.5594387150486e-06,
    1.374396561004687e-06,
    2.0672775917773833e-06,
    1.4140518942440394e-06,
    2.215707581854076e-06,
    1.4892335684635327e-06,
    1.7282777662330773e-06,
    1.3477545053319773e-06,
    1.7685969169178861e-06,
    1.500664893683279e-06,
    1.6528267678950215e-06,
    1.5616800510542816e-06,
    6.920060968695907e-07,
    1.5208738659566734e-06,
    1.6916494587349007e-06,
    1.2925046348755131e-06,
    8.360070182789059e-07,
    5.367321023186378e-07,
    6.130159135864233e-07,
    1.5966213595675072e-06,
    1.2508916142905946e-06
  ]
}