{
  "global_step": [
    11649,
    11650,
    11651,
    11652,
    11653,
    11654,
    11655,
    11656,
    11657,
    11658,
    11659,
    11660,
    11661,
    11662,
    11663,
    11664,
    11665,
    11666,
    11667,
    11668,
    11669,
    11670,
    11671,
    11672,
    11673,
    11674,
    11675,
    11676,
    11677,
    11678,
    11679,
    11680,
    11681
  ],
  "experience_step": [
    32,
    32,
    32,
    32,
    32,
    32,
    32,
    32,
    32,
    32,
    32,
    32,
    32,
    32,
    32,
    32,
    32,
    32,
    32,
    32,
    32,
    32,
    32,
    32,
    32,
    32,
    32,
    32,
    32,
    32,
    32,
    32,
    8
  ],
  "rewards": [
    0.41722992062568665,
    0.5090770721435547,
    0.5328819155693054,
    0.537406861782074,
    0.525931179523468,
    0.5388042330741882,
    0.5431634783744812,
    0.5466662049293518,
    0.5358077883720398,
    0.5437549352645874,
    0.5430101156234741,
    0.5398924350738525,
    0.5457050800323486,
    0.5441396832466125,
    0.5460212826728821,
    0.5418501496315002,
    0.5394654273986816,
    0.5480484962463379,
    0.5488542914390564,
    0.5344991087913513,
    0.5301265716552734,
    0.5400962829589844,
    0.536971926689148,
    0.5352823138237,
    0.5431020855903625,
    0.5276498198509216,
    0.5084865093231201,
    0.5117622017860413,
    0.5206526517868042,
    0.5077940225601196,
    0.5167573690414429,
    0.5033335089683533,
    0.47657132148742676
  ],
  "stockouts": [
    0.01974431797862053,
    0.021732954308390617,
    0.006676136516034603,
    0.0049715908244252205,
    0.007102272938936949,
    0.004403409082442522,
    0.002698863623663783,
    0.0022727272007614374,
    0.0032670453656464815,
    0.0022727272007614374,
    0.002414772752672434,
    0.002698863623663783,
    0.0015625000232830644,
    0.0015625000232830644,
    0.0007102272938936949,
    0.000994318164885044,
    0.00042613636469468474,
    0.0007102272938936949,
    0.0008522727293893695,
    0.0002840909000951797,
    0.0007102272938936949,
    0.00042613636469468474,
    0.0,
    0.00014204545004758984,
    0.00014204545004758984,
    0.00014204545004758984,
    0.0,
    0.0,
    0.00014204545004758984,
    0.00014204545004758984,
    0.0,
    0.0,
    0.0
  ],
  "waste": [
    0.010559892281889915,
    0.009544970467686653,
    0.009892227128148079,
    0.009870970621705055,
    0.009803042747080326,
    0.009929566644132137,
    0.010010394267737865,
    0.009975082240998745,
    0.01009376160800457,
    0.010043580085039139,
    0.00998337659984827,
    0.010108399204909801,
    0.010149615816771984,
    0.010162896476686,
    0.010161645710468292,
    0.010175401344895363,
    0.010320914909243584,
    0.010269557125866413,
    0.010314145125448704,
    0.01034292858093977,
    0.010384585708379745,
    0.010291025973856449,
    0.010447131469845772,
    0.010527309961616993,
    0.010449017398059368,
    0.010525859892368317,
    0.010695550590753555,
    0.01068420335650444,
    0.0107489675283432,
    0.010846992023289204,
    0.010688981041312218,
    0.01079228613525629,
    0.011068163439631462
  ],
  "delta": [
    0.29343900084495544,
    0.3908153772354126,
    0.4127771556377411,
    0.4164496064186096,
    0.4045497477054596,
    0.4173184931278229,
    0.4216177761554718,
    0.4257800579071045,
    0.4141136407852173,
    0.4227774441242218,
    0.42134198546409607,
    0.4193965494632721,
    0.4238746762275696,
    0.42222490906715393,
    0.42473095655441284,
    0.4209342300891876,
    0.4174509346485138,
    0.42723074555397034,
    0.42778271436691284,
    0.41361576318740845,
    0.4085272252559662,
    0.4183773398399353,
    0.41625601053237915,
    0.41374292969703674,
    0.4219813942909241,
    0.40630221366882324,
    0.387398362159729,
    0.390302449464798,
    0.3990575969219208,
    0.38619932532310486,
    0.39534351229667664,
    0.3819781243801117,
    0.3547937870025635
  ],
  "critic_loss": [
    0.057022180408239365,
    0.08297715336084366,
    0.08809037506580353,
    0.08870647102594376,
    0.08468028157949448,
    0.08871876448392868,
    0.09004586189985275,
    0.09185537695884705,
    0.08737363666296005,
    0.09049902856349945,
    0.08995094150304794,
    0.08919741213321686,
    0.09087403118610382,
    0.09001364558935165,
    0.0909353569149971,
    0.08943389356136322,
    0.08778660744428635,
    0.09205403923988342,
    0.09236808866262436,
    0.08629864454269409,
    0.08423927426338196,
    0.08823037892580032,
    0.08727359026670456,
    0.0863426923751831,
    0.08969629555940628,
    0.08315425366163254,
    0.07572194933891296,
    0.07689888030290604,
    0.0803041011095047,
    0.0752970427274704,
    0.0787547305226326,
    0.07381437718868256,
    0.06351099908351898
  ],
  "entropy_adjusted": [
    1.5507334865105804e-06,
    2.211142373198527e-06,
    2.835095301634283e-06,
    2.1218450001470046e-06,
    2.159400082746288e-06,
    2.154685716959648e-06,
    1.7566997030371567e-06,
    1.8124380858353106e-06,
    1.7218476386915427e-06,
    2.039204446191434e-06,
    1.5988049426596262e-06,
    2.001991106226342e-06,
    2.3284387680178043e-06,
    1.1647139217529912e-06,
    1.3906384310757858e-06,
    1.5252325056280824e-06,
    2.050030161626637e-06,
    1.2902024764116504e-06,
    1.238455411112227e-06,
    2.5459414700890193e-06,
    1.6194782119782758e-06,
    1.4227125575416721e-06,
    1.2446531627574586e-06,
    2.200266408181051e-06,
    1.2405484994815197e-06,
    1.2500988759711618e-06,
    1.7210733176398207e-06,
    1.5556178141196142e-06,
    9.101937621380785e-07,
    8.518555887349066e-07,
    9.614157079340657e-07,
    9.309914048571954e-07,
    8.119474728118803e-07
  ],
  "actor_loss": [
    1.144829866461805e-06,
    1.9312260519654956e-06,
    2.473680524417432e-06,
    1.889195686999301e-06,
    1.8135330037694075e-06,
    1.6349722500308417e-06,
    1.8354311350776698e-06,
    1.5225431297949399e-06,
    1.367191089229891e-06,
    1.7009217572194757e-06,
    1.657109692132508e-06,
    1.5161901956162183e-06,
    2.3372078885586234e-06,
    6.579105615855951e-07,
    8.306715244543739e-07,
    1.1216544635317405e-06,
    1.6414137462561484e-06,
    1.2385304444251233e-06,
    9.965222034225008e-07,
    2.3586453608004376e-06,
    1.2874122603534488e-06,
    9.625124448575662e-07,
    8.758944431974669e-07,
    1.7526522242405917e-06,
    1.0847223848031717e-06,
    1.1864581210829783e-06,
    1.2316725133132422e-06,
    1.0322222578906803e-06,
    7.229123752949818e-07,
    6.090149327064864e-07,
    7.421273267027573e-07,
    5.855085305483954e-07,
    5.543960241993773e-07
  ]
}