{
  "global_step": [
    16731,
    16732,
    16733,
    16734,
    16735,
    16736,
    16737,
    16738,
    16739,
    16740,
    16741,
    16742,
    16743,
    16744,
    16745,
    16746,
    16747,
    16748,
    16749,
    16750,
    16751,
    16752,
    16753,
    16754,
    16755,
    16756,
    16757,
    16758,
    16759,
    16760,
    16761,
    16762,
    16763
  ],
  "experience_step": [
    32,
    32,
    32,
    32,
    32,
    32,
    32,
    32,
    32,
    32,
    32,
    32,
    32,
    32,
    32,
    32,
    32,
    32,
    32,
    32,
    32,
    32,
    32,
    32,
    32,
    32,
    32,
    32,
    32,
    32,
    32,
    32,
    8
  ],
  "rewards": [
    0.43691638112068176,
    0.5144330859184265,
    0.5303758978843689,
    0.5455694794654846,
    0.5294328331947327,
    0.537645161151886,
    0.5464508533477783,
    0.5535222887992859,
    0.5382664203643799,
    0.5487924814224243,
    0.5476925373077393,
    0.5447018146514893,
    0.5518443584442139,
    0.5547903776168823,
    0.547284722328186,
    0.5508114099502563,
    0.5445669889450073,
    0.5453065633773804,
    0.5512871742248535,
    0.5365716814994812,
    0.5410351753234863,
    0.548058271408081,
    0.5551431775093079,
    0.5422062277793884,
    0.5519981980323792,
    0.5371783971786499,
    0.5207969546318054,
    0.5207028388977051,
    0.5255178809165955,
    0.5242648124694824,
    0.5218915343284607,
    0.5220503807067871,
    0.5102561116218567
  ],
  "stockouts": [
    0.020738637074828148,
    0.024147726595401764,
    0.008522727526724339,
    0.005397727247327566,
    0.008806818164885044,
    0.007102272938936949,
    0.003409090917557478,
    0.002698863623663783,
    0.004119317978620529,
    0.0022727272007614374,
    0.002414772752672434,
    0.0029829544946551323,
    0.0014204545877873898,
    0.001704545458778739,
    0.000994318164885044,
    0.0007102272938936949,
    0.0005681818001903594,
    0.00042613636469468474,
    0.0011363636003807187,
    0.0007102272938936949,
    0.0007102272938936949,
    0.0002840909000951797,
    0.00014204545004758984,
    0.0,
    0.0,
    0.00014204545004758984,
    0.0,
    0.0,
    0.0,
    0.0,
    0.0,
    0.00014204545004758984,
    0.0
  ],
  "waste": [
    0.009919675067067146,
    0.009042262099683285,
    0.009337963536381721,
    0.009320257231593132,
    0.009204531088471413,
    0.00938593503087759,
    0.009609200991690159,
    0.0094850929453969,
    0.009536725468933582,
    0.009552398696541786,
    0.009627549909055233,
    0.009592963382601738,
    0.009671993553638458,
    0.009775841608643532,
    0.009736234322190285,
    0.009826220571994781,
    0.0099067073315382,
    0.009864634834229946,
    0.009760814718902111,
    0.009980985894799232,
    0.009883108548820019,
    0.009788215160369873,
    0.010003001429140568,
    0.010045873932540417,
    0.01009743008762598,
    0.010134764015674591,
    0.010468555614352226,
    0.010440625250339508,
    0.010467462241649628,
    0.01056190300732851,
    0.010352599434554577,
    0.010591988451778889,
    0.010803988203406334
  ],
  "delta": [
    0.2627231180667877,
    0.34670397639274597,
    0.3600028157234192,
    0.3753821551799774,
    0.35868197679519653,
    0.3675250709056854,
    0.3762217164039612,
    0.38300585746765137,
    0.36741432547569275,
    0.37728700041770935,
    0.3769749402999878,
    0.3747081458568573,
    0.3807465434074402,
    0.3847646415233612,
    0.3765752613544464,
    0.38021257519721985,
    0.37323838472366333,
    0.37424707412719727,
    0.38002458214759827,
    0.36620810627937317,
    0.3698486387729645,
    0.37782958149909973,
    0.38439181447029114,
    0.3709704875946045,
    0.3817535638809204,
    0.3665819466114044,
    0.3496013879776001,
    0.34930220246315,
    0.3543807566165924,
    0.3534901440143585,
    0.35120120644569397,
    0.35109618306159973,
    0.339967280626297
  ],
  "critic_loss": [
    0.046754855662584305,
    0.06655313819646835,
    0.06785707175731659,
    0.07231038808822632,
    0.06730619072914124,
    0.06998158991336823,
    0.07207527756690979,
    0.07448063790798187,
    0.06911913305521011,
    0.07212790846824646,
    0.07215820997953415,
    0.07146221399307251,
    0.0733940452337265,
    0.07484656572341919,
    0.07163382321596146,
    0.07293222844600677,
    0.0703081488609314,
    0.07068571448326111,
    0.07300411909818649,
    0.06773766875267029,
    0.06912925094366074,
    0.07194674015045166,
    0.0744599923491478,
    0.06936399638652802,
    0.0733797624707222,
    0.06780711561441422,
    0.06165670230984688,
    0.06172003224492073,
    0.06369101256132126,
    0.06304927915334702,
    0.06236782670021057,
    0.06231197714805603,
    0.05834471434354782
  ],
  "entropy_adjusted": [
    1.0509327239560662e-06,
    1.130931877924013e-06,
    1.9695187347679166e-06,
    7.652344038433512e-07,
    1.1419547263358254e-06,
    1.0476852594365482e-06,
    9.847191222434049e-07,
    9.732474381962675e-07,
    1.1963405768256052e-06,
    1.3327269243745832e-06,
    1.293424816140032e-06,
    1.2032996892230585e-06,
    1.6199993524423917e-06,
    1.6747731024224777e-06,
    1.6475254369652248e-06,
    7.829875130482833e-07,
    1.4843160442978842e-06,
    1.0486525070518837e-06,
    1.4962879504309967e-06,
    9.132480158768885e-07,
    9.997664847105625e-07,
    1.0070443750009872e-06,
    1.3657894442076213e-06,
    1.4006104720465373e-06,
    7.014148195594316e-07,
    7.626229034940479e-07,
    9.875969908534898e-07,
    1.1595180922086001e-06,
    1.272870122193126e-06,
    9.951522770279553e-07,
    8.25611209620547e-07,
    9.260339197680878e-07,
    1.4810354969085893e-06
  ],
  "actor_loss": [
    6.172716098262754e-07,
    6.526446441057487e-07,
    1.2314991408857168e-06,
    2.8151885089755524e-07,
    8.550446182198357e-07,
    7.67549181546201e-07,
    7.332989184760663e-07,
    7.882454724494892e-07,
    7.645314781257184e-07,
    1.1413170568630449e-06,
    9.337449569102318e-07,
    1.0184265875068377e-06,
    1.360065311928338e-06,
    1.1326006870149286e-06,
    1.2134042890465935e-06,
    4.4869594262308965e-07,
    9.464204708820034e-07,
    6.581184379683691e-07,
    1.1904345456059673e-06,
    4.101454464944254e-07,
    7.080316208885051e-07,
    7.528957439717487e-07,
    1.030102907861874e-06,
    9.127992939284013e-07,
    4.607577466231305e-07,
    3.994498172232852e-07,
    5.471491704156506e-07,
    8.807803055788099e-07,
    1.0047133400803432e-06,
    8.202515573429991e-07,
    2.736857425134076e-07,
    5.618333034362877e-07,
    9.950185813067947e-07
  ]
}