{
  "global_step": [
    11253,
    11254,
    11255,
    11256,
    11257,
    11258,
    11259,
    11260,
    11261,
    11262,
    11263,
    11264,
    11265,
    11266,
    11267,
    11268,
    11269,
    11270,
    11271,
    11272,
    11273,
    11274,
    11275,
    11276,
    11277,
    11278,
    11279,
    11280,
    11281,
    11282,
    11283,
    11284,
    11285
  ],
  "experience_step": [
    32,
    32,
    32,
    32,
    32,
    32,
    32,
    32,
    32,
    32,
    32,
    32,
    32,
    32,
    32,
    32,
    32,
    32,
    32,
    32,
    32,
    32,
    32,
    32,
    32,
    32,
    32,
    32,
    32,
    32,
    32,
    32,
    8
  ],
  "rewards": [
    0.4190081059932709,
    0.505608320236206,
    0.5283229351043701,
    0.5363262295722961,
    0.5309878587722778,
    0.5301064848899841,
    0.5377312302589417,
    0.5446885824203491,
    0.5366466641426086,
    0.5486150979995728,
    0.5396763682365417,
    0.5451779365539551,
    0.5460896492004395,
    0.5421587228775024,
    0.5504164695739746,
    0.5460666418075562,
    0.5460822582244873,
    0.5448498129844666,
    0.5428094267845154,
    0.5390374064445496,
    0.5427811145782471,
    0.5407621264457703,
    0.5465426445007324,
    0.5382605791091919,
    0.5364583134651184,
    0.5381890535354614,
    0.5160179734230042,
    0.515156090259552,
    0.5303511023521423,
    0.5248072743415833,
    0.5236517190933228,
    0.5222596526145935,
    0.49008262157440186
  ],
  "stockouts": [
    0.025426136329770088,
    0.027414772659540176,
    0.009517045691609383,
    0.007102272938936949,
    0.009943181648850441,
    0.009517045691609383,
    0.004545454401522875,
    0.0032670453656464815,
    0.005255681928247213,
    0.0022727272007614374,
    0.0028409091755747795,
    0.0038352273404598236,
    0.0022727272007614374,
    0.0021306818816810846,
    0.0008522727293893695,
    0.000994318164885044,
    0.0008522727293893695,
    0.0005681818001903594,
    0.0008522727293893695,
    0.000994318164885044,
    0.000994318164885044,
    0.00042613636469468474,
    0.00014204545004758984,
    0.00042613636469468474,
    0.0,
    0.00014204545004758984,
    0.0,
    0.00014204545004758984,
    0.00014204545004758984,
    0.00014204545004758984,
    0.0,
    0.0,
    0.0
  ],
  "waste": [
    0.00909932516515255,
    0.008203492499887943,
    0.008468047715723515,
    0.008486527018249035,
    0.008381933905184269,
    0.00849108211696148,
    0.008655902929604053,
    0.008685304783284664,
    0.008588956668972969,
    0.008698482997715473,
    0.008729184046387672,
    0.008693700656294823,
    0.008909057825803757,
    0.008859897963702679,
    0.008935061283409595,
    0.009035864844918251,
    0.00898695643991232,
    0.009001518599689007,
    0.009175842627882957,
    0.009040565229952335,
    0.009080014191567898,
    0.009260169230401516,
    0.009183894842863083,
    0.009166995994746685,
    0.009394166991114616,
    0.009334464557468891,
    0.009635674767196178,
    0.009736111387610435,
    0.00952775590121746,
    0.009709572419524193,
    0.00981032382696867,
    0.009698508307337761,
    0.010300041176378727
  ],
  "delta": [
    0.2971002757549286,
    0.39068812131881714,
    0.41106194257736206,
    0.4191015362739563,
    0.41296252608299255,
    0.41344210505485535,
    0.41991686820983887,
    0.4271426200866699,
    0.4183422923088074,
    0.430924654006958,
    0.4224800169467926,
    0.4274686872959137,
    0.4275622069835663,
    0.4245665669441223,
    0.43322789669036865,
    0.42739516496658325,
    0.4287189841270447,
    0.4265202581882477,
    0.42481979727745056,
    0.42164090275764465,
    0.4250858724117279,
    0.4231516420841217,
    0.4287542402744293,
    0.4201861023902893,
    0.4185325503349304,
    0.419932097196579,
    0.3980880081653595,
    0.3974919617176056,
    0.41264593601226807,
    0.4068993926048279,
    0.40573135018348694,
    0.4047274589538574,
    0.37287789583206177
  ],
  "critic_loss": [
    0.060345496982336044,
    0.08396583795547485,
    0.08807050436735153,
    0.09030160307884216,
    0.08878640830516815,
    0.08849204331636429,
    0.09010348469018936,
    0.09284911304712296,
    0.08967305719852448,
    0.09405580163002014,
    0.09066545218229294,
    0.09307681024074554,
    0.09267158806324005,
    0.09118296951055527,
    0.09472750127315521,
    0.09224174171686172,
    0.09273624420166016,
    0.09174361824989319,
    0.09113691002130508,
    0.08978690952062607,
    0.09116063266992569,
    0.09031448513269424,
    0.09268684685230255,
    0.08906972408294678,
    0.08837233483791351,
    0.08894293010234833,
    0.07998567074537277,
    0.07975587248802185,
    0.08583858609199524,
    0.08352064341306686,
    0.08316293358802795,
    0.08264250308275223,
    0.07027757912874222
  ],
  "entropy_adjusted": [
    2.1459861727635143e-06,
    1.810498929444293e-06,
    2.3802144824003335e-06,
    2.63298852587468e-06,
    1.992884108403814e-06,
    2.2808796984463697e-06,
    2.154332378268009e-06,
    2.3661950763198547e-06,
    1.8698647181736305e-06,
    2.0020258943986846e-06,
    2.3603345198353054e-06,
    1.6427555920017767e-06,
    1.629117605261854e-06,
    1.8019790104517597e-06,
    1.0638339063007152e-06,
    2.205106511610211e-06,
    1.8620086166265537e-06,
    1.9966680611105403e-06,
    1.8449180743118632e-06,
    1.9906353827536805e-06,
    1.4852250842523063e-06,
    8.932391324378841e-07,
    1.4095968481342425e-06,
    2.0942532046319684e-06,
    1.0576246722848737e-06,
    1.4541018344971235e-06,
    1.1863160125358263e-06,
    1.1982062915194547e-06,
    9.056971066456754e-07,
    7.643938602086564e-07,
    9.135684422290069e-07,
    1.3625530073113623e-06,
    1.4682315168101923e-06
  ],
  "actor_loss": [
    1.282013386116887e-06,
    1.1884761761393747e-06,
    2.0619302176783094e-06,
    2.246850044684834e-06,
    1.2144745369369048e-06,
    1.948232466020272e-06,
    1.5460900613106787e-06,
    1.7332719153273501e-06,
    1.2476494930524495e-06,
    1.8118212210538331e-06,
    2.29238116844499e-06,
    1.343257508779061e-06,
    1.0642871757227113e-06,
    1.7017250684148166e-06,
    9.206917184201302e-07,
    2.122847490682034e-06,
    1.4670118844151148e-06,
    1.9394067294342676e-06,
    1.971939809664036e-06,
    1.4952996707506827e-06,
    1.3779264236291056e-06,
    5.027185920880584e-07,
    1.436227194062667e-06,
    1.9115959730697796e-06,
    6.921783324287389e-07,
    1.336025093223725e-06,
    6.278139608184574e-07,
    8.195239615815808e-07,
    6.285517315518518e-07,
    4.969832048118406e-07,
    8.44874136873841e-07,
    1.0381362471889588e-06,
    1.1310452237012214e-06
  ]
}