{
  "global_step": [
    20460,
    20461,
    20462,
    20463,
    20464,
    20465,
    20466,
    20467,
    20468,
    20469,
    20470,
    20471,
    20472,
    20473,
    20474,
    20475,
    20476,
    20477,
    20478,
    20479,
    20480,
    20481,
    20482,
    20483,
    20484,
    20485,
    20486,
    20487,
    20488,
    20489,
    20490,
    20491,
    20492
  ],
  "experience_step": [
    32,
    32,
    32,
    32,
    32,
    32,
    32,
    32,
    32,
    32,
    32,
    32,
    32,
    32,
    32,
    32,
    32,
    32,
    32,
    32,
    32,
    32,
    32,
    32,
    32,
    32,
    32,
    32,
    32,
    32,
    32,
    32,
    8
  ],
  "rewards": [
    0.4328294098377228,
    0.5184424519538879,
    0.533807635307312,
    0.541748583316803,
    0.5279232859611511,
    0.5415540933609009,
    0.5499688982963562,
    0.5493106245994568,
    0.5441946983337402,
    0.5568169355392456,
    0.5535609126091003,
    0.549542248249054,
    0.5483189225196838,
    0.551006555557251,
    0.5435068011283875,
    0.5495868921279907,
    0.546412467956543,
    0.5497525930404663,
    0.5519401431083679,
    0.5470701456069946,
    0.5478323101997375,
    0.5529976487159729,
    0.54813152551651,
    0.541130781173706,
    0.5488102436065674,
    0.5452076196670532,
    0.5251072645187378,
    0.5172322988510132,
    0.5183660387992859,
    0.5149979591369629,
    0.5242206454277039,
    0.501423180103302,
    0.47270774841308594
  ],
  "stockouts": [
    0.020738637074828148,
    0.02386363595724106,
    0.0078125,
    0.005965908989310265,
    0.009943181648850441,
    0.005823863670229912,
    0.002698863623663783,
    0.0022727272007614374,
    0.004119317978620529,
    0.0021306818816810846,
    0.002414772752672434,
    0.002698863623663783,
    0.0015625000232830644,
    0.0012784090358763933,
    0.000994318164885044,
    0.0007102272938936949,
    0.0007102272938936949,
    0.00042613636469468474,
    0.0005681818001903594,
    0.00042613636469468474,
    0.0005681818001903594,
    0.0002840909000951797,
    0.00042613636469468474,
    0.00014204545004758984,
    0.00014204545004758984,
    0.0002840909000951797,
    0.00014204545004758984,
    0.0,
    0.00014204545004758984,
    0.0,
    0.0,
    0.0,
    0.0
  ],
  "waste": [
    0.00986889936029911,
    0.00898840744048357,
    0.009198474697768688,
    0.009130125865340233,
    0.009057629853487015,
    0.009226747788488865,
    0.009263863787055016,
    0.009335548616945744,
    0.00923530850559473,
    0.0092999916523695,
    0.00933537632226944,
    0.009396248497068882,
    0.009320092387497425,
    0.009590644389390945,
    0.009472411125898361,
    0.009615728631615639,
    0.009613988921046257,
    0.009557073935866356,
    0.00959651917219162,
    0.009598110802471638,
    0.009678617119789124,
    0.009501083754003048,
    0.009665237739682198,
    0.009764276444911957,
    0.00984502024948597,
    0.009672246873378754,
    0.010064068250358105,
    0.010030289180576801,
    0.01017848402261734,
    0.010180488228797913,
    0.010019400157034397,
    0.01033260952681303,
    0.010761518962681293
  ],
  "delta": [
    0.22206054627895355,
    0.31501659750938416,
    0.32792243361473083,
    0.3353550434112549,
    0.3201468586921692,
    0.33508577942848206,
    0.3437725901603699,
    0.3426508903503418,
    0.33728116750717163,
    0.34982624650001526,
    0.3463290333747864,
    0.34255266189575195,
    0.34151986241340637,
    0.34465357661247253,
    0.3367176651954651,
    0.3426750600337982,
    0.33902695775032043,
    0.34263336658477783,
    0.3446965217590332,
    0.3402700126171112,
    0.34064117074012756,
    0.34624162316322327,
    0.34133681654930115,
    0.3340397775173187,
    0.34239453077316284,
    0.3374880850315094,
    0.31858721375465393,
    0.3104588985443115,
    0.31124821305274963,
    0.3079436421394348,
    0.3166485130786896,
    0.294851154088974,
    0.2649727165699005
  ],
  "critic_loss": [
    0.03807469457387924,
    0.055661991238594055,
    0.05637098476290703,
    0.05799919366836548,
    0.05448807030916214,
    0.05801061540842056,
    0.06017262861132622,
    0.0598447285592556,
    0.058581914752721786,
    0.062134090811014175,
    0.06089814752340317,
    0.05971924588084221,
    0.05924070626497269,
    0.060073401778936386,
    0.057350628077983856,
    0.05929683521389961,
    0.0580928809940815,
    0.05923739820718765,
    0.0600317046046257,
    0.05840581655502319,
    0.05867308750748634,
    0.06047964468598366,
    0.058815110474824905,
    0.056281667202711105,
    0.05918852984905243,
    0.05752282217144966,
    0.05128573626279831,
    0.04875272139906883,
    0.049078285694122314,
    0.04818998649716377,
    0.0507347397506237,
    0.044112689793109894,
    0.03583904728293419
  ],
  "entropy_adjusted": [
    1.2987861737201456e-06,
    1.2594939562404761e-06,
    7.240998911584029e-07,
    1.204154614242725e-06,
    1.0937280876532895e-06,
    1.1538684248080244e-06,
    1.0656085578375496e-06,
    7.019535814833944e-07,
    6.386845257111418e-07,
    9.651365644458565e-07,
    1.1127457355541992e-06,
    1.1037560625482001e-06,
    9.537218375044176e-07,
    9.027527880789421e-07,
    9.962326430468238e-07,
    7.515984066230885e-07,
    7.650038469364517e-07,
    1.0632193152559921e-06,
    9.628697625885252e-07,
    7.235427119667293e-07,
    9.267601512874535e-07,
    4.4334251469990704e-07,
    9.605161039871746e-07,
    8.792171684035566e-07,
    5.860509304511652e-07,
    8.883141617843648e-07,
    8.044835340115242e-07,
    7.519211635553802e-07,
    8.254668841800594e-07,
    5.005208549846429e-07,
    5.559837177315785e-07,
    6.883476544317091e-07,
    7.849047847230395e-07
  ],
  "actor_loss": [
    7.226877869470627e-07,
    9.630811064198497e-07,
    4.613918918039417e-07,
    7.329804816436081e-07,
    4.391832817418617e-07,
    6.383456820913125e-07,
    7.134348720683192e-07,
    4.2902343011519406e-07,
    3.1823515200812835e-07,
    6.316838039310824e-07,
    6.324910373223247e-07,
    6.830491088294366e-07,
    5.499763346961117e-07,
    5.351649292606453e-07,
    7.343815582316893e-07,
    3.118751124020491e-07,
    2.700599281979521e-07,
    5.347030196389824e-07,
    7.702129209974373e-07,
    6.1841154774811e-07,
    4.710653342954174e-07,
    1.0081671319994712e-07,
    7.753259296805481e-07,
    4.536546214239934e-07,
    4.1004292938850995e-07,
    6.70778717903886e-07,
    4.049312849474518e-07,
    4.6835100420139497e-07,
    3.0702275921612454e-07,
    2.9011127367084555e-07,
    2.490730821591569e-07,
    3.219855955194362e-07,
    3.719482322139811e-07
  ]
}