{
  "global_step": [
    17391,
    17392,
    17393,
    17394,
    17395,
    17396,
    17397,
    17398,
    17399,
    17400,
    17401,
    17402,
    17403,
    17404,
    17405,
    17406,
    17407,
    17408,
    17409,
    17410,
    17411,
    17412,
    17413,
    17414,
    17415,
    17416,
    17417,
    17418,
    17419,
    17420,
    17421,
    17422,
    17423
  ],
  "experience_step": [
    32,
    32,
    32,
    32,
    32,
    32,
    32,
    32,
    32,
    32,
    32,
    32,
    32,
    32,
    32,
    32,
    32,
    32,
    32,
    32,
    32,
    32,
    32,
    32,
    32,
    32,
    32,
    32,
    32,
    32,
    32,
    32,
    8
  ],
  "rewards": [
    0.43578097224235535,
    0.5128108263015747,
    0.5327079892158508,
    0.5445184111595154,
    0.5281367897987366,
    0.5314674377441406,
    0.5404888391494751,
    0.5468695163726807,
    0.5424932837486267,
    0.5483421087265015,
    0.5463749170303345,
    0.5459150671958923,
    0.5479080080986023,
    0.5406137704849243,
    0.5465695261955261,
    0.5450499653816223,
    0.5493767857551575,
    0.5503978729248047,
    0.5449756383895874,
    0.5360892415046692,
    0.5459228754043579,
    0.5487810373306274,
    0.5438820123672485,
    0.5346471667289734,
    0.5352576971054077,
    0.5363170504570007,
    0.5303710103034973,
    0.5284282565116882,
    0.5274021625518799,
    0.5241084098815918,
    0.5242297649383545,
    0.5119378566741943,
    0.4728425443172455
  ],
  "stockouts": [
    0.022017044946551323,
    0.025710226967930794,
    0.008238635957241058,
    0.005823863670229912,
    0.010511363856494427,
    0.007954545319080353,
    0.003977272659540176,
    0.0029829544946551323,
    0.005255681928247213,
    0.0028409091755747795,
    0.002414772752672434,
    0.0029829544946551323,
    0.001988636329770088,
    0.0018465908942744136,
    0.000994318164885044,
    0.0011363636003807187,
    0.000994318164885044,
    0.0005681818001903594,
    0.0012784090358763933,
    0.00042613636469468474,
    0.000994318164885044,
    0.0007102272938936949,
    0.0,
    0.0005681818001903594,
    0.00042613636469468474,
    0.00014204545004758984,
    0.0002840909000951797,
    0.0,
    0.00014204545004758984,
    0.0002840909000951797,
    0.00014204545004758984,
    0.00042613636469468474,
    0.0
  ],
  "waste": [
    0.00957322958856821,
    0.008737663738429546,
    0.008929953910410404,
    0.00887285452336073,
    0.008827242068946362,
    0.008960157632827759,
    0.009116187691688538,
    0.009100206196308136,
    0.00888716522604227,
    0.009034732356667519,
    0.009033582173287868,
    0.008977320045232773,
    0.009166953153908253,
    0.009255894459784031,
    0.009263440035283566,
    0.009298572316765785,
    0.009291369467973709,
    0.009237331338226795,
    0.009413396939635277,
    0.009288480505347252,
    0.009238685481250286,
    0.00937769003212452,
    0.009485924616456032,
    0.009486191906034946,
    0.009579925797879696,
    0.009422115981578827,
    0.009647592902183533,
    0.009650813415646553,
    0.00974933709949255,
    0.009748046286404133,
    0.00977057684212923,
    0.00985060352832079,
    0.010320496745407581
  ],
  "delta": [
    0.25463831424713135,
    0.33913394808769226,
    0.3551112413406372,
    0.36774277687072754,
    0.35022106766700745,
    0.35506799817085266,
    0.36342814564704895,
    0.3696171045303345,
    0.3655463755130768,
    0.3704528212547302,
    0.36911511421203613,
    0.3694969415664673,
    0.3701499104499817,
    0.3636660575866699,
    0.36969611048698425,
    0.3677882254123688,
    0.37249839305877686,
    0.3731691539287567,
    0.3680706322193146,
    0.3592887818813324,
    0.367463618516922,
    0.3719518482685089,
    0.36674174666404724,
    0.35678616166114807,
    0.35777533054351807,
    0.3593410551548004,
    0.3523346185684204,
    0.35061541199684143,
    0.35005131363868713,
    0.3459846079349518,
    0.34652870893478394,
    0.33392879366874695,
    0.29623347520828247
  ],
  "critic_loss": [
    0.04593692347407341,
    0.0644448846578598,
    0.0661488026380539,
    0.06949974596500397,
    0.0647260770201683,
    0.06548565626144409,
    0.06744259595870972,
    0.0696617066860199,
    0.0686086118221283,
    0.0699760690331459,
    0.06918638944625854,
    0.06937900930643082,
    0.06949163973331451,
    0.06691889464855194,
    0.06907328963279724,
    0.06834479421377182,
    0.0700741708278656,
    0.07026655972003937,
    0.06855446845293045,
    0.06516610831022263,
    0.06831120699644089,
    0.06977803260087967,
    0.0677611231803894,
    0.06429056078195572,
    0.06469876319169998,
    0.06507989019155502,
    0.06264108419418335,
    0.06205635517835617,
    0.06191345676779747,
    0.06049087643623352,
    0.060696061700582504,
    0.056442610919475555,
    0.04477318748831749
  ],
  "entropy_adjusted": [
    1.6983597106445814e-06,
    8.595333156335982e-07,
    1.5824819001863943e-06,
    1.4540476058755303e-06,
    1.5612869219694403e-06,
    1.3413751958069042e-06,
    1.5416655969602289e-06,
    9.788489023776492e-07,
    1.0578386309134657e-06,
    1.2060183962603332e-06,
    5.931683517701458e-07,
    9.744267117639538e-07,
    1.4725675328008947e-06,
    1.5825676200620364e-06,
    9.029429293150315e-07,
    8.323685847244633e-07,
    9.997582992582466e-07,
    1.009019797493238e-06,
    1.354591745439393e-06,
    1.410421191394562e-06,
    1.682657966739498e-06,
    4.322489246533223e-07,
    8.246834681813198e-07,
    1.5275832083716523e-06,
    1.0595903177090804e-06,
    9.766268931343802e-07,
    1.2203537380628404e-06,
    1.1018565828635474e-06,
    7.502706580453378e-07,
    7.822065413165546e-07,
    1.3311113207237213e-06,
    6.748784926458029e-07,
    1.0073921430375776e-06
  ],
  "actor_loss": [
    8.593282814217673e-07,
    4.858020474785008e-07,
    9.772077191883e-07,
    9.824585731621482e-07,
    1.1880832744282088e-06,
    8.429528293163457e-07,
    1.07876314814348e-06,
    6.394132583409373e-07,
    6.712427307320468e-07,
    7.051377792777203e-07,
    2.585309175628936e-07,
    7.659201060050691e-07,
    1.0530906138228602e-06,
    1.130656983150402e-06,
    4.770702162204543e-07,
    3.503189134335116e-07,
    8.863349307830504e-07,
    7.39993652132398e-07,
    9.002157526083465e-07,
    9.016668514050252e-07,
    1.2526659247669159e-06,
    1.363157338118981e-07,
    4.3212583022977924e-07,
    1.026654899760615e-06,
    8.825952022561978e-07,
    5.269853886602505e-07,
    8.386188596887223e-07,
    7.984634748936514e-07,
    4.956289103574818e-07,
    4.809804750038893e-07,
    9.303619776801497e-07,
    4.112611122764065e-07,
    5.532832574317581e-07
  ]
}