{
  "global_step": [
    8514,
    8515,
    8516,
    8517,
    8518,
    8519,
    8520,
    8521,
    8522,
    8523,
    8524,
    8525,
    8526,
    8527,
    8528,
    8529,
    8530,
    8531,
    8532,
    8533,
    8534,
    8535,
    8536,
    8537,
    8538,
    8539,
    8540,
    8541,
    8542,
    8543,
    8544,
    8545,
    8546
  ],
  "experience_step": [
    32,
    32,
    32,
    32,
    32,
    32,
    32,
    32,
    32,
    32,
    32,
    32,
    32,
    32,
    32,
    32,
    32,
    32,
    32,
    32,
    32,
    32,
    32,
    32,
    32,
    32,
    32,
    32,
    32,
    32,
    32,
    32,
    8
  ],
  "rewards": [
    0.41768935322761536,
    0.5022289752960205,
    0.5270637273788452,
    0.5352794528007507,
    0.5294690728187561,
    0.5355472564697266,
    0.5348924994468689,
    0.5401758551597595,
    0.5368916392326355,
    0.543967068195343,
    0.5396713614463806,
    0.5377398133277893,
    0.545026957988739,
    0.5450214147567749,
    0.5349868535995483,
    0.5407465100288391,
    0.5364242196083069,
    0.545174241065979,
    0.5429585576057434,
    0.5289784073829651,
    0.5382527709007263,
    0.5448694229125977,
    0.5378752946853638,
    0.5384412407875061,
    0.5413264632225037,
    0.5358535647392273,
    0.5226529836654663,
    0.5246429443359375,
    0.5098487734794617,
    0.5178319215774536,
    0.5194776654243469,
    0.5044475197792053,
    0.48371148109436035
  ],
  "stockouts": [
    0.020170453935861588,
    0.024147726595401764,
    0.0072443182580173016,
    0.005397727247327566,
    0.008522727526724339,
    0.005965908989310265,
    0.003409090917557478,
    0.0028409091755747795,
    0.003977272659540176,
    0.002414772752672434,
    0.0025568180717527866,
    0.0031250000465661287,
    0.0015625000232830644,
    0.001704545458778739,
    0.0008522727293893695,
    0.0011363636003807187,
    0.00042613636469468474,
    0.0005681818001903594,
    0.0008522727293893695,
    0.0008522727293893695,
    0.0007102272938936949,
    0.00042613636469468474,
    0.00042613636469468474,
    0.00014204545004758984,
    0.0002840909000951797,
    0.00014204545004758984,
    0.00014204545004758984,
    0.0,
    0.00014204545004758984,
    0.0,
    0.0,
    0.0,
    0.0
  ],
  "waste": [
    0.009902901016175747,
    0.009254056960344315,
    0.009479041211307049,
    0.009345613420009613,
    0.009261033497750759,
    0.009472483769059181,
    0.009538298472762108,
    0.00960923545062542,
    0.009480146691203117,
    0.009500605054199696,
    0.009632112458348274,
    0.009644702076911926,
    0.009659212082624435,
    0.009605228900909424,
    0.009551458992064,
    0.009679957292973995,
    0.009669742546975613,
    0.009526267647743225,
    0.009564978070557117,
    0.009626462124288082,
    0.009684686549007893,
    0.009470914490520954,
    0.009567178785800934,
    0.009515141136944294,
    0.009547038935124874,
    0.009458283893764019,
    0.009698211215436459,
    0.009728523902595043,
    0.009942754171788692,
    0.009903274476528168,
    0.009836736135184765,
    0.0100531792268157,
    0.010334959253668785
  ],
  "delta": [
    0.3244379162788391,
    0.41439929604530334,
    0.43670427799224854,
    0.44520407915115356,
    0.4383070468902588,
    0.4458235204219818,
    0.4442140758037567,
    0.450301855802536,
    0.44635578989982605,
    0.4530542194843292,
    0.44957420229911804,
    0.4477849006652832,
    0.4541509449481964,
    0.45491307973861694,
    0.4444698095321655,
    0.45051705837249756,
    0.44585999846458435,
    0.45435288548469543,
    0.4522249400615692,
    0.43841877579689026,
    0.44737786054611206,
    0.4541274309158325,
    0.44757968187332153,
    0.44774478673934937,
    0.4500565826892853,
    0.44505634903907776,
    0.4318142831325531,
    0.4338523745536804,
    0.4187454283237457,
    0.42739245295524597,
    0.42911049723625183,
    0.4137539267539978,
    0.39304664731025696
  ],
  "critic_loss": [
    0.067774198949337,
    0.09396764636039734,
    0.09867298603057861,
    0.10110031813383102,
    0.09944090247154236,
    0.10146014392375946,
    0.10018672794103622,
    0.10273609310388565,
    0.10140696167945862,
    0.1038881316781044,
    0.10229143500328064,
    0.1018248125910759,
    0.10416419804096222,
    0.10441112518310547,
    0.0996641218662262,
    0.10242890566587448,
    0.100248321890831,
    0.10402188450098038,
    0.10320351272821426,
    0.09705245494842529,
    0.10094514489173889,
    0.10392799228429794,
    0.10083784908056259,
    0.10087120532989502,
    0.10202882438898087,
    0.09972482174634933,
    0.09388870000839233,
    0.09477773308753967,
    0.08838123828172684,
    0.09204699844121933,
    0.09291555732488632,
    0.0862632766366005,
    0.0779871866106987
  ],
  "entropy_adjusted": [
    2.1960079266136745e-06,
    2.5928088689397555e-06,
    2.3788795715518063e-06,
    1.914905396915856e-06,
    2.3623699689778732e-06,
    2.8706356260954635e-06,
    1.8440317717249854e-06,
    1.8009021687248605e-06,
    3.0682347187394043e-06,
    2.7472979127196595e-06,
    1.971858182514552e-06,
    2.3885120299382834e-06,
    3.327656258989009e-06,
    2.2515057480632095e-06,
    2.7611420136963716e-06,
    1.98971179088403e-06,
    2.6116344997717533e-06,
    1.976039129658602e-06,
    3.124428985756822e-06,
    2.3227551082527498e-06,
    1.8722487311606528e-06,
    2.0299303287174553e-06,
    2.5514136723359115e-06,
    1.7017362097249134e-06,
    1.6422904991486575e-06,
    1.992982561205281e-06,
    2.2587753392144805e-06,
    1.952187631104607e-06,
    1.513927486485045e-06,
    1.0540954917814815e-06,
    1.7172836805912084e-06,
    1.978159843929461e-06,
    5.193126071389997e-07
  ],
  "actor_loss": [
    1.7288723483943613e-06,
    2.739478759394842e-06,
    1.876142164292105e-06,
    1.945876192621654e-06,
    1.8288482124262373e-06,
    3.0044650429772446e-06,
    1.5510466937485035e-06,
    1.740047878229234e-06,
    2.8155734526080778e-06,
    2.9671844004042214e-06,
    1.8567712913863943e-06,
    2.166768354072701e-06,
    3.804361085713026e-06,
    2.3363311356661143e-06,
    2.774554786810768e-06,
    2.023853312493884e-06,
    2.492815610821708e-06,
    1.7551985820318805e-06,
    3.5319158087077085e-06,
    2.348401039853343e-06,
    1.980063871087623e-06,
    2.165106252505211e-06,
    2.6846191758522764e-06,
    1.3813172472509905e-06,
    1.2271194691493292e-06,
    2.025025423790794e-06,
    2.0719180611195043e-06,
    1.6700513469913858e-06,
    1.2042357866448583e-06,
    9.012021564558381e-07,
    1.621425667508447e-06,
    1.944211589943734e-06,
    7.852380434769657e-08
  ]
}