{
  "global_step": [
    14091,
    14092,
    14093,
    14094,
    14095,
    14096,
    14097,
    14098,
    14099,
    14100,
    14101,
    14102,
    14103,
    14104,
    14105,
    14106,
    14107,
    14108,
    14109,
    14110,
    14111,
    14112,
    14113,
    14114,
    14115,
    14116,
    14117,
    14118,
    14119,
    14120,
    14121,
    14122,
    14123
  ],
  "experience_step": [
    32,
    32,
    32,
    32,
    32,
    32,
    32,
    32,
    32,
    32,
    32,
    32,
    32,
    32,
    32,
    32,
    32,
    32,
    32,
    32,
    32,
    32,
    32,
    32,
    32,
    32,
    32,
    32,
    32,
    32,
    32,
    32,
    8
  ],
  "rewards": [
    0.4130680561065674,
    0.5037073493003845,
    0.5368813276290894,
    0.5382524728775024,
    0.5301774144172668,
    0.5317122936248779,
    0.5429089665412903,
    0.5474355816841125,
    0.5407211780548096,
    0.5442976355552673,
    0.5446023344993591,
    0.5513268709182739,
    0.5436515808105469,
    0.5424808263778687,
    0.5539799928665161,
    0.5450544953346252,
    0.5529406666755676,
    0.5509880781173706,
    0.537184476852417,
    0.546166181564331,
    0.5448231101036072,
    0.5449283123016357,
    0.5435453653335571,
    0.5325401425361633,
    0.5397454500198364,
    0.5423455834388733,
    0.5388080477714539,
    0.514626145362854,
    0.5287692546844482,
    0.5176419615745544,
    0.5181390643119812,
    0.513326108455658,
    0.4819389283657074
  ],
  "stockouts": [
    0.025426136329770088,
    0.02911931835114956,
    0.010085226967930794,
    0.006534090731292963,
    0.011363636702299118,
    0.00909090880304575,
    0.0049715908244252205,
    0.003409090917557478,
    0.0049715908244252205,
    0.003693181788548827,
    0.0032670453656464815,
    0.004261363763362169,
    0.0021306818816810846,
    0.0025568180717527866,
    0.0014204545877873898,
    0.000994318164885044,
    0.0012784090358763933,
    0.0008522727293893695,
    0.0012784090358763933,
    0.0014204545877873898,
    0.0008522727293893695,
    0.00042613636469468474,
    0.0005681818001903594,
    0.0005681818001903594,
    0.0,
    0.0002840909000951797,
    0.0,
    0.00014204545004758984,
    0.00042613636469468474,
    0.00014204545004758984,
    0.00014204545004758984,
    0.00042613636469468474,
    0.0
  ],
  "waste": [
    0.00901546236127615,
    0.00796475913375616,
    0.008177882060408592,
    0.008211936801671982,
    0.0081581249833107,
    0.00810924731194973,
    0.008304496295750141,
    0.008395197801291943,
    0.00829814001917839,
    0.008349668234586716,
    0.008376403711736202,
    0.008337963372468948,
    0.008405100554227829,
    0.008507011458277702,
    0.00842337030917406,
    0.00847367662936449,
    0.008592546917498112,
    0.008529170416295528,
    0.008567238226532936,
    0.008444711565971375,
    0.008555835112929344,
    0.008606676943600178,
    0.008719760924577713,
    0.008634362369775772,
    0.008718657307326794,
    0.008830102160573006,
    0.008745371364057064,
    0.009030953049659729,
    0.008955868892371655,
    0.009184660390019417,
    0.009234660305082798,
    0.009163434617221355,
    0.009448455646634102
  ],
  "delta": [
    0.2641374468803406,
    0.36213579773902893,
    0.3926486670970917,
    0.3938349783420563,
    0.3850145936012268,
    0.3867252767086029,
    0.39869147539138794,
    0.40283069014549255,
    0.3955259919166565,
    0.39978066086769104,
    0.39929643273353577,
    0.4061122536659241,
    0.39844846725463867,
    0.3964739143848419,
    0.4089779257774353,
    0.40039438009262085,
    0.40813446044921875,
    0.40625256299972534,
    0.3918149769306183,
    0.40123263001441956,
    0.3992234766483307,
    0.39953145384788513,
    0.39804473519325256,
    0.3876953721046448,
    0.39398157596588135,
    0.3963153064250946,
    0.39291656017303467,
    0.3688957095146179,
    0.38321492075920105,
    0.37205401062965393,
    0.3731979429721832,
    0.36815255880355835,
    0.3362486958503723
  ],
  "critic_loss": [
    0.050647374242544174,
    0.07297351211309433,
    0.08067250996828079,
    0.07957488298416138,
    0.07787281274795532,
    0.07758554816246033,
    0.0810917392373085,
    0.08257191628217697,
    0.07996663451194763,
    0.08143416047096252,
    0.08125081658363342,
    0.08416108042001724,
    0.08041897416114807,
    0.07961326837539673,
    0.08449861407279968,
    0.08094225823879242,
    0.08408039808273315,
    0.08323469012975693,
    0.07764722406864166,
    0.08128970116376877,
    0.08039817214012146,
    0.08044466376304626,
    0.07992382347583771,
    0.0758192241191864,
    0.07827422767877579,
    0.07916595041751862,
    0.07779426872730255,
    0.06884478777647018,
    0.07417136430740356,
    0.06993516534566879,
    0.07040417194366455,
    0.06859809905290604,
    0.05733049660921097
  ],
  "entropy_adjusted": [
    1.864007117546862e-06,
    1.7897416455525672e-06,
    1.9397627966100117e-06,
    2.2804395030107116e-06,
    2.243482867925195e-06,
    1.6316231494784006e-06,
    2.102158759953454e-06,
    1.2891655387647916e-06,
    1.3840059409631067e-06,
    1.7983409179578302e-06,
    1.586081111781823e-06,
    1.3700340559807955e-06,
    1.0928533811238594e-06,
    1.0074983265440096e-06,
    1.627922188163211e-06,
    1.4372558325703721e-06,
    1.432090243724815e-06,
    1.1846359484479763e-06,
    1.244709778802644e-06,
    1.180871208816825e-06,
    1.128274561779108e-06,
    9.081991834136716e-07,
    1.6186701259357505e-06,
    1.4266597645473666e-06,
    8.644530566925823e-07,
    1.423207550033112e-06,
    9.490996717431699e-07,
    5.289933255880896e-07,
    9.4784672910464e-07,
    1.371837242913898e-06,
    1.5287524774976191e-06,
    8.133284836731036e-07,
    7.410084208459011e-07
  ],
  "actor_loss": [
    1.4819578382230247e-06,
    1.0797023151098983e-06,
    1.5515796576437424e-06,
    1.978585487449891e-06,
    2.0269162632757798e-06,
    1.0129969041372533e-06,
    2.189310635003494e-06,
    9.098225177694985e-07,
    9.766274615685688e-07,
    1.3247366723589948e-06,
    1.2041775789839448e-06,
    1.3369756288739154e-06,
    9.527756219540606e-07,
    7.04985552602011e-07,
    1.060133627106552e-06,
    1.0848569900190341e-06,
    1.117684746532177e-06,
    1.0095387779074372e-06,
    1.1643523976090364e-06,
    8.762601737544173e-07,
    1.0612679943733383e-06,
    8.618800961812667e-07,
    1.3846354249835713e-06,
    1.1983549939031946e-06,
    5.103565854369663e-07,
    1.5132359294511843e-06,
    7.533610641985433e-07,
    2.921343309481017e-07,
    6.088302484386077e-07,
    8.159712479027803e-07,
    1.0549933904258069e-06,
    6.38032645383646e-07,
    1.6859145546277432e-07
  ]
}