{
  "global_step": [
    5181,
    5182,
    5183,
    5184,
    5185,
    5186,
    5187,
    5188,
    5189,
    5190,
    5191,
    5192,
    5193,
    5194,
    5195,
    5196,
    5197,
    5198,
    5199,
    5200,
    5201,
    5202,
    5203,
    5204,
    5205,
    5206,
    5207,
    5208,
    5209,
    5210,
    5211,
    5212,
    5213
  ],
  "experience_step": [
    32,
    32,
    32,
    32,
    32,
    32,
    32,
    32,
    32,
    32,
    32,
    32,
    32,
    32,
    32,
    32,
    32,
    32,
    32,
    32,
    32,
    32,
    32,
    32,
    32,
    32,
    32,
    32,
    32,
    32,
    32,
    32,
    8
  ],
  "rewards": [
    0.4092150032520294,
    0.4966675639152527,
    0.5132564902305603,
    0.5209569931030273,
    0.5082215070724487,
    0.5199730396270752,
    0.5205506682395935,
    0.5227565169334412,
    0.5267210006713867,
    0.5222909450531006,
    0.520881175994873,
    0.5313839316368103,
    0.5256925821304321,
    0.5277751684188843,
    0.5212770700454712,
    0.5252364873886108,
    0.5203605890274048,
    0.5327094793319702,
    0.5230156183242798,
    0.5043929815292358,
    0.5032396912574768,
    0.5196127891540527,
    0.5140141248703003,
    0.5057426691055298,
    0.5162276029586792,
    0.5157054662704468,
    0.4902127981185913,
    0.49244460463523865,
    0.49786901473999023,
    0.4759529232978821,
    0.49250417947769165,
    0.4746106266975403,
    0.4721313416957855
  ],
  "stockouts": [
    0.020028408616781235,
    0.022727273404598236,
    0.00639204541221261,
    0.0049715908244252205,
    0.0078125,
    0.005823863670229912,
    0.0032670453656464815,
    0.0028409091755747795,
    0.004261363763362169,
    0.0031250000465661287,
    0.002698863623663783,
    0.0025568180717527866,
    0.0012784090358763933,
    0.0014204545877873898,
    0.0008522727293893695,
    0.0011363636003807187,
    0.0005681818001903594,
    0.0005681818001903594,
    0.0007102272938936949,
    0.0005681818001903594,
    0.0005681818001903594,
    0.0005681818001903594,
    0.00014204545004758984,
    0.0,
    0.00014204545004758984,
    0.00014204545004758984,
    0.0,
    0.0002840909000951797,
    0.0002840909000951797,
    0.0,
    0.0,
    0.0,
    0.0
  ],
  "waste": [
    0.010337788611650467,
    0.009316541254520416,
    0.009730268269777298,
    0.009760086424648762,
    0.009736498817801476,
    0.009765091352164745,
    0.00982984621077776,
    0.009875474497675896,
    0.009741616435348988,
    0.009852946735918522,
    0.009942195378243923,
    0.009956827387213707,
    0.009999494068324566,
    0.00995941273868084,
    0.01004245039075613,
    0.010006425902247429,
    0.01004255935549736,
    0.010039201006293297,
    0.01026642881333828,
    0.010322469286620617,
    0.010373716242611408,
    0.010212178342044353,
    0.010408485308289528,
    0.010628572665154934,
    0.01029985398054123,
    0.010467562824487686,
    0.01070956140756607,
    0.010685114189982414,
    0.010694433003664017,
    0.011020330712199211,
    0.010749801993370056,
    0.010973778553307056,
    0.011135810054838657
  ],
  "delta": [
    0.3508697748184204,
    0.43972232937812805,
    0.4566761255264282,
    0.46468377113342285,
    0.4508293867111206,
    0.4627191424369812,
    0.46331533789634705,
    0.46527647972106934,
    0.4696231186389923,
    0.46506017446517944,
    0.4639098346233368,
    0.47474607825279236,
    0.46847930550575256,
    0.4700416624546051,
    0.46372655034065247,
    0.4675026834011078,
    0.46261778473854065,
    0.47499334812164307,
    0.46486517786979675,
    0.44682610034942627,
    0.4463461935520172,
    0.4626748561859131,
    0.45566678047180176,
    0.4485015273094177,
    0.4583892226219177,
    0.45773759484291077,
    0.4325961768627167,
    0.43495097756385803,
    0.4406006336212158,
    0.418623149394989,
    0.4350779354572296,
    0.4166926443576813,
    0.41423994302749634
  ],
  "critic_loss": [
    0.07901602983474731,
    0.10862616449594498,
    0.10866421461105347,
    0.11083924025297165,
    0.10649453848600388,
    0.11026943475008011,
    0.10933294892311096,
    0.11018367111682892,
    0.11279233545064926,
    0.11007118225097656,
    0.10944635421037674,
    0.11443228274583817,
    0.11096217483282089,
    0.11173837631940842,
    0.10853349417448044,
    0.11057451367378235,
    0.10802160948514938,
    0.11379694193601608,
    0.10906028747558594,
    0.10088517516851425,
    0.10066301375627518,
    0.10799039155244827,
    0.10465029627084732,
    0.10150023549795151,
    0.10596761852502823,
    0.10565821081399918,
    0.09452833980321884,
    0.09549205005168915,
    0.098125159740448,
    0.08874483406543732,
    0.09552469849586487,
    0.08759811520576477,
    0.08647464215755463
  ],
  "entropy_adjusted": [
    5.2865539146296214e-06,
    5.2506461543089245e-06,
    4.878984782408224e-06,
    4.975153842678992e-06,
    4.721372079075081e-06,
    5.52643768969574e-06,
    5.121731192048173e-06,
    4.549188815872185e-06,
    4.441332293936284e-06,
    4.449423613550607e-06,
    4.445466856850544e-06,
    5.119040451972978e-06,
    4.072431238455465e-06,
    4.15337854065001e-06,
    4.750860171043314e-06,
    4.621211246558232e-06,
    4.058669674122939e-06,
    4.027207523904508e-06,
    4.7940675358404405e-06,
    4.115428509976482e-06,
    4.151823304709978e-06,
    3.1071488137968117e-06,
    2.975583356601419e-06,
    3.6679448385257274e-06,
    3.7926199638604885e-06,
    3.3669386994006345e-06,
    2.6871109639614588e-06,
    3.5374775961827254e-06,
    2.8034471597493393e-06,
    3.041324134755996e-06,
    3.2836912851053057e-06,
    2.544324843256618e-06,
    3.213757054254529e-06
  ],
  "actor_loss": [
    3.494681095617125e-06,
    5.5758296184649225e-06,
    4.998902568331687e-06,
    5.307803803589195e-06,
    4.771782641910249e-06,
    5.465818048833171e-06,
    5.806194167234935e-06,
    5.239885012997547e-06,
    3.7578786304948153e-06,
    5.3466815188585315e-06,
    5.025053269491764e-06,
    5.870763743587304e-06,
    4.615147190634161e-06,
    3.8094312913017347e-06,
    4.7027624532347545e-06,
    4.023871042591054e-06,
    4.324174369685352e-06,
    4.619357241608668e-06,
    4.4054559111827984e-06,
    3.6362812352308538e-06,
    4.420038294483675e-06,
    2.6017978598247282e-06,
    2.5913818717526738e-06,
    3.4102135941793676e-06,
    4.8401966523670126e-06,
    2.829897766787326e-06,
    2.0034262888657395e-06,
    3.870647560688667e-06,
    2.649189354997361e-06,
    2.673374183359556e-06,
    2.7364426387066487e-06,
    2.1171049411350396e-06,
    2.2604676814808045e-06
  ]
}