{
  "global_step": [
    495,
    496,
    497,
    498,
    499,
    500,
    501,
    502,
    503,
    504,
    505,
    506,
    507,
    508,
    509,
    510,
    511,
    512,
    513,
    514,
    515,
    516,
    517,
    518,
    519,
    520,
    521,
    522,
    523,
    524,
    525,
    526,
    527
  ],
  "experience_step": [
    32,
    32,
    32,
    32,
    32,
    32,
    32,
    32,
    32,
    32,
    32,
    32,
    32,
    32,
    32,
    32,
    32,
    32,
    32,
    32,
    32,
    32,
    32,
    32,
    32,
    32,
    32,
    32,
    32,
    32,
    32,
    32,
    8
  ],
  "rewards": [
    0.2989070415496826,
    0.356236070394516,
    0.3805261552333832,
    0.4011957347393036,
    0.3754172921180725,
    0.3905504643917084,
    0.4030787944793701,
    0.3975249230861664,
    0.3960454761981964,
    0.392973393201828,
    0.40504735708236694,
    0.4153473675251007,
    0.4002501666545868,
    0.4130720794200897,
    0.39820557832717896,
    0.3934158980846405,
    0.4119158685207367,
    0.38659346103668213,
    0.3835896849632263,
    0.3770889639854431,
    0.3824308216571808,
    0.38858655095100403,
    0.3832496404647827,
    0.3705952763557434,
    0.3691862225532532,
    0.3550261855125427,
    0.3315814733505249,
    0.31915000081062317,
    0.3310192823410034,
    0.34758445620536804,
    0.3408224582672119,
    0.3254135847091675,
    0.2894373834133148
  ],
  "stockouts": [
    0.03593749925494194,
    0.037784092128276825,
    0.017471591010689735,
    0.012357954867184162,
    0.02031249925494194,
    0.015198864042758942,
    0.009517045691609383,
    0.008238635957241058,
    0.010369318537414074,
    0.007954545319080353,
    0.008522727526724339,
    0.0072443182580173016,
    0.005255681928247213,
    0.005397727247327566,
    0.005113636143505573,
    0.005255681928247213,
    0.003693181788548827,
    0.0032670453656464815,
    0.005113636143505573,
    0.0035511364694684744,
    0.002414772752672434,
    0.0038352273404598236,
    0.0015625000232830644,
    0.0025568180717527866,
    0.0018465908942744136,
    0.00042613636469468474,
    0.0015625000232830644,
    0.0011363636003807187,
    0.0021306818816810846,
    0.0005681818001903594,
    0.0012784090358763933,
    0.0007102272938936949,
    0.0005681818001903594
  ],
  "waste": [
    0.009681865572929382,
    0.00894260872155428,
    0.009442843496799469,
    0.009518755599856377,
    0.009268860332667828,
    0.009303702041506767,
    0.009430599398911,
    0.009842973202466965,
    0.009482065215706825,
    0.009959936141967773,
    0.009745318442583084,
    0.009724985808134079,
    0.00998670794069767,
    0.01001082081347704,
    0.009866977110505104,
    0.010104946792125702,
    0.009926185943186283,
    0.010255607776343822,
    0.009984076954424381,
    0.010406678542494774,
    0.01036150474101305,
    0.010009407997131348,
    0.010460245423018932,
    0.010432393290102482,
    0.010528202168643475,
    0.010592089965939522,
    0.010972460731863976,
    0.011044491082429886,
    0.010764858685433865,
    0.010925966314971447,
    0.01100222859531641,
    0.011100581847131252,
    0.0109867500141263
  ],
  "delta": [
    0.2549595832824707,
    0.32354381680488586,
    0.34159964323043823,
    0.3686666190624237,
    0.36125627160072327,
    0.3594391345977783,
    0.3691374957561493,
    0.35739174485206604,
    0.37531378865242004,
    0.3703494966030121,
    0.37528491020202637,
    0.39248818159103394,
    0.3616233170032501,
    0.38411983847618103,
    0.3879922330379486,
    0.36344584822654724,
    0.39521464705467224,
    0.35411009192466736,
    0.35430246591567993,
    0.3559477627277374,
    0.3609519898891449,
    0.3593098521232605,
    0.3523734211921692,
    0.3370313346385956,
    0.35200804471969604,
    0.3178114593029022,
    0.30771714448928833,
    0.29893308877944946,
    0.30066362023353577,
    0.32110491394996643,
    0.31621524691581726,
    0.31068211793899536,
    0.25183671712875366
  ],
  "critic_loss": [
    0.363411009311676,
    0.33418694138526917,
    0.29810860753059387,
    0.30590030550956726,
    0.3335598409175873,
    0.3037916123867035,
    0.2939830422401428,
    0.28453725576400757,
    0.29507508873939514,
    0.2865124046802521,
    0.27775970101356506,
    0.2907164394855499,
    0.2756461203098297,
    0.26371410489082336,
    0.2739928066730499,
    0.2612656056880951,
    0.2678782343864441,
    0.2518847584724426,
    0.2509427070617676,
    0.25469377636909485,
    0.2544393539428711,
    0.244324192404747,
    0.25093501806259155,
    0.24441838264465332,
    0.24366673827171326,
    0.2275882363319397,
    0.22546203434467316,
    0.22204706072807312,
    0.22200442850589752,
    0.22114625573158264,
    0.2252665013074875,
    0.22621531784534454,
    0.19815833866596222
  ],
  "entropy_adjusted": [
    2.1338899387046695e-05,
    2.6088804588653147e-05,
    2.275232327519916e-05,
    2.2045727746444754e-05,
    2.2417087166104466e-05,
    2.5533907319186255e-05,
    2.229807068943046e-05,
    2.2891470507602207e-05,
    2.1957761418889277e-05,
    1.9729324776562862e-05,
    2.3603375666425563e-05,
    2.2491649360745214e-05,
    1.8623113646754064e-05,
    1.9408318621572107e-05,
    1.9182856703992002e-05,
    2.0669438526965678e-05,
    1.900254574138671e-05,
    1.8338871086598374e-05,
    1.963686190720182e-05,
    2.1102487153257243e-05,
    1.7723354176268913e-05,
    1.9461858755676076e-05,
    1.7203035895363428e-05,
    1.842058918555267e-05,
    1.6107804185594432e-05,
    1.7056423530448228e-05,
    1.67207090271404e-05,
    1.4114439181867056e-05,
    1.5967369108693674e-05,
    1.3663695426657796e-05,
    1.61810421559494e-05,
    1.5512005120399408e-05,
    1.5447803889401257e-05
  ],
  "actor_loss": [
    6.743150152033195e-05,
    7.750832446618006e-05,
    5.768982009612955e-05,
    5.0455004384275526e-05,
    5.626980055239983e-05,
    5.491095726029016e-05,
    4.478713890421204e-05,
    5.070408951723948e-05,
    4.9892500101123005e-05,
    5.657208021148108e-05,
    6.006791954860091e-05,
    4.758808427141048e-05,
    4.4181135308463126e-05,
    3.705470953718759e-05,
    4.171327600488439e-05,
    6.13050433457829e-05,
    3.880181611748412e-05,
    3.279080192442052e-05,
    4.5448210585163906e-05,
    3.8535021303687245e-05,
    3.196216857759282e-05,
    4.9622507503954694e-05,
    4.149585583945736e-05,
    2.7335245249560103e-05,
    2.878491795854643e-05,
    2.8909804314025678e-05,
    2.6958525268128142e-05,
    3.2469051802763715e-05,
    3.628689228207804e-05,
    2.3857974156271666e-05,
    3.284245394752361e-05,
    2.8375337933539413e-05,
    2.5598619686206803e-05
  ]
}