{
  "global_step": [
    17292,
    17293,
    17294,
    17295,
    17296,
    17297,
    17298,
    17299,
    17300,
    17301,
    17302,
    17303,
    17304,
    17305,
    17306,
    17307,
    17308,
    17309,
    17310,
    17311,
    17312,
    17313,
    17314,
    17315,
    17316,
    17317,
    17318,
    17319,
    17320,
    17321,
    17322,
    17323,
    17324
  ],
  "experience_step": [
    32,
    32,
    32,
    32,
    32,
    32,
    32,
    32,
    32,
    32,
    32,
    32,
    32,
    32,
    32,
    32,
    32,
    32,
    32,
    32,
    32,
    32,
    32,
    32,
    32,
    32,
    32,
    32,
    32,
    32,
    32,
    32,
    8
  ],
  "rewards": [
    0.4299564063549042,
    0.5097642540931702,
    0.5302484631538391,
    0.5417165756225586,
    0.529396653175354,
    0.5379305481910706,
    0.5468452572822571,
    0.5475042462348938,
    0.540418803691864,
    0.5532693266868591,
    0.5494608283042908,
    0.5471330881118774,
    0.5480619668960571,
    0.5500954985618591,
    0.5467087626457214,
    0.5481848120689392,
    0.5471985340118408,
    0.5460861325263977,
    0.5431613922119141,
    0.5417584776878357,
    0.5440550446510315,
    0.5538585782051086,
    0.5535628795623779,
    0.5415284037590027,
    0.5425218343734741,
    0.5453343987464905,
    0.5259129405021667,
    0.5221948623657227,
    0.5236498713493347,
    0.5168795585632324,
    0.5196192860603333,
    0.5033906698226929,
    0.49600157141685486
  ],
  "stockouts": [
    0.021732954308390617,
    0.02457386441528797,
    0.007954545319080353,
    0.005823863670229912,
    0.008664772845804691,
    0.007528408896178007,
    0.004119317978620529,
    0.0029829544946551323,
    0.004261363763362169,
    0.002698863623663783,
    0.0028409091755747795,
    0.002698863623663783,
    0.001704545458778739,
    0.000994318164885044,
    0.000994318164885044,
    0.0008522727293893695,
    0.0005681818001903594,
    0.0005681818001903594,
    0.0012784090358763933,
    0.0005681818001903594,
    0.0008522727293893695,
    0.00042613636469468474,
    0.00014204545004758984,
    0.00042613636469468474,
    0.00014204545004758984,
    0.0,
    0.0,
    0.0,
    0.00042613636469468474,
    0.00014204545004758984,
    0.0,
    0.0002840909000951797,
    0.0
  ],
  "waste": [
    0.009945285506546497,
    0.00897302757948637,
    0.009316516108810902,
    0.009120656177401543,
    0.009045574814081192,
    0.009216072037816048,
    0.009341657161712646,
    0.009249113500118256,
    0.009183463640511036,
    0.009176739491522312,
    0.00923808291554451,
    0.009199975058436394,
    0.009366605430841446,
    0.009471913799643517,
    0.009421250782907009,
    0.009541335515677929,
    0.009517147205770016,
    0.009524953551590443,
    0.009572336450219154,
    0.009632070548832417,
    0.009617116302251816,
    0.009517854079604149,
    0.009636166505515575,
    0.009653987362980843,
    0.009769797325134277,
    0.009752188809216022,
    0.010004797019064426,
    0.009910956025123596,
    0.010243833996355534,
    0.010317238979041576,
    0.010145572945475578,
    0.010293923318386078,
    0.01073464285582304
  ],
  "delta": [
    0.2504616379737854,
    0.3369876444339752,
    0.35426485538482666,
    0.36653879284858704,
    0.35223880410194397,
    0.3623492121696472,
    0.3708873987197876,
    0.370495468378067,
    0.3644837439060211,
    0.37660592794418335,
    0.373324453830719,
    0.3708072304725647,
    0.3717416226863861,
    0.37387189269065857,
    0.37087729573249817,
    0.37161171436309814,
    0.37073245644569397,
    0.3698238134384155,
    0.366740882396698,
    0.36560192704200745,
    0.3676317036151886,
    0.37727200984954834,
    0.37754738330841064,
    0.36444464325904846,
    0.36597809195518494,
    0.36910417675971985,
    0.3497011363506317,
    0.34549593925476074,
    0.34687575697898865,
    0.3405224680900574,
    0.3428398370742798,
    0.3271006643772125,
    0.31970107555389404
  ],
  "critic_loss": [
    0.04331868886947632,
    0.06326290220022202,
    0.065769262611866,
    0.06894230097532272,
    0.06501058489084244,
    0.0677594393491745,
    0.07007618993520737,
    0.0699220523238182,
    0.06795670837163925,
    0.07207249104976654,
    0.07087388634681702,
    0.0698612704873085,
    0.07009654492139816,
    0.07061056047677994,
    0.06968674808740616,
    0.06978186964988708,
    0.06933192163705826,
    0.06901964545249939,
    0.06808019429445267,
    0.06746140122413635,
    0.06828150153160095,
    0.07170522212982178,
    0.07187299430370331,
    0.06708192825317383,
    0.06751862168312073,
    0.06863484531641006,
    0.06169877573847771,
    0.06037592515349388,
    0.06095719337463379,
    0.05887451022863388,
    0.0594586543738842,
    0.054258912801742554,
    0.05165800079703331
  ],
  "entropy_adjusted": [
    1.3942576515546534e-06,
    1.285573603126977e-06,
    1.2872576462541474e-06,
    1.3522226254281122e-06,
    7.464702775905607e-07,
    2.3361224066320574e-06,
    1.3304889989740332e-06,
    1.5316588815039722e-06,
    1.4428933354793116e-06,
    7.660887604288291e-07,
    1.2591168569997535e-06,
    1.9065995502387523e-06,
    1.4018223737366498e-06,
    1.2795562724932097e-06,
    1.2113030152249848e-06,
    9.720213256514398e-07,
    1.0306198419129942e-06,
    1.4795149354540627e-06,
    1.3863750609743875e-06,
    6.576134978786286e-07,
    1.352749904981465e-06,
    6.663013323304767e-07,
    1.1270504955973593e-06,
    1.505436785009806e-06,
    1.0863865327337408e-06,
    6.901574920448184e-07,
    1.0368022458351334e-06,
    8.902071044758486e-07,
    8.23765731183812e-07,
    9.500810165263829e-07,
    8.836678944135201e-07,
    8.395106192438107e-07,
    9.483173926128075e-07
  ],
  "actor_loss": [
    8.794931432021258e-07,
    6.4196291305052e-07,
    6.10419931490469e-07,
    1.0028822998719988e-06,
    3.4551180760900024e-07,
    1.8722753338806797e-06,
    9.583558266967884e-07,
    1.356518509965099e-06,
    9.693678748590173e-07,
    4.820294634555466e-07,
    9.024799396684102e-07,
    1.5953910406096838e-06,
    1.0117299780176836e-06,
    1.164039758805302e-06,
    8.458645766040718e-07,
    5.222588015385554e-07,
    8.697698490323091e-07,
    1.0704704891395522e-06,
    1.1154891126352595e-06,
    2.047594733767255e-07,
    9.687557849247241e-07,
    3.272995741099294e-07,
    8.889758191799046e-07,
    1.0646185728546698e-06,
    7.336182079598075e-07,
    4.3791030179818335e-07,
    7.108778845577035e-07,
    5.152663788976497e-07,
    4.0610029827803373e-07,
    7.16202976036584e-07,
    5.94553512200946e-07,
    3.4050316344291787e-07,
    5.885507334824069e-07
  ]
}