{
  "global_step": [
    6930,
    6931,
    6932,
    6933,
    6934,
    6935,
    6936,
    6937,
    6938,
    6939,
    6940,
    6941,
    6942,
    6943,
    6944,
    6945,
    6946,
    6947,
    6948,
    6949,
    6950,
    6951,
    6952,
    6953,
    6954,
    6955,
    6956,
    6957,
    6958,
    6959,
    6960,
    6961,
    6962
  ],
  "experience_step": [
    32,
    32,
    32,
    32,
    32,
    32,
    32,
    32,
    32,
    32,
    32,
    32,
    32,
    32,
    32,
    32,
    32,
    32,
    32,
    32,
    32,
    32,
    32,
    32,
    32,
    32,
    32,
    32,
    32,
    32,
    32,
    32,
    8
  ],
  "rewards": [
    0.4156084358692169,
    0.4986773431301117,
    0.5244290232658386,
    0.5289065837860107,
    0.518252432346344,
    0.5210007429122925,
    0.5308237075805664,
    0.5299094915390015,
    0.5303652882575989,
    0.5449082851409912,
    0.5305922627449036,
    0.5322601199150085,
    0.5303213000297546,
    0.5400624871253967,
    0.5282608866691589,
    0.537742555141449,
    0.5314954519271851,
    0.5349893569946289,
    0.5393005609512329,
    0.5298811793327332,
    0.5419636964797974,
    0.5322553515434265,
    0.5323709845542908,
    0.5192260146141052,
    0.5324896574020386,
    0.5247153043746948,
    0.5085854530334473,
    0.5018356442451477,
    0.5020070672035217,
    0.5002923011779785,
    0.5038061738014221,
    0.49709999561309814,
    0.49780330061912537
  ],
  "stockouts": [
    0.02286931872367859,
    0.02556818164885044,
    0.008664772845804691,
    0.005681818351149559,
    0.010227272287011147,
    0.007102272938936949,
    0.003977272659540176,
    0.003693181788548827,
    0.004829545505344868,
    0.0025568180717527866,
    0.0028409091755747795,
    0.0032670453656464815,
    0.0014204545877873898,
    0.0011363636003807187,
    0.000994318164885044,
    0.000994318164885044,
    0.0005681818001903594,
    0.00042613636469468474,
    0.0014204545877873898,
    0.000994318164885044,
    0.0007102272938936949,
    0.0002840909000951797,
    0.00042613636469468474,
    0.00042613636469468474,
    0.0,
    0.00014204545004758984,
    0.0002840909000951797,
    0.00014204545004758984,
    0.00014204545004758984,
    0.0002840909000951797,
    0.00014204545004758984,
    0.00014204545004758984,
    0.0
  ],
  "waste": [
    0.009470991790294647,
    0.00860072486102581,
    0.00882989726960659,
    0.008894046768546104,
    0.008847104385495186,
    0.008992224000394344,
    0.00900123082101345,
    0.009060394018888474,
    0.009052553214132786,
    0.00896717980504036,
    0.00912391860038042,
    0.009197407402098179,
    0.009223452769219875,
    0.009324835613369942,
    0.00928234402090311,
    0.009348996914923191,
    0.009431763552129269,
    0.00942683033645153,
    0.009395767003297806,
    0.009490584023296833,
    0.00946885347366333,
    0.009492488577961922,
    0.009642373770475388,
    0.009714403189718723,
    0.00970970094203949,
    0.009445986710488796,
    0.01000666618347168,
    0.009973295964300632,
    0.010018196888267994,
    0.010110807605087757,
    0.009890695102512836,
    0.010084128007292747,
    0.010299762710928917
  ],
  "delta": [
    0.33746427297592163,
    0.4265938401222229,
    0.45013856887817383,
    0.4542103409767151,
    0.4429534077644348,
    0.4466966688632965,
    0.4559582769870758,
    0.4547747075557709,
    0.4548129141330719,
    0.47000205516815186,
    0.4551255702972412,
    0.45772886276245117,
    0.4555811882019043,
    0.4643060863018036,
    0.4525813162326813,
    0.4626591205596924,
    0.456428587436676,
    0.4594760537147522,
    0.4643250107765198,
    0.4545687735080719,
    0.466548353433609,
    0.45683711767196655,
    0.4567311108112335,
    0.44394004344940186,
    0.45784586668014526,
    0.4489637315273285,
    0.43312564492225647,
    0.42669013142585754,
    0.42627114057540894,
    0.42438122630119324,
    0.4286537170410156,
    0.42195039987564087,
    0.42134830355644226
  ],
  "critic_loss": [
    0.07245606929063797,
    0.09910037368535995,
    0.10493520647287369,
    0.10556445270776749,
    0.1023721843957901,
    0.10255714505910873,
    0.10580907016992569,
    0.10516044497489929,
    0.10603251308202744,
    0.11168096959590912,
    0.10533212125301361,
    0.1065475195646286,
    0.10492076724767685,
    0.10889710485935211,
    0.10337720066308975,
    0.10806428641080856,
    0.10505113005638123,
    0.10646338760852814,
    0.10887497663497925,
    0.1043505072593689,
    0.10979969799518585,
    0.10525646060705185,
    0.10518413037061691,
    0.099509097635746,
    0.10565295815467834,
    0.10162617266178131,
    0.09475492686033249,
    0.09205825626850128,
    0.09201479703187943,
    0.09103157371282578,
    0.09275659173727036,
    0.08999083936214447,
    0.0895770937204361
  ],
  "entropy_adjusted": [
    3.650484586614766e-06,
    4.398539203975815e-06,
    3.82596272174851e-06,
    4.079988229932496e-06,
    4.12993495046976e-06,
    4.629431259672856e-06,
    4.465023721422767e-06,
    3.5495959309628233e-06,
    3.7062000046717003e-06,
    4.010150405520108e-06,
    4.209185135550797e-06,
    3.528820116116549e-06,
    3.1545694127999013e-06,
    3.330038452986628e-06,
    4.2589413169480395e-06,
    2.833264034052263e-06,
    3.363952828294714e-06,
    2.754076831479324e-06,
    2.524225010347436e-06,
    2.2626243207923835e-06,
    1.8718446881393902e-06,
    3.53662062479998e-06,
    2.6174604954576353e-06,
    2.6898933356278576e-06,
    2.532581447667326e-06,
    2.9623911359522026e-06,
    2.2631720639765263e-06,
    1.4582548146790941e-06,
    2.2661286038783146e-06,
    1.9614433313108748e-06,
    2.4276239400933264e-06,
    2.395709088887088e-06,
    2.500178425179911e-06
  ],
  "actor_loss": [
    2.732203483901685e-06,
    4.55514737041085e-06,
    3.651768111012643e-06,
    4.197783255222021e-06,
    3.886228114424739e-06,
    4.814656222151825e-06,
    4.559845365292858e-06,
    3.923124495486263e-06,
    4.060612354805926e-06,
    4.974569492333103e-06,
    3.95403549191542e-06,
    3.52582219420583e-06,
    3.0960025014792336e-06,
    3.7631436953233788e-06,
    5.098677320347633e-06,
    3.205957000318449e-06,
    3.9093288251024205e-06,
    2.643714651640039e-06,
    2.313166305611958e-06,
    2.0237746412021806e-06,
    1.7169678585560177e-06,
    3.789546326515847e-06,
    2.4679081889189547e-06,
    2.4610781110823154e-06,
    2.7732587568607414e-06,
    2.9103518954798346e-06,
    2.3756740574754076e-06,
    1.0866548336707638e-06,
    1.9688650354510173e-06,
    2.2536435153597267e-06,
    2.2725819235347444e-06,
    1.9292019715067e-06,
    3.059377149838838e-06
  ]
}