{
  "global_step": [
    5445,
    5446,
    5447,
    5448,
    5449,
    5450,
    5451,
    5452,
    5453,
    5454,
    5455,
    5456,
    5457,
    5458,
    5459,
    5460,
    5461,
    5462,
    5463,
    5464,
    5465,
    5466,
    5467,
    5468,
    5469,
    5470,
    5471,
    5472,
    5473,
    5474,
    5475,
    5476,
    5477
  ],
  "experience_step": [
    32,
    32,
    32,
    32,
    32,
    32,
    32,
    32,
    32,
    32,
    32,
    32,
    32,
    32,
    32,
    32,
    32,
    32,
    32,
    32,
    32,
    32,
    32,
    32,
    32,
    32,
    32,
    32,
    32,
    32,
    32,
    32,
    8
  ],
  "rewards": [
    0.4096943140029907,
    0.4907514154911041,
    0.5195798873901367,
    0.5237083435058594,
    0.5133809447288513,
    0.5261638760566711,
    0.5292791128158569,
    0.5276634693145752,
    0.5124291181564331,
    0.5296661853790283,
    0.526283860206604,
    0.5215857625007629,
    0.5214101672172546,
    0.5244362950325012,
    0.5300717949867249,
    0.5150652527809143,
    0.5155372023582458,
    0.5212312340736389,
    0.5201325416564941,
    0.5107424855232239,
    0.5239791870117188,
    0.5089858174324036,
    0.5256649255752563,
    0.5180519223213196,
    0.5074663758277893,
    0.5132580995559692,
    0.49346497654914856,
    0.4859429895877838,
    0.4859585165977478,
    0.4748501777648926,
    0.490341454744339,
    0.4820259213447571,
    0.4860154688358307
  ],
  "stockouts": [
    0.020738637074828148,
    0.022159090265631676,
    0.006676136516034603,
    0.005397727247327566,
    0.007954545319080353,
    0.004687500186264515,
    0.0031250000465661287,
    0.002698863623663783,
    0.003977272659540176,
    0.001988636329770088,
    0.0028409091755747795,
    0.0029829544946551323,
    0.001704545458778739,
    0.0011363636003807187,
    0.0011363636003807187,
    0.0011363636003807187,
    0.00014204545004758984,
    0.00042613636469468474,
    0.0007102272938936949,
    0.0005681818001903594,
    0.0005681818001903594,
    0.00042613636469468474,
    0.00014204545004758984,
    0.0,
    0.00014204545004758984,
    0.00014204545004758984,
    0.00014204545004758984,
    0.0,
    0.00042613636469468474,
    0.00014204545004758984,
    0.0,
    0.0,
    0.0
  ],
  "waste": [
    0.010096412152051926,
    0.009435290470719337,
    0.009814050048589706,
    0.009702906012535095,
    0.009573507122695446,
    0.009808189235627651,
    0.009750738739967346,
    0.009937132708728313,
    0.009759212844073772,
    0.009897401556372643,
    0.00988828670233488,
    0.009809414856135845,
    0.009871125221252441,
    0.009986551478505135,
    0.009972034953534603,
    0.010210546664893627,
    0.009968230500817299,
    0.010056590661406517,
    0.010197081603109837,
    0.01032472774386406,
    0.010289721190929413,
    0.010291768237948418,
    0.01029566302895546,
    0.010462664067745209,
    0.0105836670845747,
    0.010527914389967918,
    0.01070399023592472,
    0.01079258881509304,
    0.01095192227512598,
    0.010945748537778854,
    0.010986573062837124,
    0.011006534099578857,
    0.011399553157389164
  ],
  "delta": [
    0.34774309396743774,
    0.43137627840042114,
    0.4597059190273285,
    0.46424928307533264,
    0.4529067277908325,
    0.4658249020576477,
    0.46959158778190613,
    0.46793073415756226,
    0.4515214264392853,
    0.4700353741645813,
    0.46678245067596436,
    0.4623747766017914,
    0.46145108342170715,
    0.46415674686431885,
    0.46983999013900757,
    0.45537933707237244,
    0.4546023905277252,
    0.46069425344467163,
    0.4597194790840149,
    0.4507278501987457,
    0.46371182799339294,
    0.44921523332595825,
    0.4649612009525299,
    0.45787951350212097,
    0.4470185339450836,
    0.4527920186519623,
    0.4328346848487854,
    0.42603132128715515,
    0.4258897304534912,
    0.4148391783237457,
    0.4303589165210724,
    0.4218142330646515,
    0.42467841506004333
  ],
  "critic_loss": [
    0.07819867879152298,
    0.10433897376060486,
    0.10965186357498169,
    0.11067721992731094,
    0.10724060982465744,
    0.11131814867258072,
    0.11203961074352264,
    0.11135338991880417,
    0.10436027497053146,
    0.11183244735002518,
    0.11057756096124649,
    0.10898106545209885,
    0.10797326266765594,
    0.1089770644903183,
    0.11151320487260818,
    0.10498712211847305,
    0.1042400524020195,
    0.10706117749214172,
    0.10668960958719254,
    0.10259197652339935,
    0.10861077159643173,
    0.10190281271934509,
    0.10882693529129028,
    0.10567812621593475,
    0.1007443219423294,
    0.10336408019065857,
    0.09473166614770889,
    0.09154529869556427,
    0.09163343161344528,
    0.08717493712902069,
    0.0933833047747612,
    0.09003158658742905,
    0.09087430685758591
  ],
  "entropy_adjusted": [
    4.2686901906563435e-06,
    4.081291990587488e-06,
    3.960516551160254e-06,
    3.88445369026158e-06,
    4.401883415994234e-06,
    3.14920794153295e-06,
    5.5847854127932806e-06,
    3.657426759673399e-06,
    4.04639422413311e-06,
    4.0541212911193725e-06,
    4.671445822168607e-06,
    4.508156507654348e-06,
    5.2787968343182e-06,
    4.690835794463055e-06,
    4.380940026749158e-06,
    3.877811650454532e-06,
    4.247148353897501e-06,
    3.7152303775656037e-06,
    4.8141146180569194e-06,
    3.8075997963460395e-06,
    2.430386757623637e-06,
    4.522337349044392e-06,
    3.8541397771041375e-06,
    3.2717180147301406e-06,
    2.7202099772694055e-06,
    2.4888252028176794e-06,
    3.0792609777563484e-06,
    2.670465164555935e-06,
    2.65122025666642e-06,
    3.6801313854084583e-06,
    2.892567636081367e-06,
    3.0513092497130856e-06,
    1.3032384913458372e-06
  ],
  "actor_loss": [
    3.071965466006077e-06,
    4.096316388313426e-06,
    4.267519216227811e-06,
    3.3930166409845697e-06,
    4.250879555911524e-06,
    3.0601956950704334e-06,
    6.2803651417198125e-06,
    3.3965402508329134e-06,
    4.135047220188426e-06,
    3.4108029467461165e-06,
    5.071121449873317e-06,
    4.36587424701429e-06,
    5.600751592282904e-06,
    5.0937815103679895e-06,
    5.536458502319874e-06,
    3.740666670637438e-06,
    4.805995104106842e-06,
    4.071021976415068e-06,
    5.689624231308699e-06,
    2.8762754027411574e-06,
    2.747314056250616e-06,
    4.367405836092075e-06,
    3.6290407479100395e-06,
    3.164287818435696e-06,
    2.3557010990771232e-06,
    2.9595446449093288e-06,
    3.1240813314070692e-06,
    2.075626753139659e-06,
    2.421470526314806e-06,
    2.9781044759147335e-06,
    2.332647227376583e-06,
    2.838693490048172e-06,
    1.0445625093780109e-06
  ]
}