{
  "global_step": [
    13530,
    13531,
    13532,
    13533,
    13534,
    13535,
    13536,
    13537,
    13538,
    13539,
    13540,
    13541,
    13542,
    13543,
    13544,
    13545,
    13546,
    13547,
    13548,
    13549,
    13550,
    13551,
    13552,
    13553,
    13554,
    13555,
    13556,
    13557,
    13558,
    13559,
    13560,
    13561,
    13562
  ],
  "experience_step": [
    32,
    32,
    32,
    32,
    32,
    32,
    32,
    32,
    32,
    32,
    32,
    32,
    32,
    32,
    32,
    32,
    32,
    32,
    32,
    32,
    32,
    32,
    32,
    32,
    32,
    32,
    32,
    32,
    32,
    32,
    32,
    32,
    8
  ],
  "rewards": [
    0.41013917326927185,
    0.5071711540222168,
    0.5240306854248047,
    0.5386644601821899,
    0.5262527465820312,
    0.529695987701416,
    0.5412441492080688,
    0.5422995686531067,
    0.5411631464958191,
    0.5425693988800049,
    0.5400288105010986,
    0.5433850884437561,
    0.5443453192710876,
    0.5439764261245728,
    0.5476449728012085,
    0.5507220029830933,
    0.545576810836792,
    0.5502954125404358,
    0.5468268394470215,
    0.5490460991859436,
    0.5484620928764343,
    0.5451170802116394,
    0.539848268032074,
    0.5385103821754456,
    0.5417852997779846,
    0.5430814027786255,
    0.5249914526939392,
    0.5199172496795654,
    0.5230721831321716,
    0.5195133686065674,
    0.5059743523597717,
    0.5220085978507996,
    0.5099241137504578
  ],
  "stockouts": [
    0.03139204531908035,
    0.03139204531908035,
    0.015056817792356014,
    0.009517045691609383,
    0.015340909361839294,
    0.013068181462585926,
    0.006960227154195309,
    0.004687500186264515,
    0.007670454680919647,
    0.004545454401522875,
    0.005397727247327566,
    0.005539772566407919,
    0.004403409082442522,
    0.0031250000465661287,
    0.002414772752672434,
    0.001704545458778739,
    0.0029829544946551323,
    0.0015625000232830644,
    0.0021306818816810846,
    0.002698863623663783,
    0.001704545458778739,
    0.0007102272938936949,
    0.0011363636003807187,
    0.0008522727293893695,
    0.0008522727293893695,
    0.0007102272938936949,
    0.00042613636469468474,
    0.00042613636469468474,
    0.0008522727293893695,
    0.0007102272938936949,
    0.00014204545004758984,
    0.0005681818001903594,
    0.0
  ],
  "waste": [
    0.00840145256370306,
    0.007448847871273756,
    0.007682423107326031,
    0.007668723817914724,
    0.007552774157375097,
    0.0076766167767345905,
    0.0076844231225550175,
    0.007819660007953644,
    0.007743086665868759,
    0.007887129671871662,
    0.007870921865105629,
    0.007883558049798012,
    0.007962949573993683,
    0.007902194745838642,
    0.007916072383522987,
    0.007897472940385342,
    0.008065418340265751,
    0.008014736697077751,
    0.008004408329725266,
    0.007916128262877464,
    0.008018385618925095,
    0.008261912502348423,
    0.008274838328361511,
    0.008264419622719288,
    0.008137892931699753,
    0.008366241119801998,
    0.008532531559467316,
    0.008617017418146133,
    0.008518327958881855,
    0.008560584858059883,
    0.008652749471366405,
    0.008802131749689579,
    0.008922576904296875
  ],
  "delta": [
    0.2672751843929291,
    0.3709964156150818,
    0.38506338000297546,
    0.3995441198348999,
    0.38546961545944214,
    0.3915736675262451,
    0.402058482170105,
    0.40270447731018066,
    0.40177708864212036,
    0.40385323762893677,
    0.4008968770503998,
    0.40379250049591064,
    0.40430590510368347,
    0.40490028262138367,
    0.40817537903785706,
    0.4116920530796051,
    0.40595707297325134,
    0.4102763831615448,
    0.40759021043777466,
    0.4091355800628662,
    0.4083143174648285,
    0.4053671360015869,
    0.40022704005241394,
    0.39905408024787903,
    0.4019473195075989,
    0.40351611375808716,
    0.3855983316898346,
    0.3798976540565491,
    0.3836498558521271,
    0.37879499793052673,
    0.3660881519317627,
    0.3816210627555847,
    0.36945682764053345
  ],
  "critic_loss": [
    0.052015069872140884,
    0.07683202624320984,
    0.07880812883377075,
    0.08290942013263702,
    0.0791887491941452,
    0.08025852590799332,
    0.08308608829975128,
    0.08302972465753555,
    0.0832546204328537,
    0.0831749364733696,
    0.08226531744003296,
    0.08356084674596786,
    0.08333348482847214,
    0.08321791887283325,
    0.08446960151195526,
    0.08569123595952988,
    0.08355941623449326,
    0.08513593673706055,
    0.08406765758991241,
    0.0848337933421135,
    0.08432979881763458,
    0.08289727568626404,
    0.08105111867189407,
    0.08049553632736206,
    0.08154656738042831,
    0.08217871934175491,
    0.07516028732061386,
    0.07286704331636429,
    0.07441721856594086,
    0.07257415354251862,
    0.06773816049098969,
    0.07359393686056137,
    0.06910862773656845
  ],
  "entropy_adjusted": [
    1.6426142792624887e-06,
    1.8517349644753267e-06,
    1.5230816643452272e-06,
    1.4960622820581193e-06,
    2.296574848514865e-06,
    1.272653662454104e-06,
    1.700400503068522e-06,
    1.6152431498994702e-06,
    2.51813776230847e-06,
    1.8372126078247675e-06,
    1.6584797322138911e-06,
    1.8849103753382224e-06,
    1.4592260413337499e-06,
    1.3919989214628004e-06,
    1.885446295091242e-06,
    1.3106039205013076e-06,
    1.4861012687106268e-06,
    1.8285164742337656e-06,
    1.1795413001891575e-06,
    1.1912932222912787e-06,
    1.009794459605473e-06,
    1.2974202263649204e-06,
    1.5485568383155623e-06,
    1.0887590633501532e-06,
    1.0264665206705104e-06,
    1.3876419870939571e-06,
    1.2799185924450285e-06,
    8.764969265939726e-07,
    1.0446843816680484e-06,
    1.1406784778955625e-06,
    1.2785181979779736e-06,
    1.4453357835009228e-06,
    1.2341447472863365e-06
  ],
  "actor_loss": [
    9.611834457246005e-07,
    1.3465268011714215e-06,
    1.0412281881144736e-06,
    1.0902119811362354e-06,
    1.292443471356819e-06,
    7.478965926566161e-07,
    1.0380413186794613e-06,
    1.3391069160206825e-06,
    2.0245113319106167e-06,
    1.5755147160234628e-06,
    1.5863739690757939e-06,
    1.5438449736393522e-06,
    1.2683785826084204e-06,
    8.818051924208703e-07,
    1.4588010799343465e-06,
    9.960540410247631e-07,
    1.3568833310273476e-06,
    1.9122428511764156e-06,
    1.069380573426315e-06,
    9.419619004802371e-07,
    7.834150324015354e-07,
    9.050158951140475e-07,
    1.518153794677346e-06,
    5.601442012448388e-07,
    7.418148584292794e-07,
    1.0807031003423617e-06,
    8.635131507617189e-07,
    4.831342153011065e-07,
    7.502299013140146e-07,
    7.816099696356105e-07,
    9.610394045012072e-07,
    1.124195591728494e-06,
    8.783562748249096e-07
  ]
}