{
  "global_step": [
    8415,
    8416,
    8417,
    8418,
    8419,
    8420,
    8421,
    8422,
    8423,
    8424,
    8425,
    8426,
    8427,
    8428,
    8429,
    8430,
    8431,
    8432,
    8433,
    8434,
    8435,
    8436,
    8437,
    8438,
    8439,
    8440,
    8441,
    8442,
    8443,
    8444,
    8445,
    8446,
    8447
  ],
  "experience_step": [
    32,
    32,
    32,
    32,
    32,
    32,
    32,
    32,
    32,
    32,
    32,
    32,
    32,
    32,
    32,
    32,
    32,
    32,
    32,
    32,
    32,
    32,
    32,
    32,
    32,
    32,
    32,
    32,
    32,
    32,
    32,
    32,
    8
  ],
  "rewards": [
    0.4170437157154083,
    0.5113661289215088,
    0.522503674030304,
    0.5369156002998352,
    0.5291189551353455,
    0.5340286493301392,
    0.5411428809165955,
    0.5384381413459778,
    0.5382906198501587,
    0.5459447503089905,
    0.5422465205192566,
    0.5428688526153564,
    0.5341947078704834,
    0.5403388142585754,
    0.5292779803276062,
    0.536507248878479,
    0.532122015953064,
    0.5430958271026611,
    0.5463286638259888,
    0.5381636023521423,
    0.5363078713417053,
    0.5409641861915588,
    0.5372995734214783,
    0.5332765579223633,
    0.5433866381645203,
    0.5267249345779419,
    0.5092465281486511,
    0.49285492300987244,
    0.5020337700843811,
    0.5027857422828674,
    0.4860718846321106,
    0.4888954758644104,
    0.49282342195510864
  ],
  "stockouts": [
    0.018892046064138412,
    0.024147726595401764,
    0.0078125,
    0.005397727247327566,
    0.0078125,
    0.005965908989310265,
    0.003409090917557478,
    0.0029829544946551323,
    0.0038352273404598236,
    0.0025568180717527866,
    0.0025568180717527866,
    0.002698863623663783,
    0.0014204545877873898,
    0.0011363636003807187,
    0.0012784090358763933,
    0.0008522727293893695,
    0.00042613636469468474,
    0.00042613636469468474,
    0.0007102272938936949,
    0.00042613636469468474,
    0.0007102272938936949,
    0.0002840909000951797,
    0.00042613636469468474,
    0.00014204545004758984,
    0.00014204545004758984,
    0.00014204545004758984,
    0.0,
    0.00014204545004758984,
    0.0,
    0.00014204545004758984,
    0.00014204545004758984,
    0.0,
    0.0
  ],
  "waste": [
    0.010030903853476048,
    0.009058099240064621,
    0.009394950233399868,
    0.00929899513721466,
    0.009280191734433174,
    0.009430320002138615,
    0.009441555477678776,
    0.009482424706220627,
    0.009381283074617386,
    0.00945557001978159,
    0.009307044558227062,
    0.00943773053586483,
    0.009480752050876617,
    0.009502092376351357,
    0.009562784805893898,
    0.009659744799137115,
    0.009684344753623009,
    0.009635311551392078,
    0.009635990485548973,
    0.009735578671097755,
    0.009675093926489353,
    0.009604940190911293,
    0.00959304440766573,
    0.009848876856267452,
    0.00972942728549242,
    0.009707549586892128,
    0.009924888610839844,
    0.009996093809604645,
    0.009927754290401936,
    0.009950002655386925,
    0.010057009756565094,
    0.01021032314747572,
    0.010237145237624645
  ],
  "delta": [
    0.32385939359664917,
    0.4247395694255829,
    0.4333108365535736,
    0.44809195399284363,
    0.4389398396015167,
    0.4447600841522217,
    0.45190465450286865,
    0.44941842555999756,
    0.4479069411754608,
    0.4562884271144867,
    0.45296710729599,
    0.45283085107803345,
    0.44383957982063293,
    0.4501899778842926,
    0.4388619065284729,
    0.44701632857322693,
    0.4416787028312683,
    0.45314928889274597,
    0.45631712675094604,
    0.4487666189670563,
    0.446572870016098,
    0.4509296715259552,
    0.44755110144615173,
    0.44361454248428345,
    0.45297327637672424,
    0.43666237592697144,
    0.4189815819263458,
    0.40303221344947815,
    0.4117026925086975,
    0.4127998650074005,
    0.3957970440387726,
    0.39856594800949097,
    0.4008035957813263
  ],
  "critic_loss": [
    0.06622928380966187,
    0.09833476692438126,
    0.09730777889490128,
    0.10238096117973328,
    0.09931521117687225,
    0.10137927532196045,
    0.10356762260198593,
    0.10238493978977203,
    0.10216029733419418,
    0.10554752498865128,
    0.10392283648252487,
    0.10411330312490463,
    0.09970457851886749,
    0.10238558799028397,
    0.09732595086097717,
    0.10083314776420593,
    0.09842222183942795,
    0.10346275568008423,
    0.10504670441150665,
    0.10152329504489899,
    0.10056043416261673,
    0.1024743914604187,
    0.10102967172861099,
    0.09923207014799118,
    0.10333714634180069,
    0.0960875079035759,
    0.08859236538410187,
    0.08198300004005432,
    0.08572135120630264,
    0.08601114898920059,
    0.07926534116268158,
    0.08046890795230865,
    0.0809522271156311
  ],
  "entropy_adjusted": [
    3.390737674635602e-06,
    1.9164508557878435e-06,
    2.658666744537186e-06,
    2.4904582005547127e-06,
    2.8443375867936993e-06,
    1.9351580249349354e-06,
    2.3568159122078214e-06,
    2.666970658538048e-06,
    2.953280045403517e-06,
    2.9147302029741695e-06,
    2.7583225801208755e-06,
    2.9587195058411453e-06,
    2.244490360681084e-06,
    2.2837862161395606e-06,
    2.1971734440739965e-06,
    2.6820364382729167e-06,
    2.7564640276978025e-06,
    2.129288759533665e-06,
    2.136645434802631e-06,
    2.7200062504562084e-06,
    1.854748688856489e-06,
    1.8813826727637206e-06,
    1.599370648364129e-06,
    1.4006425317347748e-06,
    2.1263658709358424e-06,
    1.6530975699424744e-06,
    1.879096771517652e-06,
    2.1628800368489465e-06,
    1.934820829774253e-06,
    2.0432580640772358e-06,
    1.6141567584782024e-06,
    2.071709104711772e-06,
    5.686166559826233e-07
  ],
  "actor_loss": [
    2.900875188061036e-06,
    1.5432225382028264e-06,
    2.401321125944378e-06,
    2.7728622171707684e-06,
    2.4688345092727104e-06,
    1.6806548046588432e-06,
    2.289754092998919e-06,
    2.2732328943675384e-06,
    2.484904825905687e-06,
    2.706544592001592e-06,
    2.7391236017138e-06,
    3.996186478616437e-06,
    1.9924493699363666e-06,
    2.0681306978076464e-06,
    1.9642995994217927e-06,
    2.581357193776057e-06,
    2.908297119574854e-06,
    2.2196645659278147e-06,
    2.367601382502471e-06,
    2.824494004016742e-06,
    1.8339644611842232e-06,
    1.7576812751940452e-06,
    1.3812270935886772e-06,
    1.7747970559867099e-06,
    1.8253823554914561e-06,
    1.4974788200561306e-06,
    1.7693290601528133e-06,
    1.7385938235747744e-06,
    1.7262312894672505e-06,
    1.9743372376979096e-06,
    1.0592574426482315e-06,
    1.6685289665474556e-06,
    5.213474310039601e-07
  ]
}