{
  "global_step": [
    5841,
    5842,
    5843,
    5844,
    5845,
    5846,
    5847,
    5848,
    5849,
    5850,
    5851,
    5852,
    5853,
    5854,
    5855,
    5856,
    5857,
    5858,
    5859,
    5860,
    5861,
    5862,
    5863,
    5864,
    5865,
    5866,
    5867,
    5868,
    5869,
    5870,
    5871,
    5872,
    5873
  ],
  "experience_step": [
    32,
    32,
    32,
    32,
    32,
    32,
    32,
    32,
    32,
    32,
    32,
    32,
    32,
    32,
    32,
    32,
    32,
    32,
    32,
    32,
    32,
    32,
    32,
    32,
    32,
    32,
    32,
    32,
    32,
    32,
    32,
    32,
    8
  ],
  "rewards": [
    0.4126740097999573,
    0.49010515213012695,
    0.5193025469779968,
    0.5314958691596985,
    0.5070235729217529,
    0.5249794125556946,
    0.523208498954773,
    0.5286763906478882,
    0.5192369818687439,
    0.5285361409187317,
    0.5319458842277527,
    0.5248095989227295,
    0.526997447013855,
    0.5316379070281982,
    0.5264959335327148,
    0.5304617881774902,
    0.5290710926055908,
    0.5326656699180603,
    0.5247604846954346,
    0.5242604613304138,
    0.5304113030433655,
    0.5364859104156494,
    0.5264726877212524,
    0.5170835256576538,
    0.5275850296020508,
    0.5147992968559265,
    0.498791366815567,
    0.4939286708831787,
    0.4963243007659912,
    0.5003476738929749,
    0.46866080164909363,
    0.4655221998691559,
    0.44952210783958435
  ],
  "stockouts": [
    0.020596591755747795,
    0.025710226967930794,
    0.007528408896178007,
    0.0049715908244252205,
    0.009232954122126102,
    0.0062500000931322575,
    0.0038352273404598236,
    0.0025568180717527866,
    0.004829545505344868,
    0.0025568180717527866,
    0.002698863623663783,
    0.003977272659540176,
    0.0015625000232830644,
    0.0018465908942744136,
    0.0014204545877873898,
    0.0015625000232830644,
    0.0011363636003807187,
    0.0005681818001903594,
    0.0007102272938936949,
    0.0005681818001903594,
    0.0008522727293893695,
    0.0007102272938936949,
    0.00014204545004758984,
    0.0002840909000951797,
    0.00014204545004758984,
    0.00042613636469468474,
    0.0,
    0.0,
    0.0002840909000951797,
    0.00014204545004758984,
    0.0002840909000951797,
    0.0,
    0.0
  ],
  "waste": [
    0.00993962399661541,
    0.009027460590004921,
    0.009304534643888474,
    0.00931092631071806,
    0.009357270784676075,
    0.009257594123482704,
    0.00930686667561531,
    0.009409323334693909,
    0.00927725713700056,
    0.009312410838901997,
    0.009315598756074905,
    0.009463130496442318,
    0.009340019896626472,
    0.009401395916938782,
    0.009328613057732582,
    0.009419269859790802,
    0.009378751739859581,
    0.009414101019501686,
    0.009497398510575294,
    0.009360901080071926,
    0.009520923718810081,
    0.009375487454235554,
    0.00937711913138628,
    0.00945635698735714,
    0.009521623142063618,
    0.009531092830002308,
    0.00967071857303381,
    0.00960693322122097,
    0.009932048618793488,
    0.009833979420363903,
    0.009707994759082794,
    0.010019490495324135,
    0.010357280261814594
  ],
  "delta": [
    0.3467795252799988,
    0.42800283432006836,
    0.4553571045398712,
    0.4672229290008545,
    0.44353416562080383,
    0.4603586792945862,
    0.45851194858551025,
    0.4644572138786316,
    0.45415738224983215,
    0.46444472670555115,
    0.4674566686153412,
    0.4601815640926361,
    0.46215054392814636,
    0.46698376536369324,
    0.46229252219200134,
    0.466707319021225,
    0.46393898129463196,
    0.46818816661834717,
    0.4604356288909912,
    0.4609205722808838,
    0.46576711535453796,
    0.47186413407325745,
    0.46207156777381897,
    0.4525933563709259,
    0.4632621109485626,
    0.4500672519207001,
    0.4343617856502533,
    0.42875587940216064,
    0.43179425597190857,
    0.43568745255470276,
    0.4047260284423828,
    0.4005206823348999,
    0.3849009573459625
  ],
  "critic_loss": [
    0.07679907977581024,
    0.10390937328338623,
    0.10789421945810318,
    0.11201546341180801,
    0.10379456728696823,
    0.109418585896492,
    0.10748975723981857,
    0.10962463170289993,
    0.10639812797307968,
    0.1096462532877922,
    0.11114314943552017,
    0.1081276461482048,
    0.10823275148868561,
    0.11057049036026001,
    0.1083458736538887,
    0.11029746383428574,
    0.10895725339651108,
    0.11078986525535583,
    0.10715339332818985,
    0.10738111287355423,
    0.10969636589288712,
    0.11237397789955139,
    0.1078089028596878,
    0.10345997661352158,
    0.10818956792354584,
    0.1022837907075882,
    0.0951867327094078,
    0.09295104444026947,
    0.09430406987667084,
    0.09580386430025101,
    0.08310975879430771,
    0.08130349963903427,
    0.07518970966339111
  ],
  "entropy_adjusted": [
    4.01573288399959e-06,
    4.66841038360144e-06,
    4.478783921513241e-06,
    4.530338173935888e-06,
    4.122168775211321e-06,
    5.046772002970101e-06,
    3.1703741569799604e-06,
    4.2892852434306405e-06,
    3.827929958788445e-06,
    5.02532839163905e-06,
    3.7625766253768234e-06,
    3.760505478567211e-06,
    3.9433621168427635e-06,
    3.639604074123781e-06,
    3.841019861283712e-06,
    4.5196593418950215e-06,
    4.149290816712892e-06,
    4.515331966103986e-06,
    3.893300345225725e-06,
    4.28016892328742e-06,
    3.863185611407971e-06,
    3.898972863680683e-06,
    2.994806209244416e-06,
    3.7607001104333904e-06,
    2.9964237455715192e-06,
    2.89765307570633e-06,
    2.579842202976579e-06,
    2.940365675385692e-06,
    3.0467626856989227e-06,
    2.9734505915257614e-06,
    2.6371631065558176e-06,
    2.0898801267321687e-06,
    1.7863845869214856e-06
  ],
  "actor_loss": [
    2.7135031359648565e-06,
    4.606958555086749e-06,
    4.798639565706253e-06,
    5.025471637054579e-06,
    3.8475909605040215e-06,
    5.47631316294428e-06,
    3.1523723009740934e-06,
    4.821134552912554e-06,
    3.117410869890591e-06,
    6.121922524471302e-06,
    3.8466018850158434e-06,
    3.6553442441800144e-06,
    4.335352969064843e-06,
    3.156707862217445e-06,
    3.5028026559302816e-06,
    5.397011136665242e-06,
    5.178907940717181e-06,
    5.185782811167883e-06,
    3.855790964735206e-06,
    4.449079369805986e-06,
    3.884958459821064e-06,
    5.099977443023818e-06,
    2.8628862764890073e-06,
    4.104448635189328e-06,
    2.9180923775129486e-06,
    2.517016810088535e-06,
    2.305328962393105e-06,
    2.6069862997246673e-06,
    2.9734812869719462e-06,
    2.815911557263462e-06,
    2.3066527319315355e-06,
    1.8611552832226153e-06,
    1.4118887747827102e-06
  ]
}