{
  "global_step": [
    12408,
    12409,
    12410,
    12411,
    12412,
    12413,
    12414,
    12415,
    12416,
    12417,
    12418,
    12419,
    12420,
    12421,
    12422,
    12423,
    12424,
    12425,
    12426,
    12427,
    12428,
    12429,
    12430,
    12431,
    12432,
    12433,
    12434,
    12435,
    12436,
    12437,
    12438,
    12439,
    12440
  ],
  "experience_step": [
    32,
    32,
    32,
    32,
    32,
    32,
    32,
    32,
    32,
    32,
    32,
    32,
    32,
    32,
    32,
    32,
    32,
    32,
    32,
    32,
    32,
    32,
    32,
    32,
    32,
    32,
    32,
    32,
    32,
    32,
    32,
    32,
    8
  ],
  "rewards": [
    0.4279114603996277,
    0.5092794299125671,
    0.5373677015304565,
    0.5423083305358887,
    0.5259417295455933,
    0.5402894616127014,
    0.5411058664321899,
    0.5446269512176514,
    0.5425790548324585,
    0.549562931060791,
    0.544828474521637,
    0.5424444079399109,
    0.5464824438095093,
    0.5530388355255127,
    0.5440122485160828,
    0.5482581257820129,
    0.5454059839248657,
    0.5496878027915955,
    0.5459480881690979,
    0.5322368144989014,
    0.5387491583824158,
    0.5478069186210632,
    0.5388820767402649,
    0.5346638560295105,
    0.5429551005363464,
    0.5353739857673645,
    0.5160295367240906,
    0.5157431364059448,
    0.5186992883682251,
    0.5188971161842346,
    0.5135840177536011,
    0.4904516041278839,
    0.47523972392082214
  ],
  "stockouts": [
    0.019602272659540176,
    0.023295454680919647,
    0.0062500000931322575,
    0.005255681928247213,
    0.008380682207643986,
    0.005255681928247213,
    0.0032670453656464815,
    0.0021306818816810846,
    0.003409090917557478,
    0.001988636329770088,
    0.0025568180717527866,
    0.002698863623663783,
    0.0014204545877873898,
    0.0011363636003807187,
    0.000994318164885044,
    0.0007102272938936949,
    0.00042613636469468474,
    0.0002840909000951797,
    0.0005681818001903594,
    0.00042613636469468474,
    0.00042613636469468474,
    0.00042613636469468474,
    0.0002840909000951797,
    0.0,
    0.00014204545004758984,
    0.0,
    0.0,
    0.0,
    0.0,
    0.0,
    0.00014204545004758984,
    0.0,
    0.0
  ],
  "waste": [
    0.01025603897869587,
    0.009348476305603981,
    0.009639687836170197,
    0.009548046626150608,
    0.009539224207401276,
    0.0096196373924613,
    0.009730089455842972,
    0.009694177657365799,
    0.009699949994683266,
    0.009714665822684765,
    0.009805137291550636,
    0.009880482219159603,
    0.009984114207327366,
    0.009928413666784763,
    0.009991359896957874,
    0.010060937143862247,
    0.01018406730145216,
    0.010212615132331848,
    0.010113568976521492,
    0.010276424698531628,
    0.010272862389683723,
    0.010224362835288048,
    0.010534467175602913,
    0.010538624599575996,
    0.010450729168951511,
    0.010501210577785969,
    0.010748954489827156,
    0.010748732835054398,
    0.010868257842957973,
    0.010847044177353382,
    0.010777300223708153,
    0.011099335737526417,
    0.011217447929084301
  ],
  "delta": [
    0.29555514454841614,
    0.3831285536289215,
    0.4095568358898163,
    0.41265860199928284,
    0.39625945687294006,
    0.4121139645576477,
    0.41307806968688965,
    0.4157538414001465,
    0.41363009810447693,
    0.41939330101013184,
    0.41606295108795166,
    0.4141228199005127,
    0.41747134923934937,
    0.42427748441696167,
    0.41487058997154236,
    0.419290155172348,
    0.4170211851596832,
    0.42042651772499084,
    0.41687697172164917,
    0.4026036262512207,
    0.40977907180786133,
    0.4181813895702362,
    0.40985405445098877,
    0.4057576656341553,
    0.413192480802536,
    0.40635547041893005,
    0.38698917627334595,
    0.38681477308273315,
    0.38982999324798584,
    0.3892144560813904,
    0.3844618499279022,
    0.36116012930870056,
    0.34673428535461426
  ],
  "critic_loss": [
    0.05722058191895485,
    0.08025641739368439,
    0.08669579029083252,
    0.0869932770729065,
    0.08158900588750839,
    0.08673229813575745,
    0.08656733483076096,
    0.08754120022058487,
    0.08709896355867386,
    0.0891285315155983,
    0.08780606091022491,
    0.08697017282247543,
    0.08823518455028534,
    0.0909229964017868,
    0.08689748495817184,
    0.08871167153120041,
    0.08769374340772629,
    0.08902466297149658,
    0.0876917913556099,
    0.08183380216360092,
    0.0847143903374672,
    0.08822023123502731,
    0.08469855040311813,
    0.08305301517248154,
    0.0861014649271965,
    0.08322498947381973,
    0.07554145157337189,
    0.07555557787418365,
    0.07683076709508896,
    0.07649948447942734,
    0.07475681602954865,
    0.06631817668676376,
    0.06074642390012741
  ],
  "entropy_adjusted": [
    1.3849750075678458e-06,
    1.705782210592588e-06,
    1.8657493683349458e-06,
    1.9929079826397356e-06,
    1.7475671256761416e-06,
    1.504951228525897e-06,
    2.1236553493508836e-06,
    1.591720888427517e-06,
    1.586814960319316e-06,
    2.0495820081123384e-06,
    2.0752470391016686e-06,
    1.556827896820323e-06,
    1.8406925619274261e-06,
    2.104713303197059e-06,
    1.708076865725161e-06,
    1.73170462858252e-06,
    1.4414939641937963e-06,
    1.211341782436648e-06,
    1.7551520841152524e-06,
    1.2563679092636448e-06,
    1.0684268545446685e-06,
    2.009953277593013e-06,
    1.0578182809695136e-06,
    1.6985364936772385e-06,
    8.899058343558863e-07,
    7.042944503155013e-07,
    9.997530696637114e-07,
    1.4158623571347562e-06,
    1.2628581771423342e-06,
    8.136418045978644e-07,
    1.5015303915788536e-06,
    1.0556987035670318e-06,
    5.626137067338277e-07
  ],
  "actor_loss": [
    8.191484539565863e-07,
    1.005496301331732e-06,
    1.8143916804547189e-06,
    1.5580177432639175e-06,
    1.4840312587693916e-06,
    1.1998606623819796e-06,
    1.4239678876037942e-06,
    1.202335283778666e-06,
    1.1228456742173876e-06,
    1.9112676454824395e-06,
    2.123347712768009e-06,
    1.558420194669452e-06,
    1.9728238385141594e-06,
    2.1448429379233858e-06,
    1.517359464742185e-06,
    1.4773485190744395e-06,
    1.2506330904216156e-06,
    1.0399314760434208e-06,
    1.637832042433729e-06,
    1.0785025779114221e-06,
    8.907542223823839e-07,
    1.8256306475450401e-06,
    5.16140175932378e-07,
    1.5781268984937924e-06,
    8.398948807553097e-07,
    2.867099624381808e-07,
    4.648008200547338e-07,
    1.2086463812011061e-06,
    8.610813324594346e-07,
    5.063425305706915e-07,
    1.2127786703786114e-06,
    7.405948281302699e-07,
    1.252859078704205e-07
  ]
}