{
  "global_step": [
    15807,
    15808,
    15809,
    15810,
    15811,
    15812,
    15813,
    15814,
    15815,
    15816,
    15817,
    15818,
    15819,
    15820,
    15821,
    15822,
    15823,
    15824,
    15825,
    15826,
    15827,
    15828,
    15829,
    15830,
    15831,
    15832,
    15833,
    15834,
    15835,
    15836,
    15837,
    15838,
    15839
  ],
  "experience_step": [
    32,
    32,
    32,
    32,
    32,
    32,
    32,
    32,
    32,
    32,
    32,
    32,
    32,
    32,
    32,
    32,
    32,
    32,
    32,
    32,
    32,
    32,
    32,
    32,
    32,
    32,
    32,
    32,
    32,
    32,
    32,
    32,
    8
  ],
  "rewards": [
    0.4386674463748932,
    0.5170791149139404,
    0.5302637219429016,
    0.5436528921127319,
    0.5314769148826599,
    0.5399743914604187,
    0.543678879737854,
    0.5472308993339539,
    0.5424489378929138,
    0.551693856716156,
    0.5471353530883789,
    0.5449512600898743,
    0.5546908378601074,
    0.5530687570571899,
    0.5405157208442688,
    0.5498185753822327,
    0.544373631477356,
    0.5459797978401184,
    0.5522860884666443,
    0.5413766503334045,
    0.5454932451248169,
    0.5507499575614929,
    0.5446192026138306,
    0.5392128825187683,
    0.5484594702720642,
    0.5413050055503845,
    0.5190674066543579,
    0.5318488478660583,
    0.5241056680679321,
    0.5338138937950134,
    0.5190401077270508,
    0.5111706256866455,
    0.4965871572494507
  ],
  "stockouts": [
    0.0208806823939085,
    0.02386363595724106,
    0.007528408896178007,
    0.005539772566407919,
    0.008806818164885044,
    0.0062500000931322575,
    0.003409090917557478,
    0.0028409091755747795,
    0.004119317978620529,
    0.002698863623663783,
    0.002414772752672434,
    0.0029829544946551323,
    0.0012784090358763933,
    0.0014204545877873898,
    0.000994318164885044,
    0.0008522727293893695,
    0.0002840909000951797,
    0.0002840909000951797,
    0.0007102272938936949,
    0.0002840909000951797,
    0.0008522727293893695,
    0.00014204545004758984,
    0.00014204545004758984,
    0.0,
    0.0,
    0.0,
    0.0,
    0.0,
    0.00014204545004758984,
    0.00014204545004758984,
    0.0,
    0.0,
    0.0
  ],
  "waste": [
    0.009769989177584648,
    0.009020058438181877,
    0.009347129613161087,
    0.009295344352722168,
    0.009331603534519672,
    0.009490289725363255,
    0.009480860084295273,
    0.009463869035243988,
    0.009498617611825466,
    0.009487285278737545,
    0.009625991806387901,
    0.009643231518566608,
    0.009669824503362179,
    0.009770586155354977,
    0.009875726886093616,
    0.009889955632388592,
    0.009944022633135319,
    0.010005863383412361,
    0.009757938794791698,
    0.01004166342318058,
    0.00986974872648716,
    0.009865459986031055,
    0.010130546055734158,
    0.010123916901648045,
    0.010135400108993053,
    0.010056152939796448,
    0.01038776058703661,
    0.010297512635588646,
    0.010462089441716671,
    0.010537222027778625,
    0.010461920872330666,
    0.010690172202885151,
    0.011006209999322891
  ],
  "delta": [
    0.2731950283050537,
    0.35885339975357056,
    0.36916324496269226,
    0.38208329677581787,
    0.3696523606777191,
    0.3781770169734955,
    0.3822691738605499,
    0.38543805480003357,
    0.3808120787143707,
    0.3897019028663635,
    0.385608971118927,
    0.3837301731109619,
    0.39270180463790894,
    0.39139997959136963,
    0.37860390543937683,
    0.38800275325775146,
    0.38237491250038147,
    0.38394615054130554,
    0.390238881111145,
    0.3792477250099182,
    0.3836168944835663,
    0.3893470764160156,
    0.38239961862564087,
    0.3769029676914215,
    0.3863336443901062,
    0.37948712706565857,
    0.35676199197769165,
    0.36995014548301697,
    0.3619895279407501,
    0.37176713347435,
    0.3567192554473877,
    0.34895235300064087,
    0.33454176783561707
  ],
  "critic_loss": [
    0.050026606768369675,
    0.07048159837722778,
    0.07102039456367493,
    0.07482831180095673,
    0.07128795236349106,
    0.07372399419546127,
    0.07431677728891373,
    0.07558166980743408,
    0.07420127838850021,
    0.07728048413991928,
    0.07543791830539703,
    0.07476806640625,
    0.07803954184055328,
    0.07745672762393951,
    0.07236858457326889,
    0.07593794912099838,
    0.07372098416090012,
    0.07434626668691635,
    0.07683641463518143,
    0.07251585274934769,
    0.07429801672697067,
    0.07631990313529968,
    0.07364261150360107,
    0.07163099944591522,
    0.07518620789051056,
    0.07258019596338272,
    0.06422482430934906,
    0.06902110576629639,
    0.06629828363656998,
    0.06981729716062546,
    0.06449175626039505,
    0.06154713034629822,
    0.056439876556396484
  ],
  "entropy_adjusted": [
    1.3638231166623882e-06,
    1.3519115782401059e-06,
    1.4611182450607885e-06,
    1.3697764416065183e-06,
    1.4576064586435677e-06,
    1.1838631053251447e-06,
    1.7527892168800463e-06,
    8.119912422444031e-07,
    1.9279814296169207e-06,
    1.488338284616475e-06,
    1.3605796311821905e-06,
    1.507908336861874e-06,
    1.3697983831661986e-06,
    1.1188303687958978e-06,
    1.3255032627057517e-06,
    7.081461603775097e-07,
    1.2454131592676276e-06,
    1.3465031543091754e-06,
    7.931100753921783e-07,
    1.3966634924145183e-06,
    1.6127218032124802e-06,
    9.717964530864265e-07,
    1.1592348982958356e-06,
    1.0416791837997152e-06,
    1.082248331840674e-06,
    8.588253308516869e-07,
    8.984194437289261e-07,
    1.1359534255461767e-06,
    1.2863048368672025e-06,
    1.2059334721925552e-06,
    9.513983627584821e-07,
    8.919685683395073e-07,
    7.326314062083839e-07
  ],
  "actor_loss": [
    6.423906029340287e-07,
    8.85888312041061e-07,
    1.0485581469765748e-06,
    1.0218828947472502e-06,
    1.1516124232002767e-06,
    8.752612075113575e-07,
    1.204859131576086e-06,
    5.762763635175361e-07,
    1.3933639593233238e-06,
    1.329066662947298e-06,
    9.378365461998328e-07,
    1.0509379535506014e-06,
    1.1895625675606425e-06,
    9.114914405472518e-07,
    1.0159909606954898e-06,
    5.095580490888096e-07,
    8.302236551571696e-07,
    1.0313679013052024e-06,
    3.2611833944429236e-07,
    1.0789949556055944e-06,
    1.1473321137600578e-06,
    6.775100018785452e-07,
    9.673533440945903e-07,
    8.730651757105079e-07,
    6.887435120006558e-07,
    4.7206896169882384e-07,
    4.927964027956477e-07,
    9.979313517760602e-07,
    9.963292768588872e-07,
    1.246110514330212e-06,
    5.189738203625893e-07,
    3.8673346125506214e-07,
    4.097101680144988e-07
  ]
}