{
  "global_step": [
    7524,
    7525,
    7526,
    7527,
    7528,
    7529,
    7530,
    7531,
    7532,
    7533,
    7534,
    7535,
    7536,
    7537,
    7538,
    7539,
    7540,
    7541,
    7542,
    7543,
    7544,
    7545,
    7546,
    7547,
    7548,
    7549,
    7550,
    7551,
    7552,
    7553,
    7554,
    7555,
    7556
  ],
  "experience_step": [
    32,
    32,
    32,
    32,
    32,
    32,
    32,
    32,
    32,
    32,
    32,
    32,
    32,
    32,
    32,
    32,
    32,
    32,
    32,
    32,
    32,
    32,
    32,
    32,
    32,
    32,
    32,
    32,
    32,
    32,
    32,
    32,
    8
  ],
  "rewards": [
    0.41773343086242676,
    0.5024363994598389,
    0.5207586884498596,
    0.5314064621925354,
    0.5183331966400146,
    0.5316716432571411,
    0.532753586769104,
    0.5404159426689148,
    0.5311589241027832,
    0.5433080196380615,
    0.5367363095283508,
    0.5423656105995178,
    0.5398575067520142,
    0.5434010028839111,
    0.5425631999969482,
    0.5413385033607483,
    0.5454907417297363,
    0.5398312211036682,
    0.5315079689025879,
    0.5370144248008728,
    0.5402464866638184,
    0.5476326942443848,
    0.5365771651268005,
    0.5279236435890198,
    0.5359978675842285,
    0.536944568157196,
    0.5231404304504395,
    0.5217459201812744,
    0.5225989818572998,
    0.5101549625396729,
    0.5161488652229309,
    0.523329496383667,
    0.4766799807548523
  ],
  "stockouts": [
    0.02400568127632141,
    0.028835227712988853,
    0.010795454494655132,
    0.008664772845804691,
    0.013778408989310265,
    0.008664772845804691,
    0.004829545505344868,
    0.0032670453656464815,
    0.005681818351149559,
    0.0028409091755747795,
    0.004403409082442522,
    0.004261363763362169,
    0.0022727272007614374,
    0.001704545458778739,
    0.001988636329770088,
    0.0014204545877873898,
    0.0011363636003807187,
    0.0012784090358763933,
    0.0021306818816810846,
    0.0012784090358763933,
    0.000994318164885044,
    0.0005681818001903594,
    0.00014204545004758984,
    0.00042613636469468474,
    0.00014204545004758984,
    0.00014204545004758984,
    0.0,
    0.00042613636469468474,
    0.0005681818001903594,
    0.00042613636469468474,
    0.0,
    0.00042613636469468474,
    0.0005681818001903594
  ],
  "waste": [
    0.009264709427952766,
    0.008137363009154797,
    0.008263405412435532,
    0.008228660561144352,
    0.008155099116265774,
    0.008153163827955723,
    0.008325675502419472,
    0.008423405699431896,
    0.008219166658818722,
    0.008364678360521793,
    0.008351026102900505,
    0.008368970826268196,
    0.008537995629012585,
    0.008515173569321632,
    0.008464100770652294,
    0.008683149702847004,
    0.008547013625502586,
    0.008662133477628231,
    0.008707892149686813,
    0.008651881478726864,
    0.008755533024668694,
    0.00872071273624897,
    0.008824515156447887,
    0.008853350766003132,
    0.008676213212311268,
    0.008772865869104862,
    0.009030867367982864,
    0.009016318246722221,
    0.008967128582298756,
    0.009221418760716915,
    0.0089551517739892,
    0.009053053334355354,
    0.009405643679201603
  ],
  "delta": [
    0.3337574601173401,
    0.4254940152168274,
    0.44026148319244385,
    0.45139822363853455,
    0.4366826117038727,
    0.4512563943862915,
    0.45230984687805176,
    0.4598078727722168,
    0.449680894613266,
    0.4623221755027771,
    0.4551490843296051,
    0.4613807201385498,
    0.4595247507095337,
    0.46230098605155945,
    0.46096137166023254,
    0.4605105221271515,
    0.46436750888824463,
    0.459055632352829,
    0.4509425163269043,
    0.4559929370880127,
    0.45915135741233826,
    0.466103196144104,
    0.45534783601760864,
    0.44717392325401306,
    0.4550876319408417,
    0.4557109475135803,
    0.4422245919704437,
    0.4407045841217041,
    0.44051915407180786,
    0.4291831851005554,
    0.43459978699684143,
    0.44167330861091614,
    0.39614707231521606
  ],
  "critic_loss": [
    0.07230116426944733,
    0.0993761271238327,
    0.10118728131055832,
    0.10509878396987915,
    0.10069889575242996,
    0.1052384227514267,
    0.10446988791227341,
    0.10736458748579025,
    0.10369142889976501,
    0.10841401666402817,
    0.10572853684425354,
    0.10847799479961395,
    0.10678277164697647,
    0.10807857662439346,
    0.10750427097082138,
    0.10720118880271912,
    0.10887359082698822,
    0.10649384558200836,
    0.10298796743154526,
    0.10503829270601273,
    0.10656149685382843,
    0.10947778820991516,
    0.10449282079935074,
    0.10102955251932144,
    0.10441029816865921,
    0.10472561419010162,
    0.09863486140966415,
    0.09808529168367386,
    0.09790035337209702,
    0.093037910759449,
    0.09536091238260269,
    0.09838727861642838,
    0.07944963127374649
  ],
  "entropy_adjusted": [
    3.4734168821159983e-06,
    3.852005647786427e-06,
    3.5313216812937753e-06,
    3.4840954867831897e-06,
    3.630678520494257e-06,
    3.6713588542625075e-06,
    4.327152055338956e-06,
    4.50986544819898e-06,
    3.911236035492038e-06,
    2.838613909261767e-06,
    3.1116173886402976e-06,
    3.718189873325173e-06,
    3.3106107366620563e-06,
    2.7860685349878622e-06,
    2.6487889499549055e-06,
    3.0384546789719025e-06,
    2.9587888548121555e-06,
    2.6568609428068157e-06,
    3.139851514788461e-06,
    2.478793021509773e-06,
    2.6981088012689725e-06,
    3.136336545139784e-06,
    2.038818820437882e-06,
    2.990338089148281e-06,
    3.023564431714476e-06,
    1.7714153273118427e-06,
    2.2754404653824167e-06,
    1.9233361854276154e-06,
    1.9023574395760079e-06,
    2.455934236422763e-06,
    2.217477913291077e-06,
    2.4681494323886e-06,
    1.8054114434562507e-06
  ],
  "actor_loss": [
    2.7945775400439743e-06,
    3.5845205275109038e-06,
    3.2701041163818445e-06,
    3.0032629183551762e-06,
    3.0610694921051618e-06,
    3.391962536625215e-06,
    4.308023108023917e-06,
    4.715965133073041e-06,
    3.772647005462204e-06,
    2.510108970454894e-06,
    2.2826880012871698e-06,
    4.121096480957931e-06,
    3.992726760770893e-06,
    2.2444403384724865e-06,
    2.460083805999602e-06,
    2.6308671294827946e-06,
    3.2613770599709824e-06,
    2.740530817391118e-06,
    3.0732041977898916e-06,
    2.262729140056763e-06,
    3.285321099610883e-06,
    3.754282488444005e-06,
    1.808510546652542e-06,
    3.7330710256355815e-06,
    2.8603265036508674e-06,
    1.5200639609247446e-06,
    2.0902159576507984e-06,
    2.1791643121105153e-06,
    1.9955821244366234e-06,
    1.9665694708237424e-06,
    2.264893510073307e-06,
    2.52306767833943e-06,
    1.4739883908987395e-06
  ]
}