{
  "global_step": [
    19899,
    19900,
    19901,
    19902,
    19903,
    19904,
    19905,
    19906,
    19907,
    19908,
    19909,
    19910,
    19911,
    19912,
    19913,
    19914,
    19915,
    19916,
    19917,
    19918,
    19919,
    19920,
    19921,
    19922,
    19923,
    19924,
    19925,
    19926,
    19927,
    19928,
    19929,
    19930,
    19931
  ],
  "experience_step": [
    32,
    32,
    32,
    32,
    32,
    32,
    32,
    32,
    32,
    32,
    32,
    32,
    32,
    32,
    32,
    32,
    32,
    32,
    32,
    32,
    32,
    32,
    32,
    32,
    32,
    32,
    32,
    32,
    32,
    32,
    32,
    32,
    8
  ],
  "rewards": [
    0.42828091979026794,
    0.5143826603889465,
    0.5333345532417297,
    0.5443448424339294,
    0.5285877585411072,
    0.5415005683898926,
    0.546094536781311,
    0.5544832944869995,
    0.5458787679672241,
    0.5551719665527344,
    0.5472682118415833,
    0.546360194683075,
    0.5522423386573792,
    0.5548768043518066,
    0.5466365814208984,
    0.5464240312576294,
    0.544668972492218,
    0.5498648285865784,
    0.5508376955986023,
    0.5408015251159668,
    0.549280047416687,
    0.5546798706054688,
    0.5369066596031189,
    0.5410377979278564,
    0.5452834367752075,
    0.5381001830101013,
    0.5236318111419678,
    0.5249960422515869,
    0.5322251319885254,
    0.5279777646064758,
    0.5189069509506226,
    0.5183683633804321,
    0.5027997493743896
  ],
  "stockouts": [
    0.022585228085517883,
    0.025426136329770088,
    0.007386363577097654,
    0.005681818351149559,
    0.009517045691609383,
    0.007670454680919647,
    0.0035511364694684744,
    0.0025568180717527866,
    0.004687500186264515,
    0.002698863623663783,
    0.0025568180717527866,
    0.0035511364694684744,
    0.0015625000232830644,
    0.0012784090358763933,
    0.001704545458778739,
    0.0008522727293893695,
    0.0005681818001903594,
    0.0005681818001903594,
    0.0012784090358763933,
    0.000994318164885044,
    0.000994318164885044,
    0.0002840909000951797,
    0.00042613636469468474,
    0.0002840909000951797,
    0.00014204545004758984,
    0.00014204545004758984,
    0.00014204545004758984,
    0.0,
    0.00014204545004758984,
    0.0,
    0.0,
    0.0,
    0.0
  ],
  "waste": [
    0.009297581389546394,
    0.00853169709444046,
    0.008792909793555737,
    0.008723311126232147,
    0.00863624271005392,
    0.008850621059536934,
    0.008917095139622688,
    0.008899989537894726,
    0.00882780458778143,
    0.008883489295840263,
    0.00897231511771679,
    0.008828909136354923,
    0.009070565924048424,
    0.009144490584731102,
    0.009115049615502357,
    0.009171717800199986,
    0.009262210689485073,
    0.009231539443135262,
    0.009247461333870888,
    0.009358498267829418,
    0.009389937855303288,
    0.009278826415538788,
    0.009513121098279953,
    0.00936339981853962,
    0.009486098773777485,
    0.009474734775722027,
    0.009717787615954876,
    0.00973287969827652,
    0.009722061455249786,
    0.009921729564666748,
    0.009873151779174805,
    0.00990033894777298,
    0.010326122865080833
  ],
  "delta": [
    0.22405731678009033,
    0.31595340371131897,
    0.33224502205848694,
    0.3424186706542969,
    0.3261326253414154,
    0.3411341905593872,
    0.34435412287712097,
    0.3533342182636261,
    0.3443511724472046,
    0.353463739156723,
    0.34596988558769226,
    0.3456433415412903,
    0.3508589565753937,
    0.35298049449920654,
    0.34567198157310486,
    0.34549465775489807,
    0.3433975279331207,
    0.348116934299469,
    0.3493429124355316,
    0.33952242136001587,
    0.3473440110683441,
    0.3524630665779114,
    0.3351493775844574,
    0.33956387639045715,
    0.3439784646034241,
    0.33597230911254883,
    0.32185986638069153,
    0.32249507308006287,
    0.3304423391819,
    0.3260751962661743,
    0.3171286880970001,
    0.31590381264686584,
    0.2999262511730194
  ],
  "critic_loss": [
    0.03985954448580742,
    0.05710672214627266,
    0.058123525232076645,
    0.06027761474251747,
    0.05629035830497742,
    0.06013399362564087,
    0.060518473386764526,
    0.06359132379293442,
    0.06106898561120033,
    0.06351649761199951,
    0.06086544692516327,
    0.061014775186777115,
    0.062351565808057785,
    0.06300433725118637,
    0.060577236115932465,
    0.06040574982762337,
    0.059537604451179504,
    0.061183854937553406,
    0.06179627403616905,
    0.05836265906691551,
    0.06104517728090286,
    0.06265225261449814,
    0.056805990636348724,
    0.05821411684155464,
    0.0597325898706913,
    0.05696588754653931,
    0.05242571234703064,
    0.05251060053706169,
    0.055158328264951706,
    0.05380319803953171,
    0.05089915543794632,
    0.05047887563705444,
    0.04548779875040054
  ],
  "entropy_adjusted": [
    1.1840130582640995e-06,
    8.487955369673728e-07,
    1.2105530231565353e-06,
    1.3165254131308757e-06,
    8.214864237743313e-07,
    1.1616696156124817e-06,
    1.2533088238342316e-06,
    8.168758540705312e-07,
    9.160727927337575e-07,
    1.013952214634628e-06,
    1.1191175417479826e-06,
    8.106948712338635e-07,
    6.951734690119338e-07,
    1.0665584113667137e-06,
    8.603346941526979e-07,
    1.3527849205274833e-06,
    1.2688220749623724e-06,
    6.720867986587109e-07,
    9.161942102764442e-07,
    1.1298812978566275e-06,
    7.984758099155442e-07,
    1.0678903663574602e-06,
    8.758492526794726e-07,
    1.0807992794070742e-06,
    1.0137663366549532e-06,
    8.984674764178635e-07,
    6.98953783739853e-07,
    9.265740459341032e-07,
    8.128645276883617e-07,
    4.885568500867521e-07,
    8.563407618566998e-07,
    7.032462008282891e-07,
    2.506573650862265e-07
  ],
  "actor_loss": [
    5.295258347359777e-07,
    6.31135890216683e-07,
    7.276713063220086e-07,
    9.552865094519802e-07,
    4.4453204850469774e-07,
    7.581724048577598e-07,
    8.867756378094782e-07,
    5.793920649921347e-07,
    4.991313744540093e-07,
    5.248138563729299e-07,
    6.764675504200568e-07,
    4.6284648647088034e-07,
    4.2055444282596e-07,
    6.83580651639204e-07,
    5.890295824428904e-07,
    8.519245398019848e-07,
    9.364339348394424e-07,
    3.110989155175048e-07,
    5.618529144157947e-07,
    6.136692718428094e-07,
    5.087158569949679e-07,
    6.247723263186344e-07,
    6.616041332563327e-07,
    5.797513722427539e-07,
    8.568811153963907e-07,
    3.8829233517390094e-07,
    2.708864030864788e-07,
    5.493074581863766e-07,
    2.5823734972618695e-07,
    2.567924752838735e-07,
    4.817919148081273e-07,
    4.2676728639889916e-07,
    2.9303048876272442e-08
  ]
}