{
  "global_step": [
    17754,
    17755,
    17756,
    17757,
    17758,
    17759,
    17760,
    17761,
    17762,
    17763,
    17764,
    17765,
    17766,
    17767,
    17768,
    17769,
    17770,
    17771,
    17772,
    17773,
    17774,
    17775,
    17776,
    17777,
    17778,
    17779,
    17780,
    17781,
    17782,
    17783,
    17784,
    17785,
    17786
  ],
  "experience_step": [
    32,
    32,
    32,
    32,
    32,
    32,
    32,
    32,
    32,
    32,
    32,
    32,
    32,
    32,
    32,
    32,
    32,
    32,
    32,
    32,
    32,
    32,
    32,
    32,
    32,
    32,
    32,
    32,
    32,
    32,
    32,
    32,
    8
  ],
  "rewards": [
    0.40401527285575867,
    0.49759650230407715,
    0.5267106294631958,
    0.5354949831962585,
    0.5230965614318848,
    0.5258243083953857,
    0.5329536199569702,
    0.5407978892326355,
    0.5372436046600342,
    0.5428436398506165,
    0.5378329157829285,
    0.541356086730957,
    0.5370975732803345,
    0.5379635095596313,
    0.5528978705406189,
    0.5424030423164368,
    0.5465013384819031,
    0.5472972989082336,
    0.5410029888153076,
    0.5429129004478455,
    0.5455614328384399,
    0.5423488616943359,
    0.5455067753791809,
    0.5360515117645264,
    0.5384899973869324,
    0.5355222821235657,
    0.533298134803772,
    0.5219438076019287,
    0.531743049621582,
    0.5261912941932678,
    0.52020663022995,
    0.508897602558136,
    0.48359042406082153
  ],
  "stockouts": [
    0.03224431723356247,
    0.03423295542597771,
    0.013494318351149559,
    0.008522727526724339,
    0.014488636516034603,
    0.01221590954810381,
    0.007102272938936949,
    0.005113636143505573,
    0.0078125,
    0.005113636143505573,
    0.005397727247327566,
    0.005397727247327566,
    0.004119317978620529,
    0.0029829544946551323,
    0.0025568180717527866,
    0.002414772752672434,
    0.0028409091755747795,
    0.0011363636003807187,
    0.0018465908942744136,
    0.0018465908942744136,
    0.0011363636003807187,
    0.001704545458778739,
    0.0014204545877873898,
    0.0005681818001903594,
    0.0002840909000951797,
    0.0002840909000951797,
    0.0002840909000951797,
    0.0,
    0.0008522727293893695,
    0.00042613636469468474,
    0.00014204545004758984,
    0.0005681818001903594,
    0.0
  ],
  "waste": [
    0.00852151308208704,
    0.007637032773345709,
    0.007841469720005989,
    0.00785359088331461,
    0.007807615678757429,
    0.007828239351511002,
    0.007969537749886513,
    0.007952501066029072,
    0.007946851663291454,
    0.008031778037548065,
    0.008093772456049919,
    0.00816344004124403,
    0.008249991573393345,
    0.008369963616132736,
    0.00827061478048563,
    0.008339316584169865,
    0.008421661332249641,
    0.008412747643887997,
    0.008541394025087357,
    0.00840566772967577,
    0.008475709706544876,
    0.008587195537984371,
    0.00863409973680973,
    0.008649918250739574,
    0.008643947541713715,
    0.008876818232238293,
    0.008804257027804852,
    0.009088126011192799,
    0.008967355825006962,
    0.009112875908613205,
    0.009281578473746777,
    0.00925030279904604,
    0.009725340642035007
  ],
  "delta": [
    0.21991229057312012,
    0.321855366230011,
    0.3464509844779968,
    0.3560542166233063,
    0.34232231974601746,
    0.3459458649158478,
    0.35218900442123413,
    0.36061200499534607,
    0.35673314332962036,
    0.36165833473205566,
    0.35741016268730164,
    0.3603802025318146,
    0.35581016540527344,
    0.3576045632362366,
    0.37209388613700867,
    0.36149686574935913,
    0.3658447265625,
    0.3666267991065979,
    0.36020609736442566,
    0.3622224032878876,
    0.3649120628833771,
    0.36183807253837585,
    0.36431610584259033,
    0.35638344287872314,
    0.357389897108078,
    0.35514622926712036,
    0.3524509072303772,
    0.34190934896469116,
    0.3515453338623047,
    0.34539300203323364,
    0.33917298913002014,
    0.3283644914627075,
    0.3015521764755249
  ],
  "critic_loss": [
    0.041360192000865936,
    0.059732962399721146,
    0.06428245455026627,
    0.06596149504184723,
    0.06294336915016174,
    0.06337369978427887,
    0.06424488127231598,
    0.06682254374027252,
    0.06604546308517456,
    0.06745205074548721,
    0.06598572432994843,
    0.06705353409051895,
    0.06480000168085098,
    0.06513087451457977,
    0.07037524878978729,
    0.06650988757610321,
    0.06814552843570709,
    0.06796484440565109,
    0.06589260697364807,
    0.06667298823595047,
    0.06748075783252716,
    0.06630687415599823,
    0.06726627051830292,
    0.06422027945518494,
    0.0644240751862526,
    0.06365685909986496,
    0.06268195807933807,
    0.05904637277126312,
    0.06258251518011093,
    0.06043798848986626,
    0.05816226452589035,
    0.05462148040533066,
    0.04607107490301132
  ],
  "entropy_adjusted": [
    1.4915042356733466e-06,
    1.254179323950666e-06,
    1.6601503602942103e-06,
    1.1974112794632674e-06,
    1.7235807945326087e-06,
    1.563180717312207e-06,
    1.4691719343318255e-06,
    1.6167389276233735e-06,
    1.214911776514782e-06,
    1.5631694623152725e-06,
    1.3170756574254483e-06,
    1.3594999472843483e-06,
    1.660429006733466e-06,
    1.6069853927547229e-06,
    1.731916995595384e-06,
    8.083862326202507e-07,
    1.2577301049532252e-06,
    1.1074755548179382e-06,
    1.4244506019167602e-06,
    1.6431317817477975e-06,
    1.2712196166830836e-06,
    8.275849836536509e-07,
    9.856140650299494e-07,
    4.156483157657931e-07,
    1.217809654008306e-06,
    4.818046477339522e-07,
    9.384708619109006e-07,
    1.0847903695321293e-06,
    7.547873792645987e-07,
    7.210672947621788e-07,
    9.31699332795688e-07,
    1.0732187547546346e-06,
    1.2029969411742059e-06
  ],
  "actor_loss": [
    8.140059435390867e-07,
    5.927617507950345e-07,
    9.491006380812905e-07,
    6.199702511366922e-07,
    9.016770832204202e-07,
    8.895036671674461e-07,
    1.045619796968822e-06,
    1.003668330668006e-06,
    6.550051807607815e-07,
    8.979320114121947e-07,
    8.61014598285692e-07,
    8.043198818086239e-07,
    1.0411930588816176e-06,
    1.163613433163846e-06,
    1.2459134950404405e-06,
    6.129688472356065e-07,
    4.837403935198381e-07,
    6.813238542235922e-07,
    9.47436717524397e-07,
    1.2248291341165896e-06,
    9.59925387178373e-07,
    3.6949376180928084e-07,
    5.968601612948987e-07,
    8.75262031740931e-08,
    6.152120022306917e-07,
    2.0329878225311404e-07,
    5.19702496148966e-07,
    7.157482286856975e-07,
    6.114353823249985e-07,
    3.920277436009201e-07,
    4.821669676857709e-07,
    7.158597554735024e-07,
    6.379376600307296e-07
  ]
}