{
  "global_step": [
    5247,
    5248,
    5249,
    5250,
    5251,
    5252,
    5253,
    5254,
    5255,
    5256,
    5257,
    5258,
    5259,
    5260,
    5261,
    5262,
    5263,
    5264,
    5265,
    5266,
    5267,
    5268,
    5269,
    5270,
    5271,
    5272,
    5273,
    5274,
    5275,
    5276,
    5277,
    5278,
    5279
  ],
  "experience_step": [
    32,
    32,
    32,
    32,
    32,
    32,
    32,
    32,
    32,
    32,
    32,
    32,
    32,
    32,
    32,
    32,
    32,
    32,
    32,
    32,
    32,
    32,
    32,
    32,
    32,
    32,
    32,
    32,
    32,
    32,
    32,
    32,
    8
  ],
  "rewards": [
    0.40164637565612793,
    0.4854295551776886,
    0.5192917585372925,
    0.5232222676277161,
    0.5078622698783875,
    0.5169438719749451,
    0.523371696472168,
    0.5270751118659973,
    0.521453857421875,
    0.5158385038375854,
    0.5214402079582214,
    0.517702579498291,
    0.5274234414100647,
    0.5167927742004395,
    0.5234860777854919,
    0.5220937132835388,
    0.5126498341560364,
    0.5346976518630981,
    0.5182616710662842,
    0.5211671590805054,
    0.5115331411361694,
    0.5191716551780701,
    0.5252507925033569,
    0.5052136182785034,
    0.5265275835990906,
    0.5098963379859924,
    0.49100854992866516,
    0.4901452362537384,
    0.47579067945480347,
    0.47581028938293457,
    0.4725153148174286,
    0.47969117760658264,
    0.4765692353248596
  ],
  "stockouts": [
    0.019886363297700882,
    0.022727273404598236,
    0.0062500000931322575,
    0.005113636143505573,
    0.0078125,
    0.005255681928247213,
    0.002698863623663783,
    0.0021306818816810846,
    0.004119317978620529,
    0.0025568180717527866,
    0.0018465908942744136,
    0.0032670453656464815,
    0.0011363636003807187,
    0.0014204545877873898,
    0.0011363636003807187,
    0.0007102272938936949,
    0.00042613636469468474,
    0.00042613636469468474,
    0.0005681818001903594,
    0.00042613636469468474,
    0.0005681818001903594,
    0.0002840909000951797,
    0.00014204545004758984,
    0.00014204545004758984,
    0.00014204545004758984,
    0.00014204545004758984,
    0.0,
    0.0,
    0.00014204545004758984,
    0.0,
    0.0002840909000951797,
    0.0,
    0.0
  ],
  "waste": [
    0.010594712570309639,
    0.009905870072543621,
    0.01020909659564495,
    0.010155942291021347,
    0.009936095215380192,
    0.010045484639704227,
    0.01017588097602129,
    0.010254330933094025,
    0.010007820092141628,
    0.010219894349575043,
    0.010148683562874794,
    0.010267429053783417,
    0.010410849936306477,
    0.010497214272618294,
    0.010307788848876953,
    0.010412931442260742,
    0.0103630805388093,
    0.01046694628894329,
    0.010588427074253559,
    0.01062504667788744,
    0.01056230254471302,
    0.010611339472234249,
    0.010396772064268589,
    0.010662367567420006,
    0.010646087117493153,
    0.010646380484104156,
    0.01089959591627121,
    0.010922180488705635,
    0.011001082137227058,
    0.011197269894182682,
    0.011022554710507393,
    0.01124714594334364,
    0.011344718746840954
  ],
  "delta": [
    0.3437783122062683,
    0.42853274941444397,
    0.461641401052475,
    0.46547508239746094,
    0.4498840272426605,
    0.4585764706134796,
    0.4645727574825287,
    0.4700084924697876,
    0.4632643163204193,
    0.4564683139324188,
    0.4642122685909271,
    0.4601820409297943,
    0.46892455220222473,
    0.45807546377182007,
    0.4657590687274933,
    0.4641187787055969,
    0.45441025495529175,
    0.4763461947441101,
    0.4603271782398224,
    0.46439194679260254,
    0.4529474377632141,
    0.4604836106300354,
    0.46629413962364197,
    0.4470630884170532,
    0.4674995541572571,
    0.450758159160614,
    0.4323810338973999,
    0.4313012659549713,
    0.4178505539894104,
    0.4175052344799042,
    0.41412097215652466,
    0.4220658838748932,
    0.4174748361110687
  ],
  "critic_loss": [
    0.07562396675348282,
    0.10352838784456253,
    0.11087708920240402,
    0.1111769899725914,
    0.10574551671743393,
    0.10853517800569534,
    0.10978875309228897,
    0.1119491383433342,
    0.1098373681306839,
    0.10612551867961884,
    0.10917474329471588,
    0.10796886682510376,
    0.11121105402708054,
    0.10628136992454529,
    0.10961596667766571,
    0.10874971747398376,
    0.10435787588357925,
    0.11444277316331863,
    0.10692629218101501,
    0.10888628661632538,
    0.10367176681756973,
    0.10691901296377182,
    0.10949356108903885,
    0.10079587250947952,
    0.1100521832704544,
    0.10252167284488678,
    0.09444397687911987,
    0.09400821477174759,
    0.08827145397663116,
    0.0883716270327568,
    0.08667856454849243,
    0.08996111899614334,
    0.08785993605852127
  ],
  "entropy_adjusted": [
    5.546023203351069e-06,
    4.8989431888912804e-06,
    5.214424163568765e-06,
    4.0553923099651e-06,
    4.588293904816965e-06,
    5.845408395543927e-06,
    3.7414363305288134e-06,
    5.313161636877339e-06,
    4.32220849688747e-06,
    4.224152235110523e-06,
    4.601176897267578e-06,
    5.245073680271162e-06,
    4.588336651067948e-06,
    3.7948930184938945e-06,
    4.686424290412106e-06,
    4.0378154153586365e-06,
    3.172618335156585e-06,
    3.982236194133293e-06,
    3.4371166748314863e-06,
    4.030322998005431e-06,
    3.536868462106213e-06,
    3.452736109466059e-06,
    3.676887672554585e-06,
    4.240046109771356e-06,
    3.0958874503994593e-06,
    3.4408435567456763e-06,
    3.8875159589224495e-06,
    3.2150371680472745e-06,
    3.0133812742860755e-06,
    3.0162179882609053e-06,
    3.1439583381143166e-06,
    3.5260911772638792e-06,
    1.631628265386098e-06
  ],
  "actor_loss": [
    3.704186838149326e-06,
    4.616917522071162e-06,
    5.292836249282118e-06,
    3.7294462345016655e-06,
    4.287859155738261e-06,
    6.434175247704843e-06,
    3.379088639121619e-06,
    6.287582436925732e-06,
    4.5959486669744365e-06,
    4.316934791859239e-06,
    4.674386218539439e-06,
    5.6887879509304184e-06,
    4.562059984891675e-06,
    3.329569153720513e-06,
    5.490515377459815e-06,
    3.8898151615285315e-06,
    3.215711103621288e-06,
    3.286069159003091e-06,
    3.4232173220516415e-06,
    4.0116206037055235e-06,
    3.129737024210044e-06,
    3.315971298434306e-06,
    4.279299446352525e-06,
    4.338596681918716e-06,
    2.813700575643452e-06,
    3.392101689314586e-06,
    3.891645064868499e-06,
    3.2152747735381126e-06,
    2.54570591096126e-06,
    3.154793830617564e-06,
    2.7863134164363146e-06,
    2.8616248073376482e-06,
    1.6229969332925975e-06
  ]
}