{
  "global_step": [
    4125,
    4126,
    4127,
    4128,
    4129,
    4130,
    4131,
    4132,
    4133,
    4134,
    4135,
    4136,
    4137,
    4138,
    4139,
    4140,
    4141,
    4142,
    4143,
    4144,
    4145,
    4146,
    4147,
    4148,
    4149,
    4150,
    4151,
    4152,
    4153,
    4154,
    4155,
    4156,
    4157
  ],
  "experience_step": [
    32,
    32,
    32,
    32,
    32,
    32,
    32,
    32,
    32,
    32,
    32,
    32,
    32,
    32,
    32,
    32,
    32,
    32,
    32,
    32,
    32,
    32,
    32,
    32,
    32,
    32,
    32,
    32,
    32,
    32,
    32,
    32,
    8
  ],
  "rewards": [
    0.40022194385528564,
    0.4759361147880554,
    0.4943498373031616,
    0.5069200396537781,
    0.49999070167541504,
    0.5086604952812195,
    0.5119854807853699,
    0.508333146572113,
    0.5028437972068787,
    0.5079755187034607,
    0.5082122683525085,
    0.5058124661445618,
    0.5127305388450623,
    0.5086652636528015,
    0.505695641040802,
    0.5137253403663635,
    0.5067279934883118,
    0.5233235359191895,
    0.5236252546310425,
    0.5067048668861389,
    0.503048300743103,
    0.5053766965866089,
    0.4940239191055298,
    0.49003922939300537,
    0.500379741191864,
    0.5004888772964478,
    0.48082050681114197,
    0.47417935729026794,
    0.48282602429389954,
    0.4617919325828552,
    0.46765461564064026,
    0.4508759379386902,
    0.4670480191707611
  ],
  "stockouts": [
    0.01974431797862053,
    0.024857955053448677,
    0.009232954122126102,
    0.006107954774051905,
    0.010085226967930794,
    0.006534090731292963,
    0.0032670453656464815,
    0.002414772752672434,
    0.004119317978620529,
    0.0031250000465661287,
    0.0031250000465661287,
    0.0038352273404598236,
    0.001704545458778739,
    0.001704545458778739,
    0.0014204545877873898,
    0.0011363636003807187,
    0.0007102272938936949,
    0.00042613636469468474,
    0.0008522727293893695,
    0.0007102272938936949,
    0.0007102272938936949,
    0.0007102272938936949,
    0.0002840909000951797,
    0.00042613636469468474,
    0.00014204545004758984,
    0.00014204545004758984,
    0.00014204545004758984,
    0.00042613636469468474,
    0.0,
    0.00014204545004758984,
    0.0,
    0.0,
    0.0
  ],
  "waste": [
    0.009912922978401184,
    0.009100192226469517,
    0.00944408681243658,
    0.009482703171670437,
    0.009337649680674076,
    0.009493743069469929,
    0.009642663411796093,
    0.009631712920963764,
    0.009625629521906376,
    0.009811706840991974,
    0.00979945994913578,
    0.009781545028090477,
    0.009796208702027798,
    0.009760729037225246,
    0.009887835942208767,
    0.009932398796081543,
    0.010033315978944302,
    0.009928068146109581,
    0.00995582528412342,
    0.009839910082519054,
    0.009970081970095634,
    0.009870866313576698,
    0.010056319646537304,
    0.01014653593301773,
    0.010168765671551228,
    0.010173134505748749,
    0.01034075953066349,
    0.010454398579895496,
    0.010545413009822369,
    0.010752629488706589,
    0.010471047833561897,
    0.010805672034621239,
    0.011054483242332935
  ],
  "delta": [
    0.3532017767429352,
    0.43073001503944397,
    0.44786661863327026,
    0.459687203168869,
    0.45352664589881897,
    0.46159493923187256,
    0.46541497111320496,
    0.4619961678981781,
    0.45632150769233704,
    0.4608628749847412,
    0.4611959159374237,
    0.45904672145843506,
    0.466212660074234,
    0.46105748414993286,
    0.45846977829933167,
    0.4673362076282501,
    0.4593007564544678,
    0.47617000341415405,
    0.47633904218673706,
    0.45984965562820435,
    0.4559023082256317,
    0.45864006876945496,
    0.44725653529167175,
    0.44333142042160034,
    0.453639417886734,
    0.4527777135372162,
    0.4344407021999359,
    0.4277395009994507,
    0.4352124333381653,
    0.41467970609664917,
    0.42037639021873474,
    0.403638631105423,
    0.4195074737071991
  ],
  "critic_loss": [
    0.0815804973244667,
    0.10606694966554642,
    0.10592745989561081,
    0.10925628989934921,
    0.10914012044668198,
    0.11104890704154968,
    0.11057905107736588,
    0.10882733017206192,
    0.10702773183584213,
    0.10838340222835541,
    0.10871228575706482,
    0.10828059911727905,
    0.11035548150539398,
    0.10792216658592224,
    0.10642307996749878,
    0.11059873551130295,
    0.10664024204015732,
    0.11435233056545258,
    0.11471270024776459,
    0.10701069980859756,
    0.10516845434904099,
    0.10625849664211273,
    0.1009695753455162,
    0.09938468784093857,
    0.10382585227489471,
    0.10353819280862808,
    0.09527457505464554,
    0.09260956197977066,
    0.09550938010215759,
    0.0871892049908638,
    0.08948133140802383,
    0.08254402130842209,
    0.08882691711187363
  ],
  "entropy_adjusted": [
    5.736631919717183e-06,
    7.4812078310060315e-06,
    5.9377543948357925e-06,
    6.9875522967777215e-06,
    7.096510216797469e-06,
    5.463314664666541e-06,
    6.9626630647690035e-06,
    7.1410281634598505e-06,
    7.043047844490502e-06,
    6.147139174572658e-06,
    6.59137458569603e-06,
    5.520017566595925e-06,
    6.395605396392057e-06,
    6.318727628240595e-06,
    5.450802746054251e-06,
    5.198095095693134e-06,
    5.563524609897286e-06,
    4.190171239315532e-06,
    5.631528438243549e-06,
    5.843074177391827e-06,
    5.978785338811576e-06,
    4.70831082566292e-06,
    6.193932222231524e-06,
    5.224002961767837e-06,
    4.3607606130535714e-06,
    3.4530082757555647e-06,
    4.187296781310579e-06,
    4.641689884010702e-06,
    3.481320845821756e-06,
    4.85430246044416e-06,
    3.788560889006476e-06,
    4.140970759181073e-06,
    2.882009994209511e-06
  ],
  "actor_loss": [
    4.290258402761538e-06,
    7.208036549855024e-06,
    5.465145932248561e-06,
    7.521098268625792e-06,
    7.545581865997519e-06,
    5.490924650075613e-06,
    7.140994057408534e-06,
    7.168752290453995e-06,
    6.649429906246951e-06,
    7.07727849658113e-06,
    6.572116035385989e-06,
    5.142532700119773e-06,
    7.575871677545365e-06,
    7.195146736194147e-06,
    5.276363026496256e-06,
    6.297786512732273e-06,
    5.7545912568457425e-06,
    5.041573786002118e-06,
    5.9868757489311974e-06,
    5.77176479055197e-06,
    6.788100108678918e-06,
    5.215493274590699e-06,
    7.069644198054448e-06,
    4.79683239973383e-06,
    4.0887230170483235e-06,
    3.5059199490206083e-06,
    4.257171440258389e-06,
    4.348281436250545e-06,
    2.8638016829063417e-06,
    4.159623586019734e-06,
    3.3170524602610385e-06,
    3.3926917240023613e-06,
    2.7136093194712885e-06
  ]
}