{
  "global_step": [
    4752,
    4753,
    4754,
    4755,
    4756,
    4757,
    4758,
    4759,
    4760,
    4761,
    4762,
    4763,
    4764,
    4765,
    4766,
    4767,
    4768,
    4769,
    4770,
    4771,
    4772,
    4773,
    4774,
    4775,
    4776,
    4777,
    4778,
    4779,
    4780,
    4781,
    4782,
    4783,
    4784
  ],
  "experience_step": [
    32,
    32,
    32,
    32,
    32,
    32,
    32,
    32,
    32,
    32,
    32,
    32,
    32,
    32,
    32,
    32,
    32,
    32,
    32,
    32,
    32,
    32,
    32,
    32,
    32,
    32,
    32,
    32,
    32,
    32,
    32,
    32,
    8
  ],
  "rewards": [
    0.40465569496154785,
    0.4818998873233795,
    0.5145032405853271,
    0.5126388669013977,
    0.5033653378486633,
    0.5129953026771545,
    0.5181078910827637,
    0.5245316624641418,
    0.5125651359558105,
    0.5296939611434937,
    0.5233479142189026,
    0.5217739343643188,
    0.5152222514152527,
    0.5203250050544739,
    0.5190504193305969,
    0.5186586380004883,
    0.5272268056869507,
    0.5305498242378235,
    0.5207470059394836,
    0.5229827165603638,
    0.5190893411636353,
    0.5211966037750244,
    0.5126776099205017,
    0.5087695121765137,
    0.5177251696586609,
    0.49827852845191956,
    0.47860968112945557,
    0.4939543306827545,
    0.496074378490448,
    0.4744069278240204,
    0.47624918818473816,
    0.4857199788093567,
    0.46074002981185913
  ],
  "stockouts": [
    0.02130681835114956,
    0.025142045691609383,
    0.007954545319080353,
    0.005397727247327566,
    0.010369318537414074,
    0.00639204541221261,
    0.0031250000465661287,
    0.004119317978620529,
    0.005681818351149559,
    0.0022727272007614374,
    0.0038352273404598236,
    0.003409090917557478,
    0.0015625000232830644,
    0.0015625000232830644,
    0.0015625000232830644,
    0.0011363636003807187,
    0.0011363636003807187,
    0.00042613636469468474,
    0.0014204545877873898,
    0.0008522727293893695,
    0.0011363636003807187,
    0.0007102272938936949,
    0.00014204545004758984,
    0.00014204545004758984,
    0.0002840909000951797,
    0.00014204545004758984,
    0.00014204545004758984,
    0.0,
    0.0,
    0.0002840909000951797,
    0.0002840909000951797,
    0.0,
    0.0
  ],
  "waste": [
    0.009723975323140621,
    0.00884158629924059,
    0.009255846962332726,
    0.009199398569762707,
    0.009123708121478558,
    0.009296467527747154,
    0.00938576553016901,
    0.009388200007379055,
    0.009403694421052933,
    0.009412798099219799,
    0.009484944865107536,
    0.009487723931670189,
    0.009568467736244202,
    0.009570206515491009,
    0.00959299597889185,
    0.009759816341102123,
    0.009599696844816208,
    0.009617996402084827,
    0.009894898161292076,
    0.009639276191592216,
    0.009723284281790257,
    0.009758777916431427,
    0.009692399762570858,
    0.009938261471688747,
    0.009916793555021286,
    0.009828012436628342,
    0.010157457552850246,
    0.010029658675193787,
    0.010113213211297989,
    0.01021045632660389,
    0.010032502934336662,
    0.010119080543518066,
    0.010318235494196415
  ],
  "delta": [
    0.3509931266307831,
    0.4291912317276001,
    0.4617479145526886,
    0.4598051607608795,
    0.4504203796386719,
    0.4593745470046997,
    0.46566468477249146,
    0.4719133675098419,
    0.4597644507884979,
    0.4764540493488312,
    0.4713408648967743,
    0.4687991142272949,
    0.46204376220703125,
    0.46774688363075256,
    0.46559906005859375,
    0.46670177578926086,
    0.47363004088401794,
    0.4771309196949005,
    0.46808114647865295,
    0.47031810879707336,
    0.46607381105422974,
    0.468063086271286,
    0.45979613065719604,
    0.4561924636363983,
    0.46351122856140137,
    0.444805383682251,
    0.4258820414543152,
    0.4405222535133362,
    0.44304442405700684,
    0.4206165671348572,
    0.42288002371788025,
    0.4330178201198578,
    0.40671002864837646
  ],
  "critic_loss": [
    0.08016418665647507,
    0.10555019229650497,
    0.11181304603815079,
    0.10885383933782578,
    0.10749015212059021,
    0.10916881263256073,
    0.11055134981870651,
    0.1139010488986969,
    0.1089610680937767,
    0.11540395766496658,
    0.11337446421384811,
    0.11234064400196075,
    0.10817603766918182,
    0.11064158380031586,
    0.10977014154195786,
    0.1101735383272171,
    0.11323238909244537,
    0.11476936936378479,
    0.1108822226524353,
    0.1116366907954216,
    0.10973009467124939,
    0.11062263697385788,
    0.10660325735807419,
    0.10495154559612274,
    0.10834153741598129,
    0.09979090094566345,
    0.09174352139234543,
    0.0979142040014267,
    0.09904932230710983,
    0.08961515128612518,
    0.0905136838555336,
    0.0946044996380806,
    0.08335676044225693
  ],
  "entropy_adjusted": [
    4.740096755995182e-06,
    7.078041562635917e-06,
    5.417350621428341e-06,
    6.02239651925629e-06,
    5.0611783990461845e-06,
    5.50056756765116e-06,
    6.550770649482729e-06,
    5.471189979289193e-06,
    5.4815968724142294e-06,
    5.4503152568941005e-06,
    5.838138804392656e-06,
    5.319691808836069e-06,
    5.659037469740724e-06,
    4.818098659598036e-06,
    5.6852668421925046e-06,
    4.75447450298816e-06,
    5.560451427299995e-06,
    4.161774086242076e-06,
    5.594327376456931e-06,
    5.00380338053219e-06,
    3.510366468617576e-06,
    4.390674803289585e-06,
    4.7397475100297015e-06,
    4.19571051679668e-06,
    4.385678948892746e-06,
    3.861078312183963e-06,
    4.0133750189852435e-06,
    3.851537258015014e-06,
    3.994464805145981e-06,
    2.616733354443568e-06,
    3.3337876175210113e-06,
    3.2088910302263685e-06,
    3.142801233479986e-06
  ],
  "actor_loss": [
    2.9756959065707633e-06,
    6.604816917388234e-06,
    5.361904641176807e-06,
    5.9117596720170695e-06,
    5.196351139602484e-06,
    5.207542926655151e-06,
    7.474077392544132e-06,
    5.811809387523681e-06,
    5.380982656788547e-06,
    6.444380687753437e-06,
    7.2724387791822664e-06,
    5.56854911337723e-06,
    5.2794125622313e-06,
    5.185465852264315e-06,
    6.7305227275937796e-06,
    5.14379826199729e-06,
    5.7137485782732256e-06,
    4.341696239862358e-06,
    5.902742486796342e-06,
    5.559719738812419e-06,
    2.9464704311976675e-06,
    5.629176030197414e-06,
    5.002893431083066e-06,
    4.347862613940379e-06,
    4.9462014430901036e-06,
    3.674846993817482e-06,
    4.01569195673801e-06,
    4.060326773469569e-06,
    3.7869247080379864e-06,
    2.150735326722497e-06,
    2.7717937882698607e-06,
    2.4856033178366488e-06,
    1.8617503201312502e-06
  ]
}