{
  "global_step": [
    19437,
    19438,
    19439,
    19440,
    19441,
    19442,
    19443,
    19444,
    19445,
    19446,
    19447,
    19448,
    19449,
    19450,
    19451,
    19452,
    19453,
    19454,
    19455,
    19456,
    19457,
    19458,
    19459,
    19460,
    19461,
    19462,
    19463,
    19464,
    19465,
    19466,
    19467,
    19468,
    19469
  ],
  "experience_step": [
    32,
    32,
    32,
    32,
    32,
    32,
    32,
    32,
    32,
    32,
    32,
    32,
    32,
    32,
    32,
    32,
    32,
    32,
    32,
    32,
    32,
    32,
    32,
    32,
    32,
    32,
    32,
    32,
    32,
    32,
    32,
    32,
    8
  ],
  "rewards": [
    0.4126830995082855,
    0.5049971342086792,
    0.5285930037498474,
    0.5377424359321594,
    0.5303034782409668,
    0.5352964401245117,
    0.5429266691207886,
    0.5445714592933655,
    0.5373334288597107,
    0.5443459153175354,
    0.543515145778656,
    0.5431703329086304,
    0.5489488840103149,
    0.549404501914978,
    0.5476194620132446,
    0.5512111783027649,
    0.5427634716033936,
    0.5494462251663208,
    0.5484384298324585,
    0.5552015900611877,
    0.5494459867477417,
    0.5455255508422852,
    0.5405158400535583,
    0.5398898124694824,
    0.5490068793296814,
    0.5479602217674255,
    0.5372002124786377,
    0.5413804650306702,
    0.5414040088653564,
    0.5182532668113708,
    0.503727376461029,
    0.5130895376205444,
    0.513227105140686
  ],
  "stockouts": [
    0.031534090638160706,
    0.036221589893102646,
    0.014914772473275661,
    0.01065340917557478,
    0.01605113595724106,
    0.011789772659540176,
    0.008096590638160706,
    0.005539772566407919,
    0.008238635957241058,
    0.005823863670229912,
    0.00639204541221261,
    0.006960227154195309,
    0.004829545505344868,
    0.0031250000465661287,
    0.002414772752672434,
    0.001988636329770088,
    0.002414772752672434,
    0.0022727272007614374,
    0.002698863623663783,
    0.002414772752672434,
    0.001704545458778739,
    0.001704545458778739,
    0.0014204545877873898,
    0.0007102272938936949,
    0.00042613636469468474,
    0.0005681818001903594,
    0.0005681818001903594,
    0.0005681818001903594,
    0.00042613636469468474,
    0.0005681818001903594,
    0.0005681818001903594,
    0.0005681818001903594,
    0.0
  ],
  "waste": [
    0.008001820184290409,
    0.0068491254933178425,
    0.0070525105111300945,
    0.0071040489710867405,
    0.007026268169283867,
    0.007112196180969477,
    0.00715632876381278,
    0.007232877891510725,
    0.00720747048035264,
    0.007217523641884327,
    0.007289194501936436,
    0.0072541856206953526,
    0.0073236990720033646,
    0.007401755545288324,
    0.007438669912517071,
    0.007365801837295294,
    0.007594518829137087,
    0.007525174412876368,
    0.007469629868865013,
    0.007396278437227011,
    0.007606751285493374,
    0.007607051637023687,
    0.007803776767104864,
    0.0077455295249819756,
    0.007611092645674944,
    0.007832606323063374,
    0.007864244282245636,
    0.007891574874520302,
    0.008024736307561398,
    0.008125714026391506,
    0.008266324177384377,
    0.008353061974048615,
    0.008415809832513332
  ],
  "delta": [
    0.21241004765033722,
    0.3114610016345978,
    0.33239203691482544,
    0.34103110432624817,
    0.33228403329849243,
    0.33898282051086426,
    0.3464893102645874,
    0.3478944003582001,
    0.3410065174102783,
    0.347135454416275,
    0.3465659022331238,
    0.346512109041214,
    0.35205599665641785,
    0.3525272309780121,
    0.3512672185897827,
    0.35448595881462097,
    0.3459630012512207,
    0.3528580367565155,
    0.3521246612071991,
    0.35775962471961975,
    0.3521442413330078,
    0.3485835790634155,
    0.34387338161468506,
    0.3429867923259735,
    0.35212185978889465,
    0.3511911630630493,
    0.34002500772476196,
    0.34396854043006897,
    0.34421414136886597,
    0.32063528895378113,
    0.30628350377082825,
    0.3161337375640869,
    0.3166593015193939
  ],
  "critic_loss": [
    0.040375370532274246,
    0.057709597051143646,
    0.059622086584568024,
    0.06117924675345421,
    0.060084715485572815,
    0.060772884637117386,
    0.06218469887971878,
    0.06226275488734245,
    0.06048750504851341,
    0.06229226663708687,
    0.06214508041739464,
    0.06236445531249046,
    0.06354784220457077,
    0.06326857209205627,
    0.06261919438838959,
    0.06374836713075638,
    0.060908470302820206,
    0.06324443221092224,
    0.0631549283862114,
    0.06501483172178268,
    0.06296350061893463,
    0.061612315475940704,
    0.060021720826625824,
    0.05946440249681473,
    0.06254605203866959,
    0.06223896145820618,
    0.05851999297738075,
    0.059786904603242874,
    0.059829242527484894,
    0.052183471620082855,
    0.047655679285526276,
    0.050582755357027054,
    0.05093108490109444
  ],
  "entropy_adjusted": [
    1.6921326277952176e-06,
    1.8526094436310814e-06,
    1.3237739722171682e-06,
    1.3203966773289721e-06,
    1.2111293017369462e-06,
    1.2112423064536415e-06,
    1.4602205737901386e-06,
    1.228750647896959e-06,
    1.1492312523841974e-06,
    1.5412442735396326e-06,
    5.945099701420986e-07,
    1.6403670315412455e-06,
    1.8624206177264568e-06,
    1.0178400771110319e-06,
    1.705062231849297e-06,
    1.0790272426675074e-06,
    1.0165047115151538e-06,
    4.814979774891981e-07,
    8.327772320626536e-07,
    7.866976829973282e-07,
    7.931220693535579e-07,
    1.151277047028998e-06,
    1.1100030405941652e-06,
    7.269954380717536e-07,
    9.539453458273783e-07,
    4.2137841660405684e-07,
    1.1669847026496427e-06,
    8.099765409497195e-07,
    3.973080993091571e-07,
    6.345365477500309e-07,
    1.0345652299292851e-06,
    1.019417595671257e-06,
    4.845931016461691e-07
  ],
  "actor_loss": [
    7.043661867101036e-07,
    1.1017945098501514e-06,
    7.662186476409261e-07,
    9.219253342962475e-07,
    4.88294688238966e-07,
    7.910486488071911e-07,
    9.281996540266846e-07,
    5.404502871897421e-07,
    6.009881872159895e-07,
    1.0007310038417927e-06,
    2.70884697783913e-07,
    8.591151754444581e-07,
    1.3824150073560304e-06,
    6.541798711623414e-07,
    1.3652963843924226e-06,
    7.370699108832923e-07,
    4.5108325252840586e-07,
    2.1821267637278652e-07,
    4.6667028641422803e-07,
    3.1571303793498373e-07,
    5.182051268093346e-07,
    8.232088362092327e-07,
    8.266964641734376e-07,
    2.9624700914610003e-07,
    4.2654357912397245e-07,
    1.9541118945198832e-07,
    7.055296578073467e-07,
    4.5126225245439855e-07,
    1.6664276358824281e-07,
    4.1198256894858787e-07,
    5.742858206758683e-07,
    6.183926188896294e-07,
    2.3314665043017158e-07
  ]
}