{
  "global_step": [
    891,
    892,
    893,
    894,
    895,
    896,
    897,
    898,
    899,
    900,
    901,
    902,
    903,
    904,
    905,
    906,
    907,
    908,
    909,
    910,
    911,
    912,
    913,
    914,
    915,
    916,
    917,
    918,
    919,
    920,
    921,
    922,
    923
  ],
  "experience_step": [
    32,
    32,
    32,
    32,
    32,
    32,
    32,
    32,
    32,
    32,
    32,
    32,
    32,
    32,
    32,
    32,
    32,
    32,
    32,
    32,
    32,
    32,
    32,
    32,
    32,
    32,
    32,
    32,
    32,
    32,
    32,
    32,
    8
  ],
  "rewards": [
    0.316746324300766,
    0.3752964735031128,
    0.4075789153575897,
    0.4260701835155487,
    0.3999788463115692,
    0.4243524670600891,
    0.423632949590683,
    0.4309517741203308,
    0.424758642911911,
    0.4197564423084259,
    0.4356568157672882,
    0.42601388692855835,
    0.43294304609298706,
    0.4350302815437317,
    0.42618224024772644,
    0.40997329354286194,
    0.40219831466674805,
    0.4171413779258728,
    0.4108888506889343,
    0.40767666697502136,
    0.40565505623817444,
    0.4114358425140381,
    0.39568281173706055,
    0.41754019260406494,
    0.3930106461048126,
    0.38866397738456726,
    0.3783794045448303,
    0.3662184774875641,
    0.3541361093521118,
    0.34651076793670654,
    0.3476588726043701,
    0.35113927721977234,
    0.3208223879337311
  ],
  "stockouts": [
    0.01775568164885044,
    0.02130681835114956,
    0.005539772566407919,
    0.004119317978620529,
    0.007386363577097654,
    0.004403409082442522,
    0.0018465908942744136,
    0.002414772752672434,
    0.0035511364694684744,
    0.0021306818816810846,
    0.0018465908942744136,
    0.0031250000465661287,
    0.0011363636003807187,
    0.0011363636003807187,
    0.000994318164885044,
    0.00042613636469468474,
    0.00014204545004758984,
    0.0005681818001903594,
    0.00042613636469468474,
    0.00014204545004758984,
    0.00042613636469468474,
    0.0002840909000951797,
    0.0002840909000951797,
    0.0,
    0.00014204545004758984,
    0.0,
    0.0,
    0.00014204545004758984,
    0.00014204545004758984,
    0.0,
    0.0,
    0.00014204545004758984,
    0.0
  ],
  "waste": [
    0.012341702356934547,
    0.012411761097609997,
    0.01294403150677681,
    0.01317125279456377,
    0.01279541477560997,
    0.013013067655265331,
    0.013222135603427887,
    0.013408500701189041,
    0.013381270691752434,
    0.013537967577576637,
    0.013364276848733425,
    0.013475834392011166,
    0.013591284863650799,
    0.013555300422012806,
    0.013775214552879333,
    0.013773227110505104,
    0.013965719379484653,
    0.013749809935688972,
    0.014066784642636776,
    0.013913225382566452,
    0.014247054234147072,
    0.014078790321946144,
    0.014195864088833332,
    0.01437956839799881,
    0.014332908205688,
    0.014433303847908974,
    0.01472660806030035,
    0.014693322591483593,
    0.01469719223678112,
    0.01464054360985756,
    0.01451192144304514,
    0.0148106524720788,
    0.014985347166657448
  ],
  "delta": [
    0.29252976179122925,
    0.3568551242351532,
    0.38528603315353394,
    0.40156084299087524,
    0.38181063532829285,
    0.40802955627441406,
    0.4029490649700165,
    0.4172245264053345,
    0.4067821800708771,
    0.4003622531890869,
    0.41730746626853943,
    0.4047584533691406,
    0.4105004072189331,
    0.4152107238769531,
    0.4069063067436218,
    0.3884550631046295,
    0.3833191692829132,
    0.40400806069374084,
    0.3869626820087433,
    0.383281946182251,
    0.38154810667037964,
    0.3901805579662323,
    0.3750780522823334,
    0.3984963893890381,
    0.3639877438545227,
    0.3782527446746826,
    0.3558521568775177,
    0.35571742057800293,
    0.33166906237602234,
    0.32068246603012085,
    0.3270132541656494,
    0.3354305028915405,
    0.29348546266555786
  ],
  "critic_loss": [
    0.14822426438331604,
    0.14886939525604248,
    0.14189112186431885,
    0.1429600566625595,
    0.1470405012369156,
    0.14597192406654358,
    0.1397262066602707,
    0.14715710282325745,
    0.14493657648563385,
    0.13554219901561737,
    0.13968852162361145,
    0.13839757442474365,
    0.13615623116493225,
    0.13727134466171265,
    0.1340903341770172,
    0.12353392690420151,
    0.12354772537946701,
    0.12999098002910614,
    0.12208191305398941,
    0.12394671142101288,
    0.12233779579401016,
    0.12448552995920181,
    0.11751526594161987,
    0.12610794603824615,
    0.1128387600183487,
    0.11820591986179352,
    0.10857951641082764,
    0.10957156121730804,
    0.10274174064397812,
    0.09643293172121048,
    0.09758071601390839,
    0.09987912327051163,
    0.08549891412258148
  ],
  "entropy_adjusted": [
    1.8899190763477236e-05,
    1.8330891180085018e-05,
    1.6229327229666524e-05,
    1.6255791706498712e-05,
    1.5269855794031173e-05,
    1.6876259905984625e-05,
    1.6719945051590912e-05,
    1.6205791325774044e-05,
    1.73247026395984e-05,
    1.7747419406077825e-05,
    1.72585278050974e-05,
    1.696845174592454e-05,
    1.45421417983016e-05,
    1.5117797374841757e-05,
    1.4612606719310861e-05,
    1.6761421647970565e-05,
    1.5245473150571343e-05,
    1.463200260332087e-05,
    1.698716005194001e-05,
    1.4922708032827359e-05,
    1.5436071407748386e-05,
    1.2291562597965822e-05,
    1.4319136425910983e-05,
    1.4947603631298989e-05,
    1.2316821994318161e-05,
    1.3538667190005071e-05,
    1.3594270058092661e-05,
    1.2450514077499975e-05,
    1.1227077266084962e-05,
    1.2007281839032657e-05,
    1.221863476530416e-05,
    1.0852008017536718e-05,
    1.1860395716212224e-05
  ],
  "actor_loss": [
    2.2128690034151077e-05,
    2.6908901418210007e-05,
    1.8558232113718987e-05,
    1.919943133543711e-05,
    1.8550044842413627e-05,
    2.2249696485232562e-05,
    2.5223440388799645e-05,
    2.135888826160226e-05,
    2.8438314984668978e-05,
    2.3339078325079754e-05,
    2.5472685592831112e-05,
    1.9598570361267775e-05,
    1.5656594769097865e-05,
    1.819262615754269e-05,
    1.7997508621192537e-05,
    2.0680365196312778e-05,
    1.922371120599564e-05,
    1.4360574823513161e-05,
    2.0866025806753896e-05,
    1.892720138130244e-05,
    1.5883008018136024e-05,
    1.094736853701761e-05,
    1.3746190234087408e-05,
    1.997582512558438e-05,
    1.5928104403428733e-05,
    1.51972817548085e-05,
    1.2594519830599893e-05,
    1.2745982530759647e-05,
    1.013175551634049e-05,
    1.1064129466831218e-05,
    9.89113232208183e-06,
    9.702940587885678e-06,
    1.3256700185593218e-05
  ]
}