{
  "global_step": [
    11022,
    11023,
    11024,
    11025,
    11026,
    11027,
    11028,
    11029,
    11030,
    11031,
    11032,
    11033,
    11034,
    11035,
    11036,
    11037,
    11038,
    11039,
    11040,
    11041,
    11042,
    11043,
    11044,
    11045,
    11046,
    11047,
    11048,
    11049,
    11050,
    11051,
    11052,
    11053,
    11054
  ],
  "experience_step": [
    32,
    32,
    32,
    32,
    32,
    32,
    32,
    32,
    32,
    32,
    32,
    32,
    32,
    32,
    32,
    32,
    32,
    32,
    32,
    32,
    32,
    32,
    32,
    32,
    32,
    32,
    32,
    32,
    32,
    32,
    32,
    32,
    8
  ],
  "rewards": [
    0.439242959022522,
    0.5064345598220825,
    0.5352529287338257,
    0.5401778221130371,
    0.5234382152557373,
    0.5387574434280396,
    0.5429761409759521,
    0.5403642058372498,
    0.5403446555137634,
    0.5400190353393555,
    0.544283926486969,
    0.5465061664581299,
    0.5400646328926086,
    0.5450357794761658,
    0.5399720668792725,
    0.5480320453643799,
    0.5298799872398376,
    0.5467802286148071,
    0.5460945963859558,
    0.5342400074005127,
    0.5322856903076172,
    0.5312612652778625,
    0.5392655730247498,
    0.5354815721511841,
    0.5428991317749023,
    0.5246326923370361,
    0.5055728554725647,
    0.5292302966117859,
    0.5219104886054993,
    0.5118682384490967,
    0.5029706954956055,
    0.5161827206611633,
    0.4986003637313843
  ],
  "stockouts": [
    0.017045455053448677,
    0.021022727712988853,
    0.0049715908244252205,
    0.004545454401522875,
    0.005823863670229912,
    0.004119317978620529,
    0.0025568180717527866,
    0.001988636329770088,
    0.002698863623663783,
    0.001988636329770088,
    0.001704545458778739,
    0.002414772752672434,
    0.0012784090358763933,
    0.000994318164885044,
    0.0007102272938936949,
    0.0007102272938936949,
    0.00042613636469468474,
    0.0002840909000951797,
    0.0008522727293893695,
    0.0002840909000951797,
    0.0002840909000951797,
    0.0002840909000951797,
    0.0,
    0.0,
    0.0,
    0.0,
    0.0,
    0.0,
    0.0,
    0.00014204545004758984,
    0.00014204545004758984,
    0.0,
    0.0
  ],
  "waste": [
    0.010847772471606731,
    0.010197831317782402,
    0.010533715598285198,
    0.010695145465433598,
    0.010548977181315422,
    0.010593043640255928,
    0.010710115544497967,
    0.010782881639897823,
    0.010672569274902344,
    0.010791719891130924,
    0.01072410587221384,
    0.010709459893405437,
    0.010732708498835564,
    0.010753903537988663,
    0.01082331221550703,
    0.01078165415674448,
    0.01094086840748787,
    0.010886916890740395,
    0.010874410159885883,
    0.010973564349114895,
    0.010987219400703907,
    0.010922523215413094,
    0.011062594130635262,
    0.011037728749215603,
    0.010849402286112309,
    0.011036391369998455,
    0.011083120480179787,
    0.011036872863769531,
    0.01114966906607151,
    0.011368888430297375,
    0.011252742260694504,
    0.011054807342588902,
    0.011569229885935783
  ],
  "delta": [
    0.3211410641670227,
    0.3934987485408783,
    0.42061522603034973,
    0.4244937002658844,
    0.40883469581604004,
    0.42377984523773193,
    0.427351713180542,
    0.4253426194190979,
    0.4250771403312683,
    0.4247380197048187,
    0.428957462310791,
    0.43181201815605164,
    0.4240226745605469,
    0.4291715919971466,
    0.424335241317749,
    0.43229618668556213,
    0.41414952278137207,
    0.43164268136024475,
    0.43031904101371765,
    0.41852208971977234,
    0.4164472818374634,
    0.4156736135482788,
    0.4228295087814331,
    0.4205798804759979,
    0.42681363224983215,
    0.409163236618042,
    0.3896315097808838,
    0.41363996267318726,
    0.406655877828598,
    0.3961079716682434,
    0.38694727420806885,
    0.4007381498813629,
    0.3825630843639374
  ],
  "critic_loss": [
    0.06308254599571228,
    0.08450806885957718,
    0.09137804806232452,
    0.09187823534011841,
    0.08635266870260239,
    0.09163066744804382,
    0.09247349947690964,
    0.09159930050373077,
    0.09175365418195724,
    0.09133978933095932,
    0.09301955252885818,
    0.09452909231185913,
    0.09094700962305069,
    0.09293920546770096,
    0.0908636823296547,
    0.09426438808441162,
    0.08650574833154678,
    0.09386924654245377,
    0.09344007819890976,
    0.08833380788564682,
    0.08753782510757446,
    0.08720899373292923,
    0.09019079804420471,
    0.0891982838511467,
    0.0918605625629425,
    0.08449582010507584,
    0.07663492858409882,
    0.08630598336458206,
    0.08344542235136032,
    0.07924774289131165,
    0.07574336975812912,
    0.08102145045995712,
    0.07380716502666473
  ],
  "entropy_adjusted": [
    1.2291563962207874e-06,
    1.5910575257294113e-06,
    1.9329183942318195e-06,
    2.841890363924904e-06,
    2.4116252461681142e-06,
    2.0399616005306598e-06,
    2.2957922283239895e-06,
    2.47622642746137e-06,
    2.332728172405041e-06,
    2.3039472125674365e-06,
    2.209994818258565e-06,
    2.293157649546629e-06,
    2.1901332729612477e-06,
    1.9185445125913247e-06,
    2.48455990004004e-06,
    2.3408272227243287e-06,
    1.92428751688567e-06,
    1.8347644754612702e-06,
    1.8509317669668235e-06,
    2.022884245889145e-06,
    1.6342875142072444e-06,
    2.048343048954848e-06,
    1.629013468118501e-06,
    1.4152324183669407e-06,
    1.5565656212856993e-06,
    9.586400437910925e-07,
    1.552384333081136e-06,
    1.6284526509480202e-06,
    1.2545079925985192e-06,
    1.1842709000120522e-06,
    1.5926085552564473e-06,
    1.760267650752212e-06,
    1.1382511502233683e-06
  ],
  "actor_loss": [
    1.0759221140688169e-06,
    1.406681235494034e-06,
    1.8472599094820907e-06,
    2.871718379537924e-06,
    1.6943603213803726e-06,
    1.8026889847533312e-06,
    2.6286863885616185e-06,
    2.4178309558919864e-06,
    2.422576926619513e-06,
    2.472506366757443e-06,
    2.328230948478449e-06,
    2.347224381082924e-06,
    2.187091922678519e-06,
    1.924608795889071e-06,
    2.675236828508787e-06,
    2.4243101961474167e-06,
    1.5097348295967095e-06,
    1.6998593537209672e-06,
    1.7683481701169512e-06,
    1.6625288026261842e-06,
    1.105381443267106e-06,
    1.7711721511659562e-06,
    1.5822781733731972e-06,
    1.0235255558654899e-06,
    1.5597162246194785e-06,
    4.5449937147168384e-07,
    1.2454011084628291e-06,
    1.7581777456143755e-06,
    1.0870342066482408e-06,
    1.0820300531122484e-06,
    1.096606979444914e-06,
    1.3620269783132244e-06,
    1.1989454833383206e-06
  ]
}